2026-05-20 15:43:18 WARN  [HikariPool-1 housekeeper] com.zaxxer.hikari.pool.HikariPool - HikariPool-1 - Thread starvation or clock leap detected (housekeeper delta=15h30m5s882ms286µs799ns).
2026-05-20 16:39:59 INFO  [SpringApplicationShutdownHook] o.s.o.j.LocalContainerEntityManagerFactoryBean - Closing JPA EntityManagerFactory for persistence unit 'default'
2026-05-20 16:39:59 INFO  [SpringApplicationShutdownHook] com.zaxxer.hikari.HikariDataSource - HikariPool-1 - Shutdown initiated...
2026-05-20 16:40:00 INFO  [SpringApplicationShutdownHook] com.zaxxer.hikari.HikariDataSource - HikariPool-1 - Shutdown completed.
2026-05-20 16:42:35 INFO  [background-preinit] o.h.validator.internal.util.Version - HV000001: Hibernate Validator 8.0.1.Final
2026-05-20 16:42:35 INFO  [main] com.plants.api.ApiApplication - Starting ApiApplication using Java 21.0.11 with PID 43668 (C:\Users\kader\plants-medicinales-SaaS\target\classes started by kader in C:\Users\kader\plants-medicinales-SaaS)
2026-05-20 16:42:35 DEBUG [main] com.plants.api.ApiApplication - Running with Spring Boot v3.2.0, Spring v6.1.1
2026-05-20 16:42:35 INFO  [main] com.plants.api.ApiApplication - The following 1 profile is active: "dev"
2026-05-20 16:42:36 INFO  [main] o.s.d.r.c.RepositoryConfigurationDelegate - Multiple Spring Data modules found, entering strict repository configuration mode
2026-05-20 16:42:36 INFO  [main] o.s.d.r.c.RepositoryConfigurationDelegate - Bootstrapping Spring Data JPA repositories in DEFAULT mode.
2026-05-20 16:42:36 INFO  [main] o.s.d.r.c.RepositoryConfigurationDelegate - Finished Spring Data repository scanning in 151 ms. Found 8 JPA repository interfaces.
2026-05-20 16:42:36 INFO  [main] o.s.d.r.c.RepositoryConfigurationDelegate - Multiple Spring Data modules found, entering strict repository configuration mode
2026-05-20 16:42:36 INFO  [main] o.s.d.r.c.RepositoryConfigurationDelegate - Bootstrapping Spring Data Redis repositories in DEFAULT mode.
2026-05-20 16:42:36 INFO  [main] o.s.d.r.c.RepositoryConfigurationExtensionSupport - Spring Data Redis - Could not safely identify store assignment for repository candidate interface com.plants.api.repositories.AffiliateClickRepository; If you want this repository to be a Redis repository, consider annotating your entities with one of these annotations: org.springframework.data.redis.core.RedisHash (preferred), or consider extending one of the following types with your repository: org.springframework.data.keyvalue.repository.KeyValueRepository
2026-05-20 16:42:36 INFO  [main] o.s.d.r.c.RepositoryConfigurationExtensionSupport - Spring Data Redis - Could not safely identify store assignment for repository candidate interface com.plants.api.repositories.AffiliateProductRepository; If you want this repository to be a Redis repository, consider annotating your entities with one of these annotations: org.springframework.data.redis.core.RedisHash (preferred), or consider extending one of the following types with your repository: org.springframework.data.keyvalue.repository.KeyValueRepository
2026-05-20 16:42:36 INFO  [main] o.s.d.r.c.RepositoryConfigurationExtensionSupport - Spring Data Redis - Could not safely identify store assignment for repository candidate interface com.plants.api.repositories.ArticleRepository; If you want this repository to be a Redis repository, consider annotating your entities with one of these annotations: org.springframework.data.redis.core.RedisHash (preferred), or consider extending one of the following types with your repository: org.springframework.data.keyvalue.repository.KeyValueRepository
2026-05-20 16:42:36 INFO  [main] o.s.d.r.c.RepositoryConfigurationExtensionSupport - Spring Data Redis - Could not safely identify store assignment for repository candidate interface com.plants.api.repositories.CommentRepository; If you want this repository to be a Redis repository, consider annotating your entities with one of these annotations: org.springframework.data.redis.core.RedisHash (preferred), or consider extending one of the following types with your repository: org.springframework.data.keyvalue.repository.KeyValueRepository
2026-05-20 16:42:36 INFO  [main] o.s.d.r.c.RepositoryConfigurationExtensionSupport - Spring Data Redis - Could not safely identify store assignment for repository candidate interface com.plants.api.repositories.FavoriteRepository; If you want this repository to be a Redis repository, consider annotating your entities with one of these annotations: org.springframework.data.redis.core.RedisHash (preferred), or consider extending one of the following types with your repository: org.springframework.data.keyvalue.repository.KeyValueRepository
2026-05-20 16:42:36 INFO  [main] o.s.d.r.c.RepositoryConfigurationExtensionSupport - Spring Data Redis - Could not safely identify store assignment for repository candidate interface com.plants.api.repositories.OilRepository; If you want this repository to be a Redis repository, consider annotating your entities with one of these annotations: org.springframework.data.redis.core.RedisHash (preferred), or consider extending one of the following types with your repository: org.springframework.data.keyvalue.repository.KeyValueRepository
2026-05-20 16:42:36 INFO  [main] o.s.d.r.c.RepositoryConfigurationExtensionSupport - Spring Data Redis - Could not safely identify store assignment for repository candidate interface com.plants.api.repositories.PlantRepository; If you want this repository to be a Redis repository, consider annotating your entities with one of these annotations: org.springframework.data.redis.core.RedisHash (preferred), or consider extending one of the following types with your repository: org.springframework.data.keyvalue.repository.KeyValueRepository
2026-05-20 16:42:36 INFO  [main] o.s.d.r.c.RepositoryConfigurationExtensionSupport - Spring Data Redis - Could not safely identify store assignment for repository candidate interface com.plants.api.repositories.UserRepository; If you want this repository to be a Redis repository, consider annotating your entities with one of these annotations: org.springframework.data.redis.core.RedisHash (preferred), or consider extending one of the following types with your repository: org.springframework.data.keyvalue.repository.KeyValueRepository
2026-05-20 16:42:36 INFO  [main] o.s.d.r.c.RepositoryConfigurationDelegate - Finished Spring Data repository scanning in 6 ms. Found 0 Redis repository interfaces.
2026-05-20 16:42:37 INFO  [main] o.s.b.w.e.tomcat.TomcatWebServer - Tomcat initialized with port 8080 (http)
2026-05-20 16:42:37 INFO  [main] o.a.coyote.http11.Http11NioProtocol - Initializing ProtocolHandler ["http-nio-8080"]
2026-05-20 16:42:37 INFO  [main] o.a.catalina.core.StandardService - Starting service [Tomcat]
2026-05-20 16:42:37 INFO  [main] o.a.catalina.core.StandardEngine - Starting Servlet engine: [Apache Tomcat/10.1.16]
2026-05-20 16:42:37 INFO  [main] o.a.c.c.C.[Tomcat].[localhost].[/] - Initializing Spring embedded WebApplicationContext
2026-05-20 16:42:37 INFO  [main] o.s.b.w.s.c.ServletWebServerApplicationContext - Root WebApplicationContext: initialization completed in 2142 ms
2026-05-20 16:42:37 INFO  [main] o.h.jpa.internal.util.LogHelper - HHH000204: Processing PersistenceUnitInfo [name: default]
2026-05-20 16:42:37 INFO  [main] org.hibernate.Version - HHH000412: Hibernate ORM core version 6.3.1.Final
2026-05-20 16:42:37 INFO  [main] o.h.c.i.RegionFactoryInitiator - HHH000026: Second-level cache disabled
2026-05-20 16:42:37 INFO  [main] o.s.o.j.p.SpringPersistenceUnitInfo - No LoadTimeWeaver setup: ignoring JPA class transformer
2026-05-20 16:42:37 INFO  [main] com.zaxxer.hikari.HikariDataSource - HikariPool-1 - Starting...
2026-05-20 16:42:38 INFO  [main] com.zaxxer.hikari.pool.HikariPool - HikariPool-1 - Added connection org.postgresql.jdbc.PgConnection@25b8f9d2
2026-05-20 16:42:38 INFO  [main] com.zaxxer.hikari.HikariDataSource - HikariPool-1 - Start completed.
2026-05-20 16:42:38 WARN  [main] org.hibernate.orm.deprecation - HHH90000025: PostgreSQLDialect does not need to be specified explicitly using 'hibernate.dialect' (remove the property setting and it will be selected by default)
2026-05-20 16:42:39 INFO  [main] o.h.e.t.j.p.i.JtaPlatformInitiator - HHH000489: No JTA platform available (set 'hibernate.transaction.jta.platform' to enable JTA platform integration)
2026-05-20 16:42:39 DEBUG [main] org.hibernate.SQL - 
    alter table if exists favorites 
       drop constraint if exists UKiqrim0q4v66vbqrcsyhi7tv82
2026-05-20 16:42:39 WARN  [main] o.h.e.jdbc.spi.SqlExceptionHelper - SQL Warning Code: 0, SQLState: 00000
2026-05-20 16:42:39 WARN  [main] o.h.e.jdbc.spi.SqlExceptionHelper - la contrainte « ukiqrim0q4v66vbqrcsyhi7tv82 » de la relation « favorites » n'existe pas, ignore
2026-05-20 16:42:39 DEBUG [main] org.hibernate.SQL - 
    alter table if exists favorites 
       add constraint UKiqrim0q4v66vbqrcsyhi7tv82 unique (user_id, target_id, type)
2026-05-20 16:42:39 INFO  [main] o.s.o.j.LocalContainerEntityManagerFactoryBean - Initialized JPA EntityManagerFactory for persistence unit 'default'
2026-05-20 16:42:39 DEBUG [main] c.p.a.s.JwtAuthenticationFilter - Filter 'jwtAuthenticationFilter' configured for use
2026-05-20 16:42:39 DEBUG [main] o.s.w.f.ServerHttpObservationFilter - Filter 'webMvcObservationFilter' configured for use
2026-05-20 16:42:39 INFO  [main] o.s.d.j.r.query.QueryEnhancerFactory - Hibernate is in classpath; If applicable, HQL parser will be used.
2026-05-20 16:42:40 WARN  [main] o.s.b.a.o.j.JpaBaseConfiguration$JpaWebConfiguration - spring.jpa.open-in-view is enabled by default. Therefore, database queries may be performed during view rendering. Explicitly configure spring.jpa.open-in-view to disable this warning
2026-05-20 16:42:40 WARN  [main] o.s.b.w.s.c.AnnotationConfigServletWebServerApplicationContext - Exception encountered during context initialization - cancelling refresh attempt: org.springframework.beans.factory.BeanCreationException: Error creating bean with name 'requestMappingHandlerMapping' defined in class path resource [org/springframework/web/servlet/config/annotation/DelegatingWebMvcConfiguration.class]: Ambiguous mapping. Cannot map 'favoritesController' method 
com.plants.api.controllers.FavoritesController#getFavoritesByType(Long, String)
to {GET [/api/favorites/{userId}/type/{type}]}: There is already 'favoriteController' bean method
com.plants.api.controllers.FavoriteController#getFavoritesByType(Long, String) mapped.
2026-05-20 16:42:40 INFO  [main] o.s.o.j.LocalContainerEntityManagerFactoryBean - Closing JPA EntityManagerFactory for persistence unit 'default'
2026-05-20 16:42:40 INFO  [main] com.zaxxer.hikari.HikariDataSource - HikariPool-1 - Shutdown initiated...
2026-05-20 16:42:40 INFO  [main] com.zaxxer.hikari.HikariDataSource - HikariPool-1 - Shutdown completed.
2026-05-20 16:42:40 INFO  [main] o.a.catalina.core.StandardService - Stopping service [Tomcat]
2026-05-20 16:42:40 INFO  [main] o.s.b.a.l.ConditionEvaluationReportLogger - 

Error starting ApplicationContext. To display the condition evaluation report re-run your application with 'debug' enabled.
2026-05-20 16:42:40 ERROR [main] o.s.boot.SpringApplication - Application run failed
org.springframework.beans.factory.BeanCreationException: Error creating bean with name 'requestMappingHandlerMapping' defined in class path resource [org/springframework/web/servlet/config/annotation/DelegatingWebMvcConfiguration.class]: Ambiguous mapping. Cannot map 'favoritesController' method 
com.plants.api.controllers.FavoritesController#getFavoritesByType(Long, String)
to {GET [/api/favorites/{userId}/type/{type}]}: There is already 'favoriteController' bean method
com.plants.api.controllers.FavoriteController#getFavoritesByType(Long, String) mapped.
	at org.springframework.beans.factory.support.AbstractAutowireCapableBeanFactory.initializeBean(AbstractAutowireCapableBeanFactory.java:1775)
	at org.springframework.beans.factory.support.AbstractAutowireCapableBeanFactory.doCreateBean(AbstractAutowireCapableBeanFactory.java:601)
	at org.springframework.beans.factory.support.AbstractAutowireCapableBeanFactory.createBean(AbstractAutowireCapableBeanFactory.java:523)
	at org.springframework.beans.factory.support.AbstractBeanFactory.lambda$doGetBean$0(AbstractBeanFactory.java:325)
	at org.springframework.beans.factory.support.DefaultSingletonBeanRegistry.getSingleton(DefaultSingletonBeanRegistry.java:234)
	at org.springframework.beans.factory.support.AbstractBeanFactory.doGetBean(AbstractBeanFactory.java:323)
	at org.springframework.beans.factory.support.AbstractBeanFactory.getBean(AbstractBeanFactory.java:199)
	at org.springframework.beans.factory.support.DefaultListableBeanFactory.preInstantiateSingletons(DefaultListableBeanFactory.java:973)
	at org.springframework.context.support.AbstractApplicationContext.finishBeanFactoryInitialization(AbstractApplicationContext.java:946)
	at org.springframework.context.support.AbstractApplicationContext.refresh(AbstractApplicationContext.java:616)
	at org.springframework.boot.web.servlet.context.ServletWebServerApplicationContext.refresh(ServletWebServerApplicationContext.java:146)
	at org.springframework.boot.SpringApplication.refresh(SpringApplication.java:753)
	at org.springframework.boot.SpringApplication.refreshContext(SpringApplication.java:455)
	at org.springframework.boot.SpringApplication.run(SpringApplication.java:323)
	at org.springframework.boot.SpringApplication.run(SpringApplication.java:1342)
	at org.springframework.boot.SpringApplication.run(SpringApplication.java:1331)
	at com.plants.api.ApiApplication.main(ApiApplication.java:10)
Caused by: java.lang.IllegalStateException: Ambiguous mapping. Cannot map 'favoritesController' method 
com.plants.api.controllers.FavoritesController#getFavoritesByType(Long, String)
to {GET [/api/favorites/{userId}/type/{type}]}: There is already 'favoriteController' bean method
com.plants.api.controllers.FavoriteController#getFavoritesByType(Long, String) mapped.
	at org.springframework.web.servlet.handler.AbstractHandlerMethodMapping$MappingRegistry.validateMethodMapping(AbstractHandlerMethodMapping.java:667)
	at org.springframework.web.servlet.handler.AbstractHandlerMethodMapping$MappingRegistry.register(AbstractHandlerMethodMapping.java:633)
	at org.springframework.web.servlet.handler.AbstractHandlerMethodMapping.registerHandlerMethod(AbstractHandlerMethodMapping.java:331)
	at org.springframework.web.servlet.mvc.method.annotation.RequestMappingHandlerMapping.registerHandlerMethod(RequestMappingHandlerMapping.java:486)
	at org.springframework.web.servlet.mvc.method.annotation.RequestMappingHandlerMapping.registerHandlerMethod(RequestMappingHandlerMapping.java:79)
	at org.springframework.web.servlet.handler.AbstractHandlerMethodMapping.lambda$detectHandlerMethods$2(AbstractHandlerMethodMapping.java:298)
	at java.base/java.util.LinkedHashMap.forEach(LinkedHashMap.java:986)
	at org.springframework.web.servlet.handler.AbstractHandlerMethodMapping.detectHandlerMethods(AbstractHandlerMethodMapping.java:296)
	at org.springframework.web.servlet.handler.AbstractHandlerMethodMapping.processCandidateBean(AbstractHandlerMethodMapping.java:265)
	at org.springframework.web.servlet.handler.AbstractHandlerMethodMapping.initHandlerMethods(AbstractHandlerMethodMapping.java:224)
	at org.springframework.web.servlet.handler.AbstractHandlerMethodMapping.afterPropertiesSet(AbstractHandlerMethodMapping.java:212)
	at org.springframework.web.servlet.mvc.method.annotation.RequestMappingHandlerMapping.afterPropertiesSet(RequestMappingHandlerMapping.java:233)
	at org.springframework.beans.factory.support.AbstractAutowireCapableBeanFactory.invokeInitMethods(AbstractAutowireCapableBeanFactory.java:1822)
	at org.springframework.beans.factory.support.AbstractAutowireCapableBeanFactory.initializeBean(AbstractAutowireCapableBeanFactory.java:1771)
	... 16 common frames omitted
2026-05-20 16:45:12 INFO  [background-preinit] o.h.validator.internal.util.Version - HV000001: Hibernate Validator 8.0.1.Final
2026-05-20 16:45:12 INFO  [main] com.plants.api.ApiApplication - Starting ApiApplication using Java 21.0.11 with PID 28504 (C:\Users\kader\plants-medicinales-SaaS\target\classes started by kader in C:\Users\kader\plants-medicinales-SaaS)
2026-05-20 16:45:12 DEBUG [main] com.plants.api.ApiApplication - Running with Spring Boot v3.2.0, Spring v6.1.1
2026-05-20 16:45:12 INFO  [main] com.plants.api.ApiApplication - The following 1 profile is active: "dev"
2026-05-20 16:45:13 INFO  [main] o.s.d.r.c.RepositoryConfigurationDelegate - Multiple Spring Data modules found, entering strict repository configuration mode
2026-05-20 16:45:13 INFO  [main] o.s.d.r.c.RepositoryConfigurationDelegate - Bootstrapping Spring Data JPA repositories in DEFAULT mode.
2026-05-20 16:45:13 INFO  [main] o.s.d.r.c.RepositoryConfigurationDelegate - Finished Spring Data repository scanning in 163 ms. Found 8 JPA repository interfaces.
2026-05-20 16:45:13 INFO  [main] o.s.d.r.c.RepositoryConfigurationDelegate - Multiple Spring Data modules found, entering strict repository configuration mode
2026-05-20 16:45:13 INFO  [main] o.s.d.r.c.RepositoryConfigurationDelegate - Bootstrapping Spring Data Redis repositories in DEFAULT mode.
2026-05-20 16:45:13 INFO  [main] o.s.d.r.c.RepositoryConfigurationExtensionSupport - Spring Data Redis - Could not safely identify store assignment for repository candidate interface com.plants.api.repositories.AffiliateClickRepository; If you want this repository to be a Redis repository, consider annotating your entities with one of these annotations: org.springframework.data.redis.core.RedisHash (preferred), or consider extending one of the following types with your repository: org.springframework.data.keyvalue.repository.KeyValueRepository
2026-05-20 16:45:13 INFO  [main] o.s.d.r.c.RepositoryConfigurationExtensionSupport - Spring Data Redis - Could not safely identify store assignment for repository candidate interface com.plants.api.repositories.AffiliateProductRepository; If you want this repository to be a Redis repository, consider annotating your entities with one of these annotations: org.springframework.data.redis.core.RedisHash (preferred), or consider extending one of the following types with your repository: org.springframework.data.keyvalue.repository.KeyValueRepository
2026-05-20 16:45:13 INFO  [main] o.s.d.r.c.RepositoryConfigurationExtensionSupport - Spring Data Redis - Could not safely identify store assignment for repository candidate interface com.plants.api.repositories.ArticleRepository; If you want this repository to be a Redis repository, consider annotating your entities with one of these annotations: org.springframework.data.redis.core.RedisHash (preferred), or consider extending one of the following types with your repository: org.springframework.data.keyvalue.repository.KeyValueRepository
2026-05-20 16:45:13 INFO  [main] o.s.d.r.c.RepositoryConfigurationExtensionSupport - Spring Data Redis - Could not safely identify store assignment for repository candidate interface com.plants.api.repositories.CommentRepository; If you want this repository to be a Redis repository, consider annotating your entities with one of these annotations: org.springframework.data.redis.core.RedisHash (preferred), or consider extending one of the following types with your repository: org.springframework.data.keyvalue.repository.KeyValueRepository
2026-05-20 16:45:13 INFO  [main] o.s.d.r.c.RepositoryConfigurationExtensionSupport - Spring Data Redis - Could not safely identify store assignment for repository candidate interface com.plants.api.repositories.FavoriteRepository; If you want this repository to be a Redis repository, consider annotating your entities with one of these annotations: org.springframework.data.redis.core.RedisHash (preferred), or consider extending one of the following types with your repository: org.springframework.data.keyvalue.repository.KeyValueRepository
2026-05-20 16:45:13 INFO  [main] o.s.d.r.c.RepositoryConfigurationExtensionSupport - Spring Data Redis - Could not safely identify store assignment for repository candidate interface com.plants.api.repositories.OilRepository; If you want this repository to be a Redis repository, consider annotating your entities with one of these annotations: org.springframework.data.redis.core.RedisHash (preferred), or consider extending one of the following types with your repository: org.springframework.data.keyvalue.repository.KeyValueRepository
2026-05-20 16:45:13 INFO  [main] o.s.d.r.c.RepositoryConfigurationExtensionSupport - Spring Data Redis - Could not safely identify store assignment for repository candidate interface com.plants.api.repositories.PlantRepository; If you want this repository to be a Redis repository, consider annotating your entities with one of these annotations: org.springframework.data.redis.core.RedisHash (preferred), or consider extending one of the following types with your repository: org.springframework.data.keyvalue.repository.KeyValueRepository
2026-05-20 16:45:13 INFO  [main] o.s.d.r.c.RepositoryConfigurationExtensionSupport - Spring Data Redis - Could not safely identify store assignment for repository candidate interface com.plants.api.repositories.UserRepository; If you want this repository to be a Redis repository, consider annotating your entities with one of these annotations: org.springframework.data.redis.core.RedisHash (preferred), or consider extending one of the following types with your repository: org.springframework.data.keyvalue.repository.KeyValueRepository
2026-05-20 16:45:13 INFO  [main] o.s.d.r.c.RepositoryConfigurationDelegate - Finished Spring Data repository scanning in 6 ms. Found 0 Redis repository interfaces.
2026-05-20 16:45:14 INFO  [main] o.s.b.w.e.tomcat.TomcatWebServer - Tomcat initialized with port 8080 (http)
2026-05-20 16:45:14 INFO  [main] o.a.coyote.http11.Http11NioProtocol - Initializing ProtocolHandler ["http-nio-8080"]
2026-05-20 16:45:14 INFO  [main] o.a.catalina.core.StandardService - Starting service [Tomcat]
2026-05-20 16:45:14 INFO  [main] o.a.catalina.core.StandardEngine - Starting Servlet engine: [Apache Tomcat/10.1.16]
2026-05-20 16:45:14 INFO  [main] o.a.c.c.C.[Tomcat].[localhost].[/] - Initializing Spring embedded WebApplicationContext
2026-05-20 16:45:14 INFO  [main] o.s.b.w.s.c.ServletWebServerApplicationContext - Root WebApplicationContext: initialization completed in 2110 ms
2026-05-20 16:45:14 INFO  [main] o.h.jpa.internal.util.LogHelper - HHH000204: Processing PersistenceUnitInfo [name: default]
2026-05-20 16:45:14 INFO  [main] org.hibernate.Version - HHH000412: Hibernate ORM core version 6.3.1.Final
2026-05-20 16:45:14 INFO  [main] o.h.c.i.RegionFactoryInitiator - HHH000026: Second-level cache disabled
2026-05-20 16:45:14 INFO  [main] o.s.o.j.p.SpringPersistenceUnitInfo - No LoadTimeWeaver setup: ignoring JPA class transformer
2026-05-20 16:45:14 INFO  [main] com.zaxxer.hikari.HikariDataSource - HikariPool-1 - Starting...
2026-05-20 16:45:15 INFO  [main] com.zaxxer.hikari.pool.HikariPool - HikariPool-1 - Added connection org.postgresql.jdbc.PgConnection@97cb8dc
2026-05-20 16:45:15 INFO  [main] com.zaxxer.hikari.HikariDataSource - HikariPool-1 - Start completed.
2026-05-20 16:45:15 WARN  [main] org.hibernate.orm.deprecation - HHH90000025: PostgreSQLDialect does not need to be specified explicitly using 'hibernate.dialect' (remove the property setting and it will be selected by default)
2026-05-20 16:45:15 INFO  [main] o.h.e.t.j.p.i.JtaPlatformInitiator - HHH000489: No JTA platform available (set 'hibernate.transaction.jta.platform' to enable JTA platform integration)
2026-05-20 16:45:16 INFO  [main] o.s.o.j.LocalContainerEntityManagerFactoryBean - Initialized JPA EntityManagerFactory for persistence unit 'default'
2026-05-20 16:45:16 DEBUG [main] c.p.a.s.JwtAuthenticationFilter - Filter 'jwtAuthenticationFilter' configured for use
2026-05-20 16:45:16 DEBUG [main] o.s.w.f.ServerHttpObservationFilter - Filter 'webMvcObservationFilter' configured for use
2026-05-20 16:45:16 INFO  [main] o.s.d.j.r.query.QueryEnhancerFactory - Hibernate is in classpath; If applicable, HQL parser will be used.
2026-05-20 16:45:17 WARN  [main] o.s.b.a.o.j.JpaBaseConfiguration$JpaWebConfiguration - spring.jpa.open-in-view is enabled by default. Therefore, database queries may be performed during view rendering. Explicitly configure spring.jpa.open-in-view to disable this warning
2026-05-20 16:45:17 WARN  [main] o.s.b.w.s.c.AnnotationConfigServletWebServerApplicationContext - Exception encountered during context initialization - cancelling refresh attempt: org.springframework.beans.factory.BeanCreationException: Error creating bean with name 'requestMappingHandlerMapping' defined in class path resource [org/springframework/web/servlet/config/annotation/DelegatingWebMvcConfiguration.class]: Ambiguous mapping. Cannot map 'favoritesController' method 
com.plants.api.controllers.FavoritesController#isFavorite(Long, Long, String)
to {GET [/api/favorites/{userId}/check]}: There is already 'favoriteController' bean method
com.plants.api.controllers.FavoriteController#isFavorite(Long, Long, String) mapped.
2026-05-20 16:45:17 INFO  [main] o.s.o.j.LocalContainerEntityManagerFactoryBean - Closing JPA EntityManagerFactory for persistence unit 'default'
2026-05-20 16:45:17 INFO  [main] com.zaxxer.hikari.HikariDataSource - HikariPool-1 - Shutdown initiated...
2026-05-20 16:45:17 INFO  [main] com.zaxxer.hikari.HikariDataSource - HikariPool-1 - Shutdown completed.
2026-05-20 16:45:17 INFO  [main] o.a.catalina.core.StandardService - Stopping service [Tomcat]
2026-05-20 16:45:17 INFO  [main] o.s.b.a.l.ConditionEvaluationReportLogger - 

Error starting ApplicationContext. To display the condition evaluation report re-run your application with 'debug' enabled.
2026-05-20 16:45:17 ERROR [main] o.s.boot.SpringApplication - Application run failed
org.springframework.beans.factory.BeanCreationException: Error creating bean with name 'requestMappingHandlerMapping' defined in class path resource [org/springframework/web/servlet/config/annotation/DelegatingWebMvcConfiguration.class]: Ambiguous mapping. Cannot map 'favoritesController' method 
com.plants.api.controllers.FavoritesController#isFavorite(Long, Long, String)
to {GET [/api/favorites/{userId}/check]}: There is already 'favoriteController' bean method
com.plants.api.controllers.FavoriteController#isFavorite(Long, Long, String) mapped.
	at org.springframework.beans.factory.support.AbstractAutowireCapableBeanFactory.initializeBean(AbstractAutowireCapableBeanFactory.java:1775)
	at org.springframework.beans.factory.support.AbstractAutowireCapableBeanFactory.doCreateBean(AbstractAutowireCapableBeanFactory.java:601)
	at org.springframework.beans.factory.support.AbstractAutowireCapableBeanFactory.createBean(AbstractAutowireCapableBeanFactory.java:523)
	at org.springframework.beans.factory.support.AbstractBeanFactory.lambda$doGetBean$0(AbstractBeanFactory.java:325)
	at org.springframework.beans.factory.support.DefaultSingletonBeanRegistry.getSingleton(DefaultSingletonBeanRegistry.java:234)
	at org.springframework.beans.factory.support.AbstractBeanFactory.doGetBean(AbstractBeanFactory.java:323)
	at org.springframework.beans.factory.support.AbstractBeanFactory.getBean(AbstractBeanFactory.java:199)
	at org.springframework.beans.factory.support.DefaultListableBeanFactory.preInstantiateSingletons(DefaultListableBeanFactory.java:973)
	at org.springframework.context.support.AbstractApplicationContext.finishBeanFactoryInitialization(AbstractApplicationContext.java:946)
	at org.springframework.context.support.AbstractApplicationContext.refresh(AbstractApplicationContext.java:616)
	at org.springframework.boot.web.servlet.context.ServletWebServerApplicationContext.refresh(ServletWebServerApplicationContext.java:146)
	at org.springframework.boot.SpringApplication.refresh(SpringApplication.java:753)
	at org.springframework.boot.SpringApplication.refreshContext(SpringApplication.java:455)
	at org.springframework.boot.SpringApplication.run(SpringApplication.java:323)
	at org.springframework.boot.SpringApplication.run(SpringApplication.java:1342)
	at org.springframework.boot.SpringApplication.run(SpringApplication.java:1331)
	at com.plants.api.ApiApplication.main(ApiApplication.java:10)
Caused by: java.lang.IllegalStateException: Ambiguous mapping. Cannot map 'favoritesController' method 
com.plants.api.controllers.FavoritesController#isFavorite(Long, Long, String)
to {GET [/api/favorites/{userId}/check]}: There is already 'favoriteController' bean method
com.plants.api.controllers.FavoriteController#isFavorite(Long, Long, String) mapped.
	at org.springframework.web.servlet.handler.AbstractHandlerMethodMapping$MappingRegistry.validateMethodMapping(AbstractHandlerMethodMapping.java:667)
	at org.springframework.web.servlet.handler.AbstractHandlerMethodMapping$MappingRegistry.register(AbstractHandlerMethodMapping.java:633)
	at org.springframework.web.servlet.handler.AbstractHandlerMethodMapping.registerHandlerMethod(AbstractHandlerMethodMapping.java:331)
	at org.springframework.web.servlet.mvc.method.annotation.RequestMappingHandlerMapping.registerHandlerMethod(RequestMappingHandlerMapping.java:486)
	at org.springframework.web.servlet.mvc.method.annotation.RequestMappingHandlerMapping.registerHandlerMethod(RequestMappingHandlerMapping.java:79)
	at org.springframework.web.servlet.handler.AbstractHandlerMethodMapping.lambda$detectHandlerMethods$2(AbstractHandlerMethodMapping.java:298)
	at java.base/java.util.LinkedHashMap.forEach(LinkedHashMap.java:986)
	at org.springframework.web.servlet.handler.AbstractHandlerMethodMapping.detectHandlerMethods(AbstractHandlerMethodMapping.java:296)
	at org.springframework.web.servlet.handler.AbstractHandlerMethodMapping.processCandidateBean(AbstractHandlerMethodMapping.java:265)
	at org.springframework.web.servlet.handler.AbstractHandlerMethodMapping.initHandlerMethods(AbstractHandlerMethodMapping.java:224)
	at org.springframework.web.servlet.handler.AbstractHandlerMethodMapping.afterPropertiesSet(AbstractHandlerMethodMapping.java:212)
	at org.springframework.web.servlet.mvc.method.annotation.RequestMappingHandlerMapping.afterPropertiesSet(RequestMappingHandlerMapping.java:233)
	at org.springframework.beans.factory.support.AbstractAutowireCapableBeanFactory.invokeInitMethods(AbstractAutowireCapableBeanFactory.java:1822)
	at org.springframework.beans.factory.support.AbstractAutowireCapableBeanFactory.initializeBean(AbstractAutowireCapableBeanFactory.java:1771)
	... 16 common frames omitted
2026-05-20 16:49:23 INFO  [background-preinit] o.h.validator.internal.util.Version - HV000001: Hibernate Validator 8.0.1.Final
2026-05-20 16:49:23 INFO  [main] com.plants.api.ApiApplication - Starting ApiApplication using Java 21.0.11 with PID 29892 (C:\Users\kader\plants-medicinales-SaaS\target\classes started by kader in C:\Users\kader\plants-medicinales-SaaS)
2026-05-20 16:49:23 DEBUG [main] com.plants.api.ApiApplication - Running with Spring Boot v3.2.0, Spring v6.1.1
2026-05-20 16:49:23 INFO  [main] com.plants.api.ApiApplication - The following 1 profile is active: "dev"
2026-05-20 16:49:24 INFO  [main] o.s.d.r.c.RepositoryConfigurationDelegate - Multiple Spring Data modules found, entering strict repository configuration mode
2026-05-20 16:49:24 INFO  [main] o.s.d.r.c.RepositoryConfigurationDelegate - Bootstrapping Spring Data JPA repositories in DEFAULT mode.
2026-05-20 16:49:24 INFO  [main] o.s.d.r.c.RepositoryConfigurationDelegate - Finished Spring Data repository scanning in 137 ms. Found 8 JPA repository interfaces.
2026-05-20 16:49:24 INFO  [main] o.s.d.r.c.RepositoryConfigurationDelegate - Multiple Spring Data modules found, entering strict repository configuration mode
2026-05-20 16:49:24 INFO  [main] o.s.d.r.c.RepositoryConfigurationDelegate - Bootstrapping Spring Data Redis repositories in DEFAULT mode.
2026-05-20 16:49:24 INFO  [main] o.s.d.r.c.RepositoryConfigurationExtensionSupport - Spring Data Redis - Could not safely identify store assignment for repository candidate interface com.plants.api.repositories.AffiliateClickRepository; If you want this repository to be a Redis repository, consider annotating your entities with one of these annotations: org.springframework.data.redis.core.RedisHash (preferred), or consider extending one of the following types with your repository: org.springframework.data.keyvalue.repository.KeyValueRepository
2026-05-20 16:49:24 INFO  [main] o.s.d.r.c.RepositoryConfigurationExtensionSupport - Spring Data Redis - Could not safely identify store assignment for repository candidate interface com.plants.api.repositories.AffiliateProductRepository; If you want this repository to be a Redis repository, consider annotating your entities with one of these annotations: org.springframework.data.redis.core.RedisHash (preferred), or consider extending one of the following types with your repository: org.springframework.data.keyvalue.repository.KeyValueRepository
2026-05-20 16:49:24 INFO  [main] o.s.d.r.c.RepositoryConfigurationExtensionSupport - Spring Data Redis - Could not safely identify store assignment for repository candidate interface com.plants.api.repositories.ArticleRepository; If you want this repository to be a Redis repository, consider annotating your entities with one of these annotations: org.springframework.data.redis.core.RedisHash (preferred), or consider extending one of the following types with your repository: org.springframework.data.keyvalue.repository.KeyValueRepository
2026-05-20 16:49:24 INFO  [main] o.s.d.r.c.RepositoryConfigurationExtensionSupport - Spring Data Redis - Could not safely identify store assignment for repository candidate interface com.plants.api.repositories.CommentRepository; If you want this repository to be a Redis repository, consider annotating your entities with one of these annotations: org.springframework.data.redis.core.RedisHash (preferred), or consider extending one of the following types with your repository: org.springframework.data.keyvalue.repository.KeyValueRepository
2026-05-20 16:49:24 INFO  [main] o.s.d.r.c.RepositoryConfigurationExtensionSupport - Spring Data Redis - Could not safely identify store assignment for repository candidate interface com.plants.api.repositories.FavoriteRepository; If you want this repository to be a Redis repository, consider annotating your entities with one of these annotations: org.springframework.data.redis.core.RedisHash (preferred), or consider extending one of the following types with your repository: org.springframework.data.keyvalue.repository.KeyValueRepository
2026-05-20 16:49:24 INFO  [main] o.s.d.r.c.RepositoryConfigurationExtensionSupport - Spring Data Redis - Could not safely identify store assignment for repository candidate interface com.plants.api.repositories.OilRepository; If you want this repository to be a Redis repository, consider annotating your entities with one of these annotations: org.springframework.data.redis.core.RedisHash (preferred), or consider extending one of the following types with your repository: org.springframework.data.keyvalue.repository.KeyValueRepository
2026-05-20 16:49:24 INFO  [main] o.s.d.r.c.RepositoryConfigurationExtensionSupport - Spring Data Redis - Could not safely identify store assignment for repository candidate interface com.plants.api.repositories.PlantRepository; If you want this repository to be a Redis repository, consider annotating your entities with one of these annotations: org.springframework.data.redis.core.RedisHash (preferred), or consider extending one of the following types with your repository: org.springframework.data.keyvalue.repository.KeyValueRepository
2026-05-20 16:49:24 INFO  [main] o.s.d.r.c.RepositoryConfigurationExtensionSupport - Spring Data Redis - Could not safely identify store assignment for repository candidate interface com.plants.api.repositories.UserRepository; If you want this repository to be a Redis repository, consider annotating your entities with one of these annotations: org.springframework.data.redis.core.RedisHash (preferred), or consider extending one of the following types with your repository: org.springframework.data.keyvalue.repository.KeyValueRepository
2026-05-20 16:49:24 INFO  [main] o.s.d.r.c.RepositoryConfigurationDelegate - Finished Spring Data repository scanning in 7 ms. Found 0 Redis repository interfaces.
2026-05-20 16:49:25 INFO  [main] o.s.b.w.e.tomcat.TomcatWebServer - Tomcat initialized with port 8080 (http)
2026-05-20 16:49:25 INFO  [main] o.a.coyote.http11.Http11NioProtocol - Initializing ProtocolHandler ["http-nio-8080"]
2026-05-20 16:49:25 INFO  [main] o.a.catalina.core.StandardService - Starting service [Tomcat]
2026-05-20 16:49:25 INFO  [main] o.a.catalina.core.StandardEngine - Starting Servlet engine: [Apache Tomcat/10.1.16]
2026-05-20 16:49:25 INFO  [main] o.a.c.c.C.[Tomcat].[localhost].[/] - Initializing Spring embedded WebApplicationContext
2026-05-20 16:49:25 INFO  [main] o.s.b.w.s.c.ServletWebServerApplicationContext - Root WebApplicationContext: initialization completed in 1752 ms
2026-05-20 16:49:25 INFO  [main] o.h.jpa.internal.util.LogHelper - HHH000204: Processing PersistenceUnitInfo [name: default]
2026-05-20 16:49:25 INFO  [main] org.hibernate.Version - HHH000412: Hibernate ORM core version 6.3.1.Final
2026-05-20 16:49:25 INFO  [main] o.h.c.i.RegionFactoryInitiator - HHH000026: Second-level cache disabled
2026-05-20 16:49:26 INFO  [main] o.s.o.j.p.SpringPersistenceUnitInfo - No LoadTimeWeaver setup: ignoring JPA class transformer
2026-05-20 16:49:26 INFO  [main] com.zaxxer.hikari.HikariDataSource - HikariPool-1 - Starting...
2026-05-20 16:49:26 INFO  [main] com.zaxxer.hikari.pool.HikariPool - HikariPool-1 - Added connection org.postgresql.jdbc.PgConnection@d960561
2026-05-20 16:49:26 INFO  [main] com.zaxxer.hikari.HikariDataSource - HikariPool-1 - Start completed.
2026-05-20 16:49:26 WARN  [main] org.hibernate.orm.deprecation - HHH90000025: PostgreSQLDialect does not need to be specified explicitly using 'hibernate.dialect' (remove the property setting and it will be selected by default)
2026-05-20 16:49:26 INFO  [main] o.h.e.t.j.p.i.JtaPlatformInitiator - HHH000489: No JTA platform available (set 'hibernate.transaction.jta.platform' to enable JTA platform integration)
2026-05-20 16:49:27 INFO  [main] o.s.o.j.LocalContainerEntityManagerFactoryBean - Initialized JPA EntityManagerFactory for persistence unit 'default'
2026-05-20 16:49:27 DEBUG [main] c.p.a.s.JwtAuthenticationFilter - Filter 'jwtAuthenticationFilter' configured for use
2026-05-20 16:49:27 DEBUG [main] o.s.w.f.ServerHttpObservationFilter - Filter 'webMvcObservationFilter' configured for use
2026-05-20 16:49:27 INFO  [main] o.s.d.j.r.query.QueryEnhancerFactory - Hibernate is in classpath; If applicable, HQL parser will be used.
2026-05-20 16:49:28 WARN  [main] o.s.b.a.o.j.JpaBaseConfiguration$JpaWebConfiguration - spring.jpa.open-in-view is enabled by default. Therefore, database queries may be performed during view rendering. Explicitly configure spring.jpa.open-in-view to disable this warning
2026-05-20 16:49:28 WARN  [main] o.s.b.w.s.c.AnnotationConfigServletWebServerApplicationContext - Exception encountered during context initialization - cancelling refresh attempt: org.springframework.beans.factory.BeanCreationException: Error creating bean with name 'requestMappingHandlerMapping' defined in class path resource [org/springframework/web/servlet/config/annotation/DelegatingWebMvcConfiguration.class]: Ambiguous mapping. Cannot map 'favoritesController' method 
com.plants.api.controllers.FavoritesController#addFavorite(User, FavoriteRequest)
to {POST [/api/favorites/me]}: There is already 'favoriteController' bean method
com.plants.api.controllers.FavoriteController#addFavorite(User, FavoriteRequest) mapped.
2026-05-20 16:49:28 INFO  [main] o.s.o.j.LocalContainerEntityManagerFactoryBean - Closing JPA EntityManagerFactory for persistence unit 'default'
2026-05-20 16:49:28 INFO  [main] com.zaxxer.hikari.HikariDataSource - HikariPool-1 - Shutdown initiated...
2026-05-20 16:49:28 INFO  [main] com.zaxxer.hikari.HikariDataSource - HikariPool-1 - Shutdown completed.
2026-05-20 16:49:28 INFO  [main] o.a.catalina.core.StandardService - Stopping service [Tomcat]
2026-05-20 16:49:28 INFO  [main] o.s.b.a.l.ConditionEvaluationReportLogger - 

Error starting ApplicationContext. To display the condition evaluation report re-run your application with 'debug' enabled.
2026-05-20 16:49:28 ERROR [main] o.s.boot.SpringApplication - Application run failed
org.springframework.beans.factory.BeanCreationException: Error creating bean with name 'requestMappingHandlerMapping' defined in class path resource [org/springframework/web/servlet/config/annotation/DelegatingWebMvcConfiguration.class]: Ambiguous mapping. Cannot map 'favoritesController' method 
com.plants.api.controllers.FavoritesController#addFavorite(User, FavoriteRequest)
to {POST [/api/favorites/me]}: There is already 'favoriteController' bean method
com.plants.api.controllers.FavoriteController#addFavorite(User, FavoriteRequest) mapped.
	at org.springframework.beans.factory.support.AbstractAutowireCapableBeanFactory.initializeBean(AbstractAutowireCapableBeanFactory.java:1775)
	at org.springframework.beans.factory.support.AbstractAutowireCapableBeanFactory.doCreateBean(AbstractAutowireCapableBeanFactory.java:601)
	at org.springframework.beans.factory.support.AbstractAutowireCapableBeanFactory.createBean(AbstractAutowireCapableBeanFactory.java:523)
	at org.springframework.beans.factory.support.AbstractBeanFactory.lambda$doGetBean$0(AbstractBeanFactory.java:325)
	at org.springframework.beans.factory.support.DefaultSingletonBeanRegistry.getSingleton(DefaultSingletonBeanRegistry.java:234)
	at org.springframework.beans.factory.support.AbstractBeanFactory.doGetBean(AbstractBeanFactory.java:323)
	at org.springframework.beans.factory.support.AbstractBeanFactory.getBean(AbstractBeanFactory.java:199)
	at org.springframework.beans.factory.support.DefaultListableBeanFactory.preInstantiateSingletons(DefaultListableBeanFactory.java:973)
	at org.springframework.context.support.AbstractApplicationContext.finishBeanFactoryInitialization(AbstractApplicationContext.java:946)
	at org.springframework.context.support.AbstractApplicationContext.refresh(AbstractApplicationContext.java:616)
	at org.springframework.boot.web.servlet.context.ServletWebServerApplicationContext.refresh(ServletWebServerApplicationContext.java:146)
	at org.springframework.boot.SpringApplication.refresh(SpringApplication.java:753)
	at org.springframework.boot.SpringApplication.refreshContext(SpringApplication.java:455)
	at org.springframework.boot.SpringApplication.run(SpringApplication.java:323)
	at org.springframework.boot.SpringApplication.run(SpringApplication.java:1342)
	at org.springframework.boot.SpringApplication.run(SpringApplication.java:1331)
	at com.plants.api.ApiApplication.main(ApiApplication.java:10)
Caused by: java.lang.IllegalStateException: Ambiguous mapping. Cannot map 'favoritesController' method 
com.plants.api.controllers.FavoritesController#addFavorite(User, FavoriteRequest)
to {POST [/api/favorites/me]}: There is already 'favoriteController' bean method
com.plants.api.controllers.FavoriteController#addFavorite(User, FavoriteRequest) mapped.
	at org.springframework.web.servlet.handler.AbstractHandlerMethodMapping$MappingRegistry.validateMethodMapping(AbstractHandlerMethodMapping.java:667)
	at org.springframework.web.servlet.handler.AbstractHandlerMethodMapping$MappingRegistry.register(AbstractHandlerMethodMapping.java:633)
	at org.springframework.web.servlet.handler.AbstractHandlerMethodMapping.registerHandlerMethod(AbstractHandlerMethodMapping.java:331)
	at org.springframework.web.servlet.mvc.method.annotation.RequestMappingHandlerMapping.registerHandlerMethod(RequestMappingHandlerMapping.java:486)
	at org.springframework.web.servlet.mvc.method.annotation.RequestMappingHandlerMapping.registerHandlerMethod(RequestMappingHandlerMapping.java:79)
	at org.springframework.web.servlet.handler.AbstractHandlerMethodMapping.lambda$detectHandlerMethods$2(AbstractHandlerMethodMapping.java:298)
	at java.base/java.util.LinkedHashMap.forEach(LinkedHashMap.java:986)
	at org.springframework.web.servlet.handler.AbstractHandlerMethodMapping.detectHandlerMethods(AbstractHandlerMethodMapping.java:296)
	at org.springframework.web.servlet.handler.AbstractHandlerMethodMapping.processCandidateBean(AbstractHandlerMethodMapping.java:265)
	at org.springframework.web.servlet.handler.AbstractHandlerMethodMapping.initHandlerMethods(AbstractHandlerMethodMapping.java:224)
	at org.springframework.web.servlet.handler.AbstractHandlerMethodMapping.afterPropertiesSet(AbstractHandlerMethodMapping.java:212)
	at org.springframework.web.servlet.mvc.method.annotation.RequestMappingHandlerMapping.afterPropertiesSet(RequestMappingHandlerMapping.java:233)
	at org.springframework.beans.factory.support.AbstractAutowireCapableBeanFactory.invokeInitMethods(AbstractAutowireCapableBeanFactory.java:1822)
	at org.springframework.beans.factory.support.AbstractAutowireCapableBeanFactory.initializeBean(AbstractAutowireCapableBeanFactory.java:1771)
	... 16 common frames omitted
2026-05-20 16:53:08 INFO  [background-preinit] o.h.validator.internal.util.Version - HV000001: Hibernate Validator 8.0.1.Final
2026-05-20 16:53:08 INFO  [main] com.plants.api.ApiApplication - Starting ApiApplication using Java 21.0.11 with PID 42452 (C:\Users\kader\plants-medicinales-SaaS\target\classes started by kader in C:\Users\kader\plants-medicinales-SaaS)
2026-05-20 16:53:08 DEBUG [main] com.plants.api.ApiApplication - Running with Spring Boot v3.2.0, Spring v6.1.1
2026-05-20 16:53:08 INFO  [main] com.plants.api.ApiApplication - The following 1 profile is active: "dev"
2026-05-20 16:53:09 INFO  [main] o.s.d.r.c.RepositoryConfigurationDelegate - Multiple Spring Data modules found, entering strict repository configuration mode
2026-05-20 16:53:09 INFO  [main] o.s.d.r.c.RepositoryConfigurationDelegate - Bootstrapping Spring Data JPA repositories in DEFAULT mode.
2026-05-20 16:53:09 INFO  [main] o.s.d.r.c.RepositoryConfigurationDelegate - Finished Spring Data repository scanning in 123 ms. Found 8 JPA repository interfaces.
2026-05-20 16:53:09 INFO  [main] o.s.d.r.c.RepositoryConfigurationDelegate - Multiple Spring Data modules found, entering strict repository configuration mode
2026-05-20 16:53:09 INFO  [main] o.s.d.r.c.RepositoryConfigurationDelegate - Bootstrapping Spring Data Redis repositories in DEFAULT mode.
2026-05-20 16:53:09 INFO  [main] o.s.d.r.c.RepositoryConfigurationExtensionSupport - Spring Data Redis - Could not safely identify store assignment for repository candidate interface com.plants.api.repositories.AffiliateClickRepository; If you want this repository to be a Redis repository, consider annotating your entities with one of these annotations: org.springframework.data.redis.core.RedisHash (preferred), or consider extending one of the following types with your repository: org.springframework.data.keyvalue.repository.KeyValueRepository
2026-05-20 16:53:09 INFO  [main] o.s.d.r.c.RepositoryConfigurationExtensionSupport - Spring Data Redis - Could not safely identify store assignment for repository candidate interface com.plants.api.repositories.AffiliateProductRepository; If you want this repository to be a Redis repository, consider annotating your entities with one of these annotations: org.springframework.data.redis.core.RedisHash (preferred), or consider extending one of the following types with your repository: org.springframework.data.keyvalue.repository.KeyValueRepository
2026-05-20 16:53:09 INFO  [main] o.s.d.r.c.RepositoryConfigurationExtensionSupport - Spring Data Redis - Could not safely identify store assignment for repository candidate interface com.plants.api.repositories.ArticleRepository; If you want this repository to be a Redis repository, consider annotating your entities with one of these annotations: org.springframework.data.redis.core.RedisHash (preferred), or consider extending one of the following types with your repository: org.springframework.data.keyvalue.repository.KeyValueRepository
2026-05-20 16:53:09 INFO  [main] o.s.d.r.c.RepositoryConfigurationExtensionSupport - Spring Data Redis - Could not safely identify store assignment for repository candidate interface com.plants.api.repositories.CommentRepository; If you want this repository to be a Redis repository, consider annotating your entities with one of these annotations: org.springframework.data.redis.core.RedisHash (preferred), or consider extending one of the following types with your repository: org.springframework.data.keyvalue.repository.KeyValueRepository
2026-05-20 16:53:09 INFO  [main] o.s.d.r.c.RepositoryConfigurationExtensionSupport - Spring Data Redis - Could not safely identify store assignment for repository candidate interface com.plants.api.repositories.FavoriteRepository; If you want this repository to be a Redis repository, consider annotating your entities with one of these annotations: org.springframework.data.redis.core.RedisHash (preferred), or consider extending one of the following types with your repository: org.springframework.data.keyvalue.repository.KeyValueRepository
2026-05-20 16:53:09 INFO  [main] o.s.d.r.c.RepositoryConfigurationExtensionSupport - Spring Data Redis - Could not safely identify store assignment for repository candidate interface com.plants.api.repositories.OilRepository; If you want this repository to be a Redis repository, consider annotating your entities with one of these annotations: org.springframework.data.redis.core.RedisHash (preferred), or consider extending one of the following types with your repository: org.springframework.data.keyvalue.repository.KeyValueRepository
2026-05-20 16:53:09 INFO  [main] o.s.d.r.c.RepositoryConfigurationExtensionSupport - Spring Data Redis - Could not safely identify store assignment for repository candidate interface com.plants.api.repositories.PlantRepository; If you want this repository to be a Redis repository, consider annotating your entities with one of these annotations: org.springframework.data.redis.core.RedisHash (preferred), or consider extending one of the following types with your repository: org.springframework.data.keyvalue.repository.KeyValueRepository
2026-05-20 16:53:09 INFO  [main] o.s.d.r.c.RepositoryConfigurationExtensionSupport - Spring Data Redis - Could not safely identify store assignment for repository candidate interface com.plants.api.repositories.UserRepository; If you want this repository to be a Redis repository, consider annotating your entities with one of these annotations: org.springframework.data.redis.core.RedisHash (preferred), or consider extending one of the following types with your repository: org.springframework.data.keyvalue.repository.KeyValueRepository
2026-05-20 16:53:09 INFO  [main] o.s.d.r.c.RepositoryConfigurationDelegate - Finished Spring Data repository scanning in 6 ms. Found 0 Redis repository interfaces.
2026-05-20 16:53:10 INFO  [main] o.s.b.w.e.tomcat.TomcatWebServer - Tomcat initialized with port 8080 (http)
2026-05-20 16:53:10 INFO  [main] o.a.coyote.http11.Http11NioProtocol - Initializing ProtocolHandler ["http-nio-8080"]
2026-05-20 16:53:10 INFO  [main] o.a.catalina.core.StandardService - Starting service [Tomcat]
2026-05-20 16:53:10 INFO  [main] o.a.catalina.core.StandardEngine - Starting Servlet engine: [Apache Tomcat/10.1.16]
2026-05-20 16:53:10 INFO  [main] o.a.c.c.C.[Tomcat].[localhost].[/] - Initializing Spring embedded WebApplicationContext
2026-05-20 16:53:10 INFO  [main] o.s.b.w.s.c.ServletWebServerApplicationContext - Root WebApplicationContext: initialization completed in 1727 ms
2026-05-20 16:53:10 INFO  [main] o.h.jpa.internal.util.LogHelper - HHH000204: Processing PersistenceUnitInfo [name: default]
2026-05-20 16:53:10 INFO  [main] org.hibernate.Version - HHH000412: Hibernate ORM core version 6.3.1.Final
2026-05-20 16:53:10 INFO  [main] o.h.c.i.RegionFactoryInitiator - HHH000026: Second-level cache disabled
2026-05-20 16:53:10 INFO  [main] o.s.o.j.p.SpringPersistenceUnitInfo - No LoadTimeWeaver setup: ignoring JPA class transformer
2026-05-20 16:53:10 INFO  [main] com.zaxxer.hikari.HikariDataSource - HikariPool-1 - Starting...
2026-05-20 16:53:10 INFO  [main] com.zaxxer.hikari.pool.HikariPool - HikariPool-1 - Added connection org.postgresql.jdbc.PgConnection@d960561
2026-05-20 16:53:10 INFO  [main] com.zaxxer.hikari.HikariDataSource - HikariPool-1 - Start completed.
2026-05-20 16:53:10 WARN  [main] org.hibernate.orm.deprecation - HHH90000025: PostgreSQLDialect does not need to be specified explicitly using 'hibernate.dialect' (remove the property setting and it will be selected by default)
2026-05-20 16:53:11 INFO  [main] o.h.e.t.j.p.i.JtaPlatformInitiator - HHH000489: No JTA platform available (set 'hibernate.transaction.jta.platform' to enable JTA platform integration)
2026-05-20 16:53:11 INFO  [main] o.s.o.j.LocalContainerEntityManagerFactoryBean - Initialized JPA EntityManagerFactory for persistence unit 'default'
2026-05-20 16:53:12 DEBUG [main] c.p.a.s.JwtAuthenticationFilter - Filter 'jwtAuthenticationFilter' configured for use
2026-05-20 16:53:12 DEBUG [main] o.s.w.f.ServerHttpObservationFilter - Filter 'webMvcObservationFilter' configured for use
2026-05-20 16:53:12 INFO  [main] o.s.d.j.r.query.QueryEnhancerFactory - Hibernate is in classpath; If applicable, HQL parser will be used.
2026-05-20 16:53:13 WARN  [main] o.s.b.a.o.j.JpaBaseConfiguration$JpaWebConfiguration - spring.jpa.open-in-view is enabled by default. Therefore, database queries may be performed during view rendering. Explicitly configure spring.jpa.open-in-view to disable this warning
2026-05-20 16:53:13 DEBUG [main] o.s.w.s.m.m.a.RequestMappingHandlerMapping - 61 mappings in 'requestMappingHandlerMapping'
2026-05-20 16:53:13 DEBUG [main] o.s.w.s.h.SimpleUrlHandlerMapping - Patterns [/swagger-ui*/*swagger-initializer.js, /swagger-ui*/**] in 'resourceHandlerMapping'
2026-05-20 16:53:13 DEBUG [main] o.s.w.s.m.m.a.RequestMappingHandlerAdapter - ControllerAdvice beans: 0 @ModelAttribute, 0 @InitBinder, 1 RequestBodyAdvice, 1 ResponseBodyAdvice
2026-05-20 16:53:13 DEBUG [main] o.s.w.s.m.m.a.ExceptionHandlerExceptionResolver - ControllerAdvice beans: 2 @ExceptionHandler, 1 ResponseBodyAdvice
2026-05-20 16:53:13 INFO  [main] o.s.b.a.e.web.EndpointLinksResolver - Exposing 1 endpoint(s) beneath base path '/actuator'
2026-05-20 16:53:13 INFO  [main] o.s.s.web.DefaultSecurityFilterChain - Will secure any request with [org.springframework.security.web.session.DisableEncodeUrlFilter@4e0d2ddd, org.springframework.security.web.context.request.async.WebAsyncManagerIntegrationFilter@64b0195e, org.springframework.security.web.context.SecurityContextHolderFilter@7e9079cf, org.springframework.security.web.header.HeaderWriterFilter@564c0e38, org.springframework.web.filter.CorsFilter@24fa43f8, org.springframework.security.web.authentication.logout.LogoutFilter@19b019a6, com.plants.api.security.JwtAuthenticationFilter@16c559c7, org.springframework.security.web.savedrequest.RequestCacheAwareFilter@779d7ff4, org.springframework.security.web.servletapi.SecurityContextHolderAwareRequestFilter@6bc93bcb, org.springframework.security.web.authentication.AnonymousAuthenticationFilter@622ae2ba, org.springframework.security.web.session.SessionManagementFilter@1a23e131, org.springframework.security.web.access.ExceptionTranslationFilter@3b60efd8, org.springframework.security.web.access.intercept.AuthorizationFilter@52fe4ef2]
2026-05-20 16:53:14 WARN  [main] o.s.b.w.s.c.AnnotationConfigServletWebServerApplicationContext - Exception encountered during context initialization - cancelling refresh attempt: org.springframework.beans.factory.BeanCreationException: Error creating bean with name 'dataSourceScriptDatabaseInitializer' defined in class path resource [org/springframework/boot/autoconfigure/sql/init/DataSourceInitializationConfiguration.class]: Failed to execute SQL script statement #1 of class path resource [data.sql]: INSERT INTO users (id, email, password, role, created_at) VALUES (1, 'user1@example.com', '$2a$10$0G8q0f0x7u0h8u0j8u0jeFJj8u0j8u0j8u0j8u0j8u0j8u0j8u0', 'USER', NOW()), (2, 'user2@example.com', '$2a$10$1H9r1g1y8v1i9v1k9v1kfGKk9v1k9v1k9v1k9v1k9v1k9v1k9v1', 'USER', NOW()), (3, 'user3@example.com', '$2a$10$2J0s2h2z9w2j0w2l0w2lgHLl0w2l0w2l0w2l0w2l0w2l0w2l0w2', 'USER', NOW())
2026-05-20 16:53:14 INFO  [main] o.s.o.j.LocalContainerEntityManagerFactoryBean - Closing JPA EntityManagerFactory for persistence unit 'default'
2026-05-20 16:53:14 INFO  [main] com.zaxxer.hikari.HikariDataSource - HikariPool-1 - Shutdown initiated...
2026-05-20 16:53:14 INFO  [main] com.zaxxer.hikari.HikariDataSource - HikariPool-1 - Shutdown completed.
2026-05-20 16:53:14 INFO  [main] o.a.catalina.core.StandardService - Stopping service [Tomcat]
2026-05-20 16:53:14 INFO  [main] o.s.b.a.l.ConditionEvaluationReportLogger - 

Error starting ApplicationContext. To display the condition evaluation report re-run your application with 'debug' enabled.
2026-05-20 16:53:14 ERROR [main] o.s.boot.SpringApplication - Application run failed
org.springframework.beans.factory.BeanCreationException: Error creating bean with name 'dataSourceScriptDatabaseInitializer' defined in class path resource [org/springframework/boot/autoconfigure/sql/init/DataSourceInitializationConfiguration.class]: Failed to execute SQL script statement #1 of class path resource [data.sql]: INSERT INTO users (id, email, password, role, created_at) VALUES (1, 'user1@example.com', '$2a$10$0G8q0f0x7u0h8u0j8u0jeFJj8u0j8u0j8u0j8u0j8u0j8u0j8u0', 'USER', NOW()), (2, 'user2@example.com', '$2a$10$1H9r1g1y8v1i9v1k9v1kfGKk9v1k9v1k9v1k9v1k9v1k9v1k9v1', 'USER', NOW()), (3, 'user3@example.com', '$2a$10$2J0s2h2z9w2j0w2l0w2lgHLl0w2l0w2l0w2l0w2l0w2l0w2l0w2', 'USER', NOW())
	at org.springframework.beans.factory.support.AbstractAutowireCapableBeanFactory.initializeBean(AbstractAutowireCapableBeanFactory.java:1775)
	at org.springframework.beans.factory.support.AbstractAutowireCapableBeanFactory.doCreateBean(AbstractAutowireCapableBeanFactory.java:601)
	at org.springframework.beans.factory.support.AbstractAutowireCapableBeanFactory.createBean(AbstractAutowireCapableBeanFactory.java:523)
	at org.springframework.beans.factory.support.AbstractBeanFactory.lambda$doGetBean$0(AbstractBeanFactory.java:325)
	at org.springframework.beans.factory.support.DefaultSingletonBeanRegistry.getSingleton(DefaultSingletonBeanRegistry.java:234)
	at org.springframework.beans.factory.support.AbstractBeanFactory.doGetBean(AbstractBeanFactory.java:323)
	at org.springframework.beans.factory.support.AbstractBeanFactory.getBean(AbstractBeanFactory.java:199)
	at org.springframework.beans.factory.support.AbstractBeanFactory.doGetBean(AbstractBeanFactory.java:312)
	at org.springframework.beans.factory.support.AbstractBeanFactory.getBean(AbstractBeanFactory.java:199)
	at org.springframework.beans.factory.support.DefaultListableBeanFactory.preInstantiateSingletons(DefaultListableBeanFactory.java:973)
	at org.springframework.context.support.AbstractApplicationContext.finishBeanFactoryInitialization(AbstractApplicationContext.java:946)
	at org.springframework.context.support.AbstractApplicationContext.refresh(AbstractApplicationContext.java:616)
	at org.springframework.boot.web.servlet.context.ServletWebServerApplicationContext.refresh(ServletWebServerApplicationContext.java:146)
	at org.springframework.boot.SpringApplication.refresh(SpringApplication.java:753)
	at org.springframework.boot.SpringApplication.refreshContext(SpringApplication.java:455)
	at org.springframework.boot.SpringApplication.run(SpringApplication.java:323)
	at org.springframework.boot.SpringApplication.run(SpringApplication.java:1342)
	at org.springframework.boot.SpringApplication.run(SpringApplication.java:1331)
	at com.plants.api.ApiApplication.main(ApiApplication.java:10)
Caused by: org.springframework.jdbc.datasource.init.ScriptStatementFailedException: Failed to execute SQL script statement #1 of class path resource [data.sql]: INSERT INTO users (id, email, password, role, created_at) VALUES (1, 'user1@example.com', '$2a$10$0G8q0f0x7u0h8u0j8u0jeFJj8u0j8u0j8u0j8u0j8u0j8u0j8u0', 'USER', NOW()), (2, 'user2@example.com', '$2a$10$1H9r1g1y8v1i9v1k9v1kfGKk9v1k9v1k9v1k9v1k9v1k9v1k9v1', 'USER', NOW()), (3, 'user3@example.com', '$2a$10$2J0s2h2z9w2j0w2l0w2lgHLl0w2l0w2l0w2l0w2l0w2l0w2l0w2', 'USER', NOW())
	at org.springframework.jdbc.datasource.init.ScriptUtils.executeSqlScript(ScriptUtils.java:282)
	at org.springframework.jdbc.datasource.init.ResourceDatabasePopulator.populate(ResourceDatabasePopulator.java:254)
	at org.springframework.jdbc.datasource.init.DatabasePopulatorUtils.execute(DatabasePopulatorUtils.java:54)
	at org.springframework.boot.jdbc.init.DataSourceScriptDatabaseInitializer.runScripts(DataSourceScriptDatabaseInitializer.java:87)
	at org.springframework.boot.sql.init.AbstractScriptDatabaseInitializer.runScripts(AbstractScriptDatabaseInitializer.java:146)
	at org.springframework.boot.sql.init.AbstractScriptDatabaseInitializer.applyScripts(AbstractScriptDatabaseInitializer.java:108)
	at org.springframework.boot.sql.init.AbstractScriptDatabaseInitializer.applyDataScripts(AbstractScriptDatabaseInitializer.java:102)
	at org.springframework.boot.sql.init.AbstractScriptDatabaseInitializer.initializeDatabase(AbstractScriptDatabaseInitializer.java:77)
	at org.springframework.boot.sql.init.AbstractScriptDatabaseInitializer.afterPropertiesSet(AbstractScriptDatabaseInitializer.java:66)
	at org.springframework.beans.factory.support.AbstractAutowireCapableBeanFactory.invokeInitMethods(AbstractAutowireCapableBeanFactory.java:1822)
	at org.springframework.beans.factory.support.AbstractAutowireCapableBeanFactory.initializeBean(AbstractAutowireCapableBeanFactory.java:1771)
	... 18 common frames omitted
Caused by: org.postgresql.util.PSQLException: ERROR: duplicate key value violates unique constraint "users_pkey"
  Détail : Key (id)=(1) already exists.
	at org.postgresql.core.v3.QueryExecutorImpl.receiveErrorResponse(QueryExecutorImpl.java:2713)
	at org.postgresql.core.v3.QueryExecutorImpl.processResults(QueryExecutorImpl.java:2401)
	at org.postgresql.core.v3.QueryExecutorImpl.execute(QueryExecutorImpl.java:368)
	at org.postgresql.jdbc.PgStatement.executeInternal(PgStatement.java:498)
	at org.postgresql.jdbc.PgStatement.execute(PgStatement.java:415)
	at org.postgresql.jdbc.PgStatement.executeWithFlags(PgStatement.java:335)
	at org.postgresql.jdbc.PgStatement.executeCachedSql(PgStatement.java:321)
	at org.postgresql.jdbc.PgStatement.executeWithFlags(PgStatement.java:297)
	at org.postgresql.jdbc.PgStatement.execute(PgStatement.java:292)
	at com.zaxxer.hikari.pool.ProxyStatement.execute(ProxyStatement.java:94)
	at com.zaxxer.hikari.pool.HikariProxyStatement.execute(HikariProxyStatement.java)
	at org.springframework.jdbc.datasource.init.ScriptUtils.executeSqlScript(ScriptUtils.java:261)
	... 28 common frames omitted
2026-05-20 17:02:29 INFO  [background-preinit] o.h.validator.internal.util.Version - HV000001: Hibernate Validator 8.0.1.Final
2026-05-20 17:02:29 INFO  [main] com.plants.api.ApiApplication - Starting ApiApplication using Java 21.0.11 with PID 42904 (C:\Users\kader\plants-medicinales-SaaS\target\classes started by kader in C:\Users\kader\plants-medicinales-SaaS)
2026-05-20 17:02:29 DEBUG [main] com.plants.api.ApiApplication - Running with Spring Boot v3.2.0, Spring v6.1.1
2026-05-20 17:02:29 INFO  [main] com.plants.api.ApiApplication - The following 1 profile is active: "dev"
2026-05-20 17:02:30 INFO  [main] o.s.d.r.c.RepositoryConfigurationDelegate - Multiple Spring Data modules found, entering strict repository configuration mode
2026-05-20 17:02:30 INFO  [main] o.s.d.r.c.RepositoryConfigurationDelegate - Bootstrapping Spring Data JPA repositories in DEFAULT mode.
2026-05-20 17:02:30 INFO  [main] o.s.d.r.c.RepositoryConfigurationDelegate - Finished Spring Data repository scanning in 109 ms. Found 8 JPA repository interfaces.
2026-05-20 17:02:30 INFO  [main] o.s.d.r.c.RepositoryConfigurationDelegate - Multiple Spring Data modules found, entering strict repository configuration mode
2026-05-20 17:02:30 INFO  [main] o.s.d.r.c.RepositoryConfigurationDelegate - Bootstrapping Spring Data Redis repositories in DEFAULT mode.
2026-05-20 17:02:30 INFO  [main] o.s.d.r.c.RepositoryConfigurationExtensionSupport - Spring Data Redis - Could not safely identify store assignment for repository candidate interface com.plants.api.repositories.AffiliateClickRepository; If you want this repository to be a Redis repository, consider annotating your entities with one of these annotations: org.springframework.data.redis.core.RedisHash (preferred), or consider extending one of the following types with your repository: org.springframework.data.keyvalue.repository.KeyValueRepository
2026-05-20 17:02:30 INFO  [main] o.s.d.r.c.RepositoryConfigurationExtensionSupport - Spring Data Redis - Could not safely identify store assignment for repository candidate interface com.plants.api.repositories.AffiliateProductRepository; If you want this repository to be a Redis repository, consider annotating your entities with one of these annotations: org.springframework.data.redis.core.RedisHash (preferred), or consider extending one of the following types with your repository: org.springframework.data.keyvalue.repository.KeyValueRepository
2026-05-20 17:02:30 INFO  [main] o.s.d.r.c.RepositoryConfigurationExtensionSupport - Spring Data Redis - Could not safely identify store assignment for repository candidate interface com.plants.api.repositories.ArticleRepository; If you want this repository to be a Redis repository, consider annotating your entities with one of these annotations: org.springframework.data.redis.core.RedisHash (preferred), or consider extending one of the following types with your repository: org.springframework.data.keyvalue.repository.KeyValueRepository
2026-05-20 17:02:30 INFO  [main] o.s.d.r.c.RepositoryConfigurationExtensionSupport - Spring Data Redis - Could not safely identify store assignment for repository candidate interface com.plants.api.repositories.CommentRepository; If you want this repository to be a Redis repository, consider annotating your entities with one of these annotations: org.springframework.data.redis.core.RedisHash (preferred), or consider extending one of the following types with your repository: org.springframework.data.keyvalue.repository.KeyValueRepository
2026-05-20 17:02:30 INFO  [main] o.s.d.r.c.RepositoryConfigurationExtensionSupport - Spring Data Redis - Could not safely identify store assignment for repository candidate interface com.plants.api.repositories.FavoriteRepository; If you want this repository to be a Redis repository, consider annotating your entities with one of these annotations: org.springframework.data.redis.core.RedisHash (preferred), or consider extending one of the following types with your repository: org.springframework.data.keyvalue.repository.KeyValueRepository
2026-05-20 17:02:30 INFO  [main] o.s.d.r.c.RepositoryConfigurationExtensionSupport - Spring Data Redis - Could not safely identify store assignment for repository candidate interface com.plants.api.repositories.OilRepository; If you want this repository to be a Redis repository, consider annotating your entities with one of these annotations: org.springframework.data.redis.core.RedisHash (preferred), or consider extending one of the following types with your repository: org.springframework.data.keyvalue.repository.KeyValueRepository
2026-05-20 17:02:30 INFO  [main] o.s.d.r.c.RepositoryConfigurationExtensionSupport - Spring Data Redis - Could not safely identify store assignment for repository candidate interface com.plants.api.repositories.PlantRepository; If you want this repository to be a Redis repository, consider annotating your entities with one of these annotations: org.springframework.data.redis.core.RedisHash (preferred), or consider extending one of the following types with your repository: org.springframework.data.keyvalue.repository.KeyValueRepository
2026-05-20 17:02:30 INFO  [main] o.s.d.r.c.RepositoryConfigurationExtensionSupport - Spring Data Redis - Could not safely identify store assignment for repository candidate interface com.plants.api.repositories.UserRepository; If you want this repository to be a Redis repository, consider annotating your entities with one of these annotations: org.springframework.data.redis.core.RedisHash (preferred), or consider extending one of the following types with your repository: org.springframework.data.keyvalue.repository.KeyValueRepository
2026-05-20 17:02:30 INFO  [main] o.s.d.r.c.RepositoryConfigurationDelegate - Finished Spring Data repository scanning in 6 ms. Found 0 Redis repository interfaces.
2026-05-20 17:02:31 INFO  [main] o.s.b.w.e.tomcat.TomcatWebServer - Tomcat initialized with port 8080 (http)
2026-05-20 17:02:31 INFO  [main] o.a.coyote.http11.Http11NioProtocol - Initializing ProtocolHandler ["http-nio-8080"]
2026-05-20 17:02:31 INFO  [main] o.a.catalina.core.StandardService - Starting service [Tomcat]
2026-05-20 17:02:31 INFO  [main] o.a.catalina.core.StandardEngine - Starting Servlet engine: [Apache Tomcat/10.1.16]
2026-05-20 17:02:31 INFO  [main] o.a.c.c.C.[Tomcat].[localhost].[/] - Initializing Spring embedded WebApplicationContext
2026-05-20 17:02:31 INFO  [main] o.s.b.w.s.c.ServletWebServerApplicationContext - Root WebApplicationContext: initialization completed in 1743 ms
2026-05-20 17:02:31 INFO  [main] o.h.jpa.internal.util.LogHelper - HHH000204: Processing PersistenceUnitInfo [name: default]
2026-05-20 17:02:31 INFO  [main] org.hibernate.Version - HHH000412: Hibernate ORM core version 6.3.1.Final
2026-05-20 17:02:31 INFO  [main] o.h.c.i.RegionFactoryInitiator - HHH000026: Second-level cache disabled
2026-05-20 17:02:31 INFO  [main] o.s.o.j.p.SpringPersistenceUnitInfo - No LoadTimeWeaver setup: ignoring JPA class transformer
2026-05-20 17:02:31 INFO  [main] com.zaxxer.hikari.HikariDataSource - HikariPool-1 - Starting...
2026-05-20 17:02:32 INFO  [main] com.zaxxer.hikari.pool.HikariPool - HikariPool-1 - Added connection org.postgresql.jdbc.PgConnection@563ab6d5
2026-05-20 17:02:32 INFO  [main] com.zaxxer.hikari.HikariDataSource - HikariPool-1 - Start completed.
2026-05-20 17:02:32 WARN  [main] org.hibernate.orm.deprecation - HHH90000025: PostgreSQLDialect does not need to be specified explicitly using 'hibernate.dialect' (remove the property setting and it will be selected by default)
2026-05-20 17:02:32 INFO  [main] o.h.e.t.j.p.i.JtaPlatformInitiator - HHH000489: No JTA platform available (set 'hibernate.transaction.jta.platform' to enable JTA platform integration)
2026-05-20 17:02:32 INFO  [main] o.s.o.j.LocalContainerEntityManagerFactoryBean - Initialized JPA EntityManagerFactory for persistence unit 'default'
2026-05-20 17:02:33 DEBUG [main] c.p.a.s.JwtAuthenticationFilter - Filter 'jwtAuthenticationFilter' configured for use
2026-05-20 17:02:33 DEBUG [main] o.s.w.f.ServerHttpObservationFilter - Filter 'webMvcObservationFilter' configured for use
2026-05-20 17:02:33 INFO  [main] o.s.d.j.r.query.QueryEnhancerFactory - Hibernate is in classpath; If applicable, HQL parser will be used.
2026-05-20 17:02:34 WARN  [main] o.s.b.a.o.j.JpaBaseConfiguration$JpaWebConfiguration - spring.jpa.open-in-view is enabled by default. Therefore, database queries may be performed during view rendering. Explicitly configure spring.jpa.open-in-view to disable this warning
2026-05-20 17:02:34 DEBUG [main] o.s.w.s.m.m.a.RequestMappingHandlerMapping - 61 mappings in 'requestMappingHandlerMapping'
2026-05-20 17:02:34 DEBUG [main] o.s.w.s.h.SimpleUrlHandlerMapping - Patterns [/swagger-ui*/*swagger-initializer.js, /swagger-ui*/**] in 'resourceHandlerMapping'
2026-05-20 17:02:34 DEBUG [main] o.s.w.s.m.m.a.RequestMappingHandlerAdapter - ControllerAdvice beans: 0 @ModelAttribute, 0 @InitBinder, 1 RequestBodyAdvice, 1 ResponseBodyAdvice
2026-05-20 17:02:34 DEBUG [main] o.s.w.s.m.m.a.ExceptionHandlerExceptionResolver - ControllerAdvice beans: 2 @ExceptionHandler, 1 ResponseBodyAdvice
2026-05-20 17:02:35 INFO  [main] o.s.b.a.e.web.EndpointLinksResolver - Exposing 1 endpoint(s) beneath base path '/actuator'
2026-05-20 17:02:35 INFO  [main] o.s.s.web.DefaultSecurityFilterChain - Will secure any request with [org.springframework.security.web.session.DisableEncodeUrlFilter@4ad3f113, org.springframework.security.web.context.request.async.WebAsyncManagerIntegrationFilter@19b019a6, org.springframework.security.web.context.SecurityContextHolderFilter@4c49471c, org.springframework.security.web.header.HeaderWriterFilter@764b7ff7, org.springframework.web.filter.CorsFilter@37aae870, org.springframework.security.web.authentication.logout.LogoutFilter@151cbba4, com.plants.api.security.JwtAuthenticationFilter@57af157c, org.springframework.security.web.savedrequest.RequestCacheAwareFilter@6a82a388, org.springframework.security.web.servletapi.SecurityContextHolderAwareRequestFilter@6391313a, org.springframework.security.web.authentication.AnonymousAuthenticationFilter@1571a63a, org.springframework.security.web.session.SessionManagementFilter@bf3fe88, org.springframework.security.web.access.ExceptionTranslationFilter@2280c0f5, org.springframework.security.web.access.intercept.AuthorizationFilter@4fba033c]
2026-05-20 17:02:35 WARN  [main] o.s.b.w.s.c.AnnotationConfigServletWebServerApplicationContext - Exception encountered during context initialization - cancelling refresh attempt: org.springframework.beans.factory.BeanCreationException: Error creating bean with name 'dataSourceScriptDatabaseInitializer' defined in class path resource [org/springframework/boot/autoconfigure/sql/init/DataSourceInitializationConfiguration.class]: Failed to execute SQL script statement #1 of class path resource [data.sql]: INSERT INTO users (id, email, password, role, created_at) VALUES (1, 'user1@example.com', '$2a$10$0G8q0f0x7u0h8u0j8u0jeFJj8u0j8u0j8u0j8u0j8u0j8u0j8u0', 'USER', NOW()), (2, 'user2@example.com', '$2a$10$1H9r1g1y8v1i9v1k9v1kfGKk9v1k9v1k9v1k9v1k9v1k9v1k9v1', 'USER', NOW()), (3, 'user3@example.com', '$2a$10$2J0s2h2z9w2j0w2l0w2lgHLl0w2l0w2l0w2l0w2l0w2l0w2l0w2', 'USER', NOW())
2026-05-20 17:02:35 INFO  [main] o.s.o.j.LocalContainerEntityManagerFactoryBean - Closing JPA EntityManagerFactory for persistence unit 'default'
2026-05-20 17:02:35 INFO  [main] com.zaxxer.hikari.HikariDataSource - HikariPool-1 - Shutdown initiated...
2026-05-20 17:02:35 INFO  [main] com.zaxxer.hikari.HikariDataSource - HikariPool-1 - Shutdown completed.
2026-05-20 17:02:35 INFO  [main] o.a.catalina.core.StandardService - Stopping service [Tomcat]
2026-05-20 17:02:35 INFO  [main] o.s.b.a.l.ConditionEvaluationReportLogger - 

Error starting ApplicationContext. To display the condition evaluation report re-run your application with 'debug' enabled.
2026-05-20 17:02:35 ERROR [main] o.s.boot.SpringApplication - Application run failed
org.springframework.beans.factory.BeanCreationException: Error creating bean with name 'dataSourceScriptDatabaseInitializer' defined in class path resource [org/springframework/boot/autoconfigure/sql/init/DataSourceInitializationConfiguration.class]: Failed to execute SQL script statement #1 of class path resource [data.sql]: INSERT INTO users (id, email, password, role, created_at) VALUES (1, 'user1@example.com', '$2a$10$0G8q0f0x7u0h8u0j8u0jeFJj8u0j8u0j8u0j8u0j8u0j8u0j8u0', 'USER', NOW()), (2, 'user2@example.com', '$2a$10$1H9r1g1y8v1i9v1k9v1kfGKk9v1k9v1k9v1k9v1k9v1k9v1k9v1', 'USER', NOW()), (3, 'user3@example.com', '$2a$10$2J0s2h2z9w2j0w2l0w2lgHLl0w2l0w2l0w2l0w2l0w2l0w2l0w2', 'USER', NOW())
	at org.springframework.beans.factory.support.AbstractAutowireCapableBeanFactory.initializeBean(AbstractAutowireCapableBeanFactory.java:1775)
	at org.springframework.beans.factory.support.AbstractAutowireCapableBeanFactory.doCreateBean(AbstractAutowireCapableBeanFactory.java:601)
	at org.springframework.beans.factory.support.AbstractAutowireCapableBeanFactory.createBean(AbstractAutowireCapableBeanFactory.java:523)
	at org.springframework.beans.factory.support.AbstractBeanFactory.lambda$doGetBean$0(AbstractBeanFactory.java:325)
	at org.springframework.beans.factory.support.DefaultSingletonBeanRegistry.getSingleton(DefaultSingletonBeanRegistry.java:234)
	at org.springframework.beans.factory.support.AbstractBeanFactory.doGetBean(AbstractBeanFactory.java:323)
	at org.springframework.beans.factory.support.AbstractBeanFactory.getBean(AbstractBeanFactory.java:199)
	at org.springframework.beans.factory.support.AbstractBeanFactory.doGetBean(AbstractBeanFactory.java:312)
	at org.springframework.beans.factory.support.AbstractBeanFactory.getBean(AbstractBeanFactory.java:199)
	at org.springframework.beans.factory.support.DefaultListableBeanFactory.preInstantiateSingletons(DefaultListableBeanFactory.java:973)
	at org.springframework.context.support.AbstractApplicationContext.finishBeanFactoryInitialization(AbstractApplicationContext.java:946)
	at org.springframework.context.support.AbstractApplicationContext.refresh(AbstractApplicationContext.java:616)
	at org.springframework.boot.web.servlet.context.ServletWebServerApplicationContext.refresh(ServletWebServerApplicationContext.java:146)
	at org.springframework.boot.SpringApplication.refresh(SpringApplication.java:753)
	at org.springframework.boot.SpringApplication.refreshContext(SpringApplication.java:455)
	at org.springframework.boot.SpringApplication.run(SpringApplication.java:323)
	at org.springframework.boot.SpringApplication.run(SpringApplication.java:1342)
	at org.springframework.boot.SpringApplication.run(SpringApplication.java:1331)
	at com.plants.api.ApiApplication.main(ApiApplication.java:10)
Caused by: org.springframework.jdbc.datasource.init.ScriptStatementFailedException: Failed to execute SQL script statement #1 of class path resource [data.sql]: INSERT INTO users (id, email, password, role, created_at) VALUES (1, 'user1@example.com', '$2a$10$0G8q0f0x7u0h8u0j8u0jeFJj8u0j8u0j8u0j8u0j8u0j8u0j8u0', 'USER', NOW()), (2, 'user2@example.com', '$2a$10$1H9r1g1y8v1i9v1k9v1kfGKk9v1k9v1k9v1k9v1k9v1k9v1k9v1', 'USER', NOW()), (3, 'user3@example.com', '$2a$10$2J0s2h2z9w2j0w2l0w2lgHLl0w2l0w2l0w2l0w2l0w2l0w2l0w2', 'USER', NOW())
	at org.springframework.jdbc.datasource.init.ScriptUtils.executeSqlScript(ScriptUtils.java:282)
	at org.springframework.jdbc.datasource.init.ResourceDatabasePopulator.populate(ResourceDatabasePopulator.java:254)
	at org.springframework.jdbc.datasource.init.DatabasePopulatorUtils.execute(DatabasePopulatorUtils.java:54)
	at org.springframework.boot.jdbc.init.DataSourceScriptDatabaseInitializer.runScripts(DataSourceScriptDatabaseInitializer.java:87)
	at org.springframework.boot.sql.init.AbstractScriptDatabaseInitializer.runScripts(AbstractScriptDatabaseInitializer.java:146)
	at org.springframework.boot.sql.init.AbstractScriptDatabaseInitializer.applyScripts(AbstractScriptDatabaseInitializer.java:108)
	at org.springframework.boot.sql.init.AbstractScriptDatabaseInitializer.applyDataScripts(AbstractScriptDatabaseInitializer.java:102)
	at org.springframework.boot.sql.init.AbstractScriptDatabaseInitializer.initializeDatabase(AbstractScriptDatabaseInitializer.java:77)
	at org.springframework.boot.sql.init.AbstractScriptDatabaseInitializer.afterPropertiesSet(AbstractScriptDatabaseInitializer.java:66)
	at org.springframework.beans.factory.support.AbstractAutowireCapableBeanFactory.invokeInitMethods(AbstractAutowireCapableBeanFactory.java:1822)
	at org.springframework.beans.factory.support.AbstractAutowireCapableBeanFactory.initializeBean(AbstractAutowireCapableBeanFactory.java:1771)
	... 18 common frames omitted
Caused by: org.postgresql.util.PSQLException: ERROR: duplicate key value violates unique constraint "users_pkey"
  Détail : Key (id)=(1) already exists.
	at org.postgresql.core.v3.QueryExecutorImpl.receiveErrorResponse(QueryExecutorImpl.java:2713)
	at org.postgresql.core.v3.QueryExecutorImpl.processResults(QueryExecutorImpl.java:2401)
	at org.postgresql.core.v3.QueryExecutorImpl.execute(QueryExecutorImpl.java:368)
	at org.postgresql.jdbc.PgStatement.executeInternal(PgStatement.java:498)
	at org.postgresql.jdbc.PgStatement.execute(PgStatement.java:415)
	at org.postgresql.jdbc.PgStatement.executeWithFlags(PgStatement.java:335)
	at org.postgresql.jdbc.PgStatement.executeCachedSql(PgStatement.java:321)
	at org.postgresql.jdbc.PgStatement.executeWithFlags(PgStatement.java:297)
	at org.postgresql.jdbc.PgStatement.execute(PgStatement.java:292)
	at com.zaxxer.hikari.pool.ProxyStatement.execute(ProxyStatement.java:94)
	at com.zaxxer.hikari.pool.HikariProxyStatement.execute(HikariProxyStatement.java)
	at org.springframework.jdbc.datasource.init.ScriptUtils.executeSqlScript(ScriptUtils.java:261)
	... 28 common frames omitted
2026-05-20 17:07:36 INFO  [background-preinit] o.h.validator.internal.util.Version - HV000001: Hibernate Validator 8.0.1.Final
2026-05-20 17:07:36 INFO  [main] com.plants.api.ApiApplication - Starting ApiApplication using Java 21.0.11 with PID 4856 (C:\Users\kader\plants-medicinales-SaaS\target\classes started by kader in C:\Users\kader\plants-medicinales-SaaS)
2026-05-20 17:07:36 DEBUG [main] com.plants.api.ApiApplication - Running with Spring Boot v3.2.0, Spring v6.1.1
2026-05-20 17:07:36 INFO  [main] com.plants.api.ApiApplication - The following 1 profile is active: "dev"
2026-05-20 17:07:37 INFO  [main] o.s.d.r.c.RepositoryConfigurationDelegate - Multiple Spring Data modules found, entering strict repository configuration mode
2026-05-20 17:07:37 INFO  [main] o.s.d.r.c.RepositoryConfigurationDelegate - Bootstrapping Spring Data JPA repositories in DEFAULT mode.
2026-05-20 17:07:37 INFO  [main] o.s.d.r.c.RepositoryConfigurationDelegate - Finished Spring Data repository scanning in 109 ms. Found 8 JPA repository interfaces.
2026-05-20 17:07:37 INFO  [main] o.s.d.r.c.RepositoryConfigurationDelegate - Multiple Spring Data modules found, entering strict repository configuration mode
2026-05-20 17:07:37 INFO  [main] o.s.d.r.c.RepositoryConfigurationDelegate - Bootstrapping Spring Data Redis repositories in DEFAULT mode.
2026-05-20 17:07:37 INFO  [main] o.s.d.r.c.RepositoryConfigurationExtensionSupport - Spring Data Redis - Could not safely identify store assignment for repository candidate interface com.plants.api.repositories.AffiliateClickRepository; If you want this repository to be a Redis repository, consider annotating your entities with one of these annotations: org.springframework.data.redis.core.RedisHash (preferred), or consider extending one of the following types with your repository: org.springframework.data.keyvalue.repository.KeyValueRepository
2026-05-20 17:07:37 INFO  [main] o.s.d.r.c.RepositoryConfigurationExtensionSupport - Spring Data Redis - Could not safely identify store assignment for repository candidate interface com.plants.api.repositories.AffiliateProductRepository; If you want this repository to be a Redis repository, consider annotating your entities with one of these annotations: org.springframework.data.redis.core.RedisHash (preferred), or consider extending one of the following types with your repository: org.springframework.data.keyvalue.repository.KeyValueRepository
2026-05-20 17:07:37 INFO  [main] o.s.d.r.c.RepositoryConfigurationExtensionSupport - Spring Data Redis - Could not safely identify store assignment for repository candidate interface com.plants.api.repositories.ArticleRepository; If you want this repository to be a Redis repository, consider annotating your entities with one of these annotations: org.springframework.data.redis.core.RedisHash (preferred), or consider extending one of the following types with your repository: org.springframework.data.keyvalue.repository.KeyValueRepository
2026-05-20 17:07:37 INFO  [main] o.s.d.r.c.RepositoryConfigurationExtensionSupport - Spring Data Redis - Could not safely identify store assignment for repository candidate interface com.plants.api.repositories.CommentRepository; If you want this repository to be a Redis repository, consider annotating your entities with one of these annotations: org.springframework.data.redis.core.RedisHash (preferred), or consider extending one of the following types with your repository: org.springframework.data.keyvalue.repository.KeyValueRepository
2026-05-20 17:07:37 INFO  [main] o.s.d.r.c.RepositoryConfigurationExtensionSupport - Spring Data Redis - Could not safely identify store assignment for repository candidate interface com.plants.api.repositories.FavoriteRepository; If you want this repository to be a Redis repository, consider annotating your entities with one of these annotations: org.springframework.data.redis.core.RedisHash (preferred), or consider extending one of the following types with your repository: org.springframework.data.keyvalue.repository.KeyValueRepository
2026-05-20 17:07:37 INFO  [main] o.s.d.r.c.RepositoryConfigurationExtensionSupport - Spring Data Redis - Could not safely identify store assignment for repository candidate interface com.plants.api.repositories.OilRepository; If you want this repository to be a Redis repository, consider annotating your entities with one of these annotations: org.springframework.data.redis.core.RedisHash (preferred), or consider extending one of the following types with your repository: org.springframework.data.keyvalue.repository.KeyValueRepository
2026-05-20 17:07:37 INFO  [main] o.s.d.r.c.RepositoryConfigurationExtensionSupport - Spring Data Redis - Could not safely identify store assignment for repository candidate interface com.plants.api.repositories.PlantRepository; If you want this repository to be a Redis repository, consider annotating your entities with one of these annotations: org.springframework.data.redis.core.RedisHash (preferred), or consider extending one of the following types with your repository: org.springframework.data.keyvalue.repository.KeyValueRepository
2026-05-20 17:07:37 INFO  [main] o.s.d.r.c.RepositoryConfigurationExtensionSupport - Spring Data Redis - Could not safely identify store assignment for repository candidate interface com.plants.api.repositories.UserRepository; If you want this repository to be a Redis repository, consider annotating your entities with one of these annotations: org.springframework.data.redis.core.RedisHash (preferred), or consider extending one of the following types with your repository: org.springframework.data.keyvalue.repository.KeyValueRepository
2026-05-20 17:07:37 INFO  [main] o.s.d.r.c.RepositoryConfigurationDelegate - Finished Spring Data repository scanning in 5 ms. Found 0 Redis repository interfaces.
2026-05-20 17:07:38 INFO  [main] o.s.b.w.e.tomcat.TomcatWebServer - Tomcat initialized with port 8080 (http)
2026-05-20 17:07:38 INFO  [main] o.a.coyote.http11.Http11NioProtocol - Initializing ProtocolHandler ["http-nio-8080"]
2026-05-20 17:07:38 INFO  [main] o.a.catalina.core.StandardService - Starting service [Tomcat]
2026-05-20 17:07:38 INFO  [main] o.a.catalina.core.StandardEngine - Starting Servlet engine: [Apache Tomcat/10.1.16]
2026-05-20 17:07:38 INFO  [main] o.a.c.c.C.[Tomcat].[localhost].[/] - Initializing Spring embedded WebApplicationContext
2026-05-20 17:07:38 INFO  [main] o.s.b.w.s.c.ServletWebServerApplicationContext - Root WebApplicationContext: initialization completed in 1629 ms
2026-05-20 17:07:38 INFO  [main] o.h.jpa.internal.util.LogHelper - HHH000204: Processing PersistenceUnitInfo [name: default]
2026-05-20 17:07:38 INFO  [main] org.hibernate.Version - HHH000412: Hibernate ORM core version 6.3.1.Final
2026-05-20 17:07:38 INFO  [main] o.h.c.i.RegionFactoryInitiator - HHH000026: Second-level cache disabled
2026-05-20 17:07:38 INFO  [main] o.s.o.j.p.SpringPersistenceUnitInfo - No LoadTimeWeaver setup: ignoring JPA class transformer
2026-05-20 17:07:38 INFO  [main] com.zaxxer.hikari.HikariDataSource - HikariPool-1 - Starting...
2026-05-20 17:07:38 INFO  [main] com.zaxxer.hikari.pool.HikariPool - HikariPool-1 - Added connection org.postgresql.jdbc.PgConnection@3c2188f
2026-05-20 17:07:38 INFO  [main] com.zaxxer.hikari.HikariDataSource - HikariPool-1 - Start completed.
2026-05-20 17:07:38 WARN  [main] org.hibernate.orm.deprecation - HHH90000025: PostgreSQLDialect does not need to be specified explicitly using 'hibernate.dialect' (remove the property setting and it will be selected by default)
2026-05-20 17:07:39 INFO  [main] o.h.e.t.j.p.i.JtaPlatformInitiator - HHH000489: No JTA platform available (set 'hibernate.transaction.jta.platform' to enable JTA platform integration)
2026-05-20 17:07:39 INFO  [main] o.s.o.j.LocalContainerEntityManagerFactoryBean - Initialized JPA EntityManagerFactory for persistence unit 'default'
2026-05-20 17:07:40 DEBUG [main] c.p.a.s.JwtAuthenticationFilter - Filter 'jwtAuthenticationFilter' configured for use
2026-05-20 17:07:40 DEBUG [main] o.s.w.f.ServerHttpObservationFilter - Filter 'webMvcObservationFilter' configured for use
2026-05-20 17:07:40 INFO  [main] o.s.d.j.r.query.QueryEnhancerFactory - Hibernate is in classpath; If applicable, HQL parser will be used.
2026-05-20 17:07:41 WARN  [main] o.s.b.a.o.j.JpaBaseConfiguration$JpaWebConfiguration - spring.jpa.open-in-view is enabled by default. Therefore, database queries may be performed during view rendering. Explicitly configure spring.jpa.open-in-view to disable this warning
2026-05-20 17:07:41 DEBUG [main] o.s.w.s.m.m.a.RequestMappingHandlerMapping - 61 mappings in 'requestMappingHandlerMapping'
2026-05-20 17:07:41 DEBUG [main] o.s.w.s.h.SimpleUrlHandlerMapping - Patterns [/swagger-ui*/*swagger-initializer.js, /swagger-ui*/**] in 'resourceHandlerMapping'
2026-05-20 17:07:41 DEBUG [main] o.s.w.s.m.m.a.RequestMappingHandlerAdapter - ControllerAdvice beans: 0 @ModelAttribute, 0 @InitBinder, 1 RequestBodyAdvice, 1 ResponseBodyAdvice
2026-05-20 17:07:41 DEBUG [main] o.s.w.s.m.m.a.ExceptionHandlerExceptionResolver - ControllerAdvice beans: 2 @ExceptionHandler, 1 ResponseBodyAdvice
2026-05-20 17:07:41 INFO  [main] o.s.b.a.e.web.EndpointLinksResolver - Exposing 1 endpoint(s) beneath base path '/actuator'
2026-05-20 17:07:41 INFO  [main] o.s.s.web.DefaultSecurityFilterChain - Will secure any request with [org.springframework.security.web.session.DisableEncodeUrlFilter@1571a63a, org.springframework.security.web.context.request.async.WebAsyncManagerIntegrationFilter@40ff96ee, org.springframework.security.web.context.SecurityContextHolderFilter@22e3d222, org.springframework.security.web.header.HeaderWriterFilter@3bd6ce4e, org.springframework.web.filter.CorsFilter@599bda7e, org.springframework.security.web.authentication.logout.LogoutFilter@35bd146b, com.plants.api.security.JwtAuthenticationFilter@24a5ddd7, org.springframework.security.web.savedrequest.RequestCacheAwareFilter@2afba04b, org.springframework.security.web.servletapi.SecurityContextHolderAwareRequestFilter@10683f87, org.springframework.security.web.authentication.AnonymousAuthenticationFilter@39124055, org.springframework.security.web.session.SessionManagementFilter@3b60efd8, org.springframework.security.web.access.ExceptionTranslationFilter@f4352c6, org.springframework.security.web.access.intercept.AuthorizationFilter@3ebda1be]
2026-05-20 17:07:41 WARN  [main] o.s.b.w.s.c.AnnotationConfigServletWebServerApplicationContext - Exception encountered during context initialization - cancelling refresh attempt: org.springframework.beans.factory.BeanCreationException: Error creating bean with name 'dataSourceScriptDatabaseInitializer' defined in class path resource [org/springframework/boot/autoconfigure/sql/init/DataSourceInitializationConfiguration.class]: Failed to execute SQL script statement #1 of class path resource [data.sql]: INSERT INTO users (id, email, password, role, created_at) VALUES (1, 'user1@example.com', '$2a$10$0G8q0f0x7u0h8u0j8u0jeFJj8u0j8u0j8u0j8u0j8u0j8u0j8u0', 'USER', NOW()), (2, 'user2@example.com', '$2a$10$1H9r1g1y8v1i9v1k9v1kfGKk9v1k9v1k9v1k9v1k9v1k9v1k9v1', 'USER', NOW()), (3, 'user3@example.com', '$2a$10$2J0s2h2z9w2j0w2l0w2lgHLl0w2l0w2l0w2l0w2l0w2l0w2l0w2', 'USER', NOW())
2026-05-20 17:07:41 INFO  [main] o.s.o.j.LocalContainerEntityManagerFactoryBean - Closing JPA EntityManagerFactory for persistence unit 'default'
2026-05-20 17:07:41 INFO  [main] com.zaxxer.hikari.HikariDataSource - HikariPool-1 - Shutdown initiated...
2026-05-20 17:07:41 INFO  [main] com.zaxxer.hikari.HikariDataSource - HikariPool-1 - Shutdown completed.
2026-05-20 17:07:41 INFO  [main] o.a.catalina.core.StandardService - Stopping service [Tomcat]
2026-05-20 17:07:41 INFO  [main] o.s.b.a.l.ConditionEvaluationReportLogger - 

Error starting ApplicationContext. To display the condition evaluation report re-run your application with 'debug' enabled.
2026-05-20 17:07:41 ERROR [main] o.s.boot.SpringApplication - Application run failed
org.springframework.beans.factory.BeanCreationException: Error creating bean with name 'dataSourceScriptDatabaseInitializer' defined in class path resource [org/springframework/boot/autoconfigure/sql/init/DataSourceInitializationConfiguration.class]: Failed to execute SQL script statement #1 of class path resource [data.sql]: INSERT INTO users (id, email, password, role, created_at) VALUES (1, 'user1@example.com', '$2a$10$0G8q0f0x7u0h8u0j8u0jeFJj8u0j8u0j8u0j8u0j8u0j8u0j8u0', 'USER', NOW()), (2, 'user2@example.com', '$2a$10$1H9r1g1y8v1i9v1k9v1kfGKk9v1k9v1k9v1k9v1k9v1k9v1k9v1', 'USER', NOW()), (3, 'user3@example.com', '$2a$10$2J0s2h2z9w2j0w2l0w2lgHLl0w2l0w2l0w2l0w2l0w2l0w2l0w2', 'USER', NOW())
	at org.springframework.beans.factory.support.AbstractAutowireCapableBeanFactory.initializeBean(AbstractAutowireCapableBeanFactory.java:1775)
	at org.springframework.beans.factory.support.AbstractAutowireCapableBeanFactory.doCreateBean(AbstractAutowireCapableBeanFactory.java:601)
	at org.springframework.beans.factory.support.AbstractAutowireCapableBeanFactory.createBean(AbstractAutowireCapableBeanFactory.java:523)
	at org.springframework.beans.factory.support.AbstractBeanFactory.lambda$doGetBean$0(AbstractBeanFactory.java:325)
	at org.springframework.beans.factory.support.DefaultSingletonBeanRegistry.getSingleton(DefaultSingletonBeanRegistry.java:234)
	at org.springframework.beans.factory.support.AbstractBeanFactory.doGetBean(AbstractBeanFactory.java:323)
	at org.springframework.beans.factory.support.AbstractBeanFactory.getBean(AbstractBeanFactory.java:199)
	at org.springframework.beans.factory.support.AbstractBeanFactory.doGetBean(AbstractBeanFactory.java:312)
	at org.springframework.beans.factory.support.AbstractBeanFactory.getBean(AbstractBeanFactory.java:199)
	at org.springframework.beans.factory.support.DefaultListableBeanFactory.preInstantiateSingletons(DefaultListableBeanFactory.java:973)
	at org.springframework.context.support.AbstractApplicationContext.finishBeanFactoryInitialization(AbstractApplicationContext.java:946)
	at org.springframework.context.support.AbstractApplicationContext.refresh(AbstractApplicationContext.java:616)
	at org.springframework.boot.web.servlet.context.ServletWebServerApplicationContext.refresh(ServletWebServerApplicationContext.java:146)
	at org.springframework.boot.SpringApplication.refresh(SpringApplication.java:753)
	at org.springframework.boot.SpringApplication.refreshContext(SpringApplication.java:455)
	at org.springframework.boot.SpringApplication.run(SpringApplication.java:323)
	at org.springframework.boot.SpringApplication.run(SpringApplication.java:1342)
	at org.springframework.boot.SpringApplication.run(SpringApplication.java:1331)
	at com.plants.api.ApiApplication.main(ApiApplication.java:10)
Caused by: org.springframework.jdbc.datasource.init.ScriptStatementFailedException: Failed to execute SQL script statement #1 of class path resource [data.sql]: INSERT INTO users (id, email, password, role, created_at) VALUES (1, 'user1@example.com', '$2a$10$0G8q0f0x7u0h8u0j8u0jeFJj8u0j8u0j8u0j8u0j8u0j8u0j8u0', 'USER', NOW()), (2, 'user2@example.com', '$2a$10$1H9r1g1y8v1i9v1k9v1kfGKk9v1k9v1k9v1k9v1k9v1k9v1k9v1', 'USER', NOW()), (3, 'user3@example.com', '$2a$10$2J0s2h2z9w2j0w2l0w2lgHLl0w2l0w2l0w2l0w2l0w2l0w2l0w2', 'USER', NOW())
	at org.springframework.jdbc.datasource.init.ScriptUtils.executeSqlScript(ScriptUtils.java:282)
	at org.springframework.jdbc.datasource.init.ResourceDatabasePopulator.populate(ResourceDatabasePopulator.java:254)
	at org.springframework.jdbc.datasource.init.DatabasePopulatorUtils.execute(DatabasePopulatorUtils.java:54)
	at org.springframework.boot.jdbc.init.DataSourceScriptDatabaseInitializer.runScripts(DataSourceScriptDatabaseInitializer.java:87)
	at org.springframework.boot.sql.init.AbstractScriptDatabaseInitializer.runScripts(AbstractScriptDatabaseInitializer.java:146)
	at org.springframework.boot.sql.init.AbstractScriptDatabaseInitializer.applyScripts(AbstractScriptDatabaseInitializer.java:108)
	at org.springframework.boot.sql.init.AbstractScriptDatabaseInitializer.applyDataScripts(AbstractScriptDatabaseInitializer.java:102)
	at org.springframework.boot.sql.init.AbstractScriptDatabaseInitializer.initializeDatabase(AbstractScriptDatabaseInitializer.java:77)
	at org.springframework.boot.sql.init.AbstractScriptDatabaseInitializer.afterPropertiesSet(AbstractScriptDatabaseInitializer.java:66)
	at org.springframework.beans.factory.support.AbstractAutowireCapableBeanFactory.invokeInitMethods(AbstractAutowireCapableBeanFactory.java:1822)
	at org.springframework.beans.factory.support.AbstractAutowireCapableBeanFactory.initializeBean(AbstractAutowireCapableBeanFactory.java:1771)
	... 18 common frames omitted
Caused by: org.postgresql.util.PSQLException: ERROR: duplicate key value violates unique constraint "users_pkey"
  Détail : Key (id)=(1) already exists.
	at org.postgresql.core.v3.QueryExecutorImpl.receiveErrorResponse(QueryExecutorImpl.java:2713)
	at org.postgresql.core.v3.QueryExecutorImpl.processResults(QueryExecutorImpl.java:2401)
	at org.postgresql.core.v3.QueryExecutorImpl.execute(QueryExecutorImpl.java:368)
	at org.postgresql.jdbc.PgStatement.executeInternal(PgStatement.java:498)
	at org.postgresql.jdbc.PgStatement.execute(PgStatement.java:415)
	at org.postgresql.jdbc.PgStatement.executeWithFlags(PgStatement.java:335)
	at org.postgresql.jdbc.PgStatement.executeCachedSql(PgStatement.java:321)
	at org.postgresql.jdbc.PgStatement.executeWithFlags(PgStatement.java:297)
	at org.postgresql.jdbc.PgStatement.execute(PgStatement.java:292)
	at com.zaxxer.hikari.pool.ProxyStatement.execute(ProxyStatement.java:94)
	at com.zaxxer.hikari.pool.HikariProxyStatement.execute(HikariProxyStatement.java)
	at org.springframework.jdbc.datasource.init.ScriptUtils.executeSqlScript(ScriptUtils.java:261)
	... 28 common frames omitted
2026-05-20 17:09:34 INFO  [background-preinit] o.h.validator.internal.util.Version - HV000001: Hibernate Validator 8.0.1.Final
2026-05-20 17:09:34 INFO  [main] com.plants.api.ApiApplication - Starting ApiApplication using Java 21.0.11 with PID 32600 (C:\Users\kader\plants-medicinales-SaaS\target\classes started by kader in C:\Users\kader\plants-medicinales-SaaS)
2026-05-20 17:09:34 DEBUG [main] com.plants.api.ApiApplication - Running with Spring Boot v3.2.0, Spring v6.1.1
2026-05-20 17:09:34 INFO  [main] com.plants.api.ApiApplication - The following 1 profile is active: "dev"
2026-05-20 17:09:35 INFO  [main] o.s.d.r.c.RepositoryConfigurationDelegate - Multiple Spring Data modules found, entering strict repository configuration mode
2026-05-20 17:09:35 INFO  [main] o.s.d.r.c.RepositoryConfigurationDelegate - Bootstrapping Spring Data JPA repositories in DEFAULT mode.
2026-05-20 17:09:35 INFO  [main] o.s.d.r.c.RepositoryConfigurationDelegate - Finished Spring Data repository scanning in 101 ms. Found 8 JPA repository interfaces.
2026-05-20 17:09:35 INFO  [main] o.s.d.r.c.RepositoryConfigurationDelegate - Multiple Spring Data modules found, entering strict repository configuration mode
2026-05-20 17:09:35 INFO  [main] o.s.d.r.c.RepositoryConfigurationDelegate - Bootstrapping Spring Data Redis repositories in DEFAULT mode.
2026-05-20 17:09:35 INFO  [main] o.s.d.r.c.RepositoryConfigurationExtensionSupport - Spring Data Redis - Could not safely identify store assignment for repository candidate interface com.plants.api.repositories.AffiliateClickRepository; If you want this repository to be a Redis repository, consider annotating your entities with one of these annotations: org.springframework.data.redis.core.RedisHash (preferred), or consider extending one of the following types with your repository: org.springframework.data.keyvalue.repository.KeyValueRepository
2026-05-20 17:09:35 INFO  [main] o.s.d.r.c.RepositoryConfigurationExtensionSupport - Spring Data Redis - Could not safely identify store assignment for repository candidate interface com.plants.api.repositories.AffiliateProductRepository; If you want this repository to be a Redis repository, consider annotating your entities with one of these annotations: org.springframework.data.redis.core.RedisHash (preferred), or consider extending one of the following types with your repository: org.springframework.data.keyvalue.repository.KeyValueRepository
2026-05-20 17:09:35 INFO  [main] o.s.d.r.c.RepositoryConfigurationExtensionSupport - Spring Data Redis - Could not safely identify store assignment for repository candidate interface com.plants.api.repositories.ArticleRepository; If you want this repository to be a Redis repository, consider annotating your entities with one of these annotations: org.springframework.data.redis.core.RedisHash (preferred), or consider extending one of the following types with your repository: org.springframework.data.keyvalue.repository.KeyValueRepository
2026-05-20 17:09:35 INFO  [main] o.s.d.r.c.RepositoryConfigurationExtensionSupport - Spring Data Redis - Could not safely identify store assignment for repository candidate interface com.plants.api.repositories.CommentRepository; If you want this repository to be a Redis repository, consider annotating your entities with one of these annotations: org.springframework.data.redis.core.RedisHash (preferred), or consider extending one of the following types with your repository: org.springframework.data.keyvalue.repository.KeyValueRepository
2026-05-20 17:09:35 INFO  [main] o.s.d.r.c.RepositoryConfigurationExtensionSupport - Spring Data Redis - Could not safely identify store assignment for repository candidate interface com.plants.api.repositories.FavoriteRepository; If you want this repository to be a Redis repository, consider annotating your entities with one of these annotations: org.springframework.data.redis.core.RedisHash (preferred), or consider extending one of the following types with your repository: org.springframework.data.keyvalue.repository.KeyValueRepository
2026-05-20 17:09:35 INFO  [main] o.s.d.r.c.RepositoryConfigurationExtensionSupport - Spring Data Redis - Could not safely identify store assignment for repository candidate interface com.plants.api.repositories.OilRepository; If you want this repository to be a Redis repository, consider annotating your entities with one of these annotations: org.springframework.data.redis.core.RedisHash (preferred), or consider extending one of the following types with your repository: org.springframework.data.keyvalue.repository.KeyValueRepository
2026-05-20 17:09:35 INFO  [main] o.s.d.r.c.RepositoryConfigurationExtensionSupport - Spring Data Redis - Could not safely identify store assignment for repository candidate interface com.plants.api.repositories.PlantRepository; If you want this repository to be a Redis repository, consider annotating your entities with one of these annotations: org.springframework.data.redis.core.RedisHash (preferred), or consider extending one of the following types with your repository: org.springframework.data.keyvalue.repository.KeyValueRepository
2026-05-20 17:09:35 INFO  [main] o.s.d.r.c.RepositoryConfigurationExtensionSupport - Spring Data Redis - Could not safely identify store assignment for repository candidate interface com.plants.api.repositories.UserRepository; If you want this repository to be a Redis repository, consider annotating your entities with one of these annotations: org.springframework.data.redis.core.RedisHash (preferred), or consider extending one of the following types with your repository: org.springframework.data.keyvalue.repository.KeyValueRepository
2026-05-20 17:09:35 INFO  [main] o.s.d.r.c.RepositoryConfigurationDelegate - Finished Spring Data repository scanning in 10 ms. Found 0 Redis repository interfaces.
2026-05-20 17:09:36 INFO  [main] o.s.b.w.e.tomcat.TomcatWebServer - Tomcat initialized with port 8080 (http)
2026-05-20 17:09:36 INFO  [main] o.a.coyote.http11.Http11NioProtocol - Initializing ProtocolHandler ["http-nio-8080"]
2026-05-20 17:09:36 INFO  [main] o.a.catalina.core.StandardService - Starting service [Tomcat]
2026-05-20 17:09:36 INFO  [main] o.a.catalina.core.StandardEngine - Starting Servlet engine: [Apache Tomcat/10.1.16]
2026-05-20 17:09:36 INFO  [main] o.a.c.c.C.[Tomcat].[localhost].[/] - Initializing Spring embedded WebApplicationContext
2026-05-20 17:09:36 INFO  [main] o.s.b.w.s.c.ServletWebServerApplicationContext - Root WebApplicationContext: initialization completed in 1619 ms
2026-05-20 17:09:36 INFO  [main] o.h.jpa.internal.util.LogHelper - HHH000204: Processing PersistenceUnitInfo [name: default]
2026-05-20 17:09:36 INFO  [main] org.hibernate.Version - HHH000412: Hibernate ORM core version 6.3.1.Final
2026-05-20 17:09:36 INFO  [main] o.h.c.i.RegionFactoryInitiator - HHH000026: Second-level cache disabled
2026-05-20 17:09:36 INFO  [main] o.s.o.j.p.SpringPersistenceUnitInfo - No LoadTimeWeaver setup: ignoring JPA class transformer
2026-05-20 17:09:36 INFO  [main] com.zaxxer.hikari.HikariDataSource - HikariPool-1 - Starting...
2026-05-20 17:09:36 INFO  [main] com.zaxxer.hikari.pool.HikariPool - HikariPool-1 - Added connection org.postgresql.jdbc.PgConnection@2af3b054
2026-05-20 17:09:36 INFO  [main] com.zaxxer.hikari.HikariDataSource - HikariPool-1 - Start completed.
2026-05-20 17:09:36 WARN  [main] org.hibernate.orm.deprecation - HHH90000025: PostgreSQLDialect does not need to be specified explicitly using 'hibernate.dialect' (remove the property setting and it will be selected by default)
2026-05-20 17:09:37 INFO  [main] o.h.e.t.j.p.i.JtaPlatformInitiator - HHH000489: No JTA platform available (set 'hibernate.transaction.jta.platform' to enable JTA platform integration)
2026-05-20 17:09:37 INFO  [main] o.s.o.j.LocalContainerEntityManagerFactoryBean - Initialized JPA EntityManagerFactory for persistence unit 'default'
2026-05-20 17:09:37 DEBUG [main] c.p.a.s.JwtAuthenticationFilter - Filter 'jwtAuthenticationFilter' configured for use
2026-05-20 17:09:37 DEBUG [main] o.s.w.f.ServerHttpObservationFilter - Filter 'webMvcObservationFilter' configured for use
2026-05-20 17:09:37 INFO  [main] o.s.d.j.r.query.QueryEnhancerFactory - Hibernate is in classpath; If applicable, HQL parser will be used.
2026-05-20 17:09:38 WARN  [main] o.s.b.a.o.j.JpaBaseConfiguration$JpaWebConfiguration - spring.jpa.open-in-view is enabled by default. Therefore, database queries may be performed during view rendering. Explicitly configure spring.jpa.open-in-view to disable this warning
2026-05-20 17:09:38 DEBUG [main] o.s.w.s.m.m.a.RequestMappingHandlerMapping - 61 mappings in 'requestMappingHandlerMapping'
2026-05-20 17:09:38 DEBUG [main] o.s.w.s.h.SimpleUrlHandlerMapping - Patterns [/swagger-ui*/*swagger-initializer.js, /swagger-ui*/**] in 'resourceHandlerMapping'
2026-05-20 17:09:38 DEBUG [main] o.s.w.s.m.m.a.RequestMappingHandlerAdapter - ControllerAdvice beans: 0 @ModelAttribute, 0 @InitBinder, 1 RequestBodyAdvice, 1 ResponseBodyAdvice
2026-05-20 17:09:39 DEBUG [main] o.s.w.s.m.m.a.ExceptionHandlerExceptionResolver - ControllerAdvice beans: 2 @ExceptionHandler, 1 ResponseBodyAdvice
2026-05-20 17:09:39 INFO  [main] o.s.b.a.e.web.EndpointLinksResolver - Exposing 1 endpoint(s) beneath base path '/actuator'
2026-05-20 17:09:39 INFO  [main] o.s.s.web.DefaultSecurityFilterChain - Will secure any request with [org.springframework.security.web.session.DisableEncodeUrlFilter@458c58e3, org.springframework.security.web.context.request.async.WebAsyncManagerIntegrationFilter@3cb1a148, org.springframework.security.web.context.SecurityContextHolderFilter@663e2cfd, org.springframework.security.web.header.HeaderWriterFilter@244ba147, org.springframework.web.filter.CorsFilter@6910e725, org.springframework.security.web.authentication.logout.LogoutFilter@abe3a3, com.plants.api.security.JwtAuthenticationFilter@765ccc7a, org.springframework.security.web.savedrequest.RequestCacheAwareFilter@164fba04, org.springframework.security.web.servletapi.SecurityContextHolderAwareRequestFilter@2b647344, org.springframework.security.web.authentication.AnonymousAuthenticationFilter@3453a820, org.springframework.security.web.session.SessionManagementFilter@435a2e1f, org.springframework.security.web.access.ExceptionTranslationFilter@1a596879, org.springframework.security.web.access.intercept.AuthorizationFilter@7c698549]
2026-05-20 17:09:39 WARN  [main] o.s.b.w.s.c.AnnotationConfigServletWebServerApplicationContext - Exception encountered during context initialization - cancelling refresh attempt: org.springframework.beans.factory.BeanCreationException: Error creating bean with name 'dataSourceScriptDatabaseInitializer' defined in class path resource [org/springframework/boot/autoconfigure/sql/init/DataSourceInitializationConfiguration.class]: Failed to execute SQL script statement #1 of class path resource [data.sql]: INSERT INTO users (id, email, password, role, created_at) VALUES (1, 'user1@example.com', '$2a$10$0G8q0f0x7u0h8u0j8u0jeFJj8u0j8u0j8u0j8u0j8u0j8u0j8u0', 'USER', NOW()), (2, 'user2@example.com', '$2a$10$1H9r1g1y8v1i9v1k9v1kfGKk9v1k9v1k9v1k9v1k9v1k9v1k9v1', 'USER', NOW()), (3, 'user3@example.com', '$2a$10$2J0s2h2z9w2j0w2l0w2lgHLl0w2l0w2l0w2l0w2l0w2l0w2l0w2', 'USER', NOW())
2026-05-20 17:09:39 INFO  [main] o.s.o.j.LocalContainerEntityManagerFactoryBean - Closing JPA EntityManagerFactory for persistence unit 'default'
2026-05-20 17:09:39 INFO  [main] com.zaxxer.hikari.HikariDataSource - HikariPool-1 - Shutdown initiated...
2026-05-20 17:09:39 INFO  [main] com.zaxxer.hikari.HikariDataSource - HikariPool-1 - Shutdown completed.
2026-05-20 17:09:39 INFO  [main] o.a.catalina.core.StandardService - Stopping service [Tomcat]
2026-05-20 17:09:39 INFO  [main] o.s.b.a.l.ConditionEvaluationReportLogger - 

Error starting ApplicationContext. To display the condition evaluation report re-run your application with 'debug' enabled.
2026-05-20 17:09:39 ERROR [main] o.s.boot.SpringApplication - Application run failed
org.springframework.beans.factory.BeanCreationException: Error creating bean with name 'dataSourceScriptDatabaseInitializer' defined in class path resource [org/springframework/boot/autoconfigure/sql/init/DataSourceInitializationConfiguration.class]: Failed to execute SQL script statement #1 of class path resource [data.sql]: INSERT INTO users (id, email, password, role, created_at) VALUES (1, 'user1@example.com', '$2a$10$0G8q0f0x7u0h8u0j8u0jeFJj8u0j8u0j8u0j8u0j8u0j8u0j8u0', 'USER', NOW()), (2, 'user2@example.com', '$2a$10$1H9r1g1y8v1i9v1k9v1kfGKk9v1k9v1k9v1k9v1k9v1k9v1k9v1', 'USER', NOW()), (3, 'user3@example.com', '$2a$10$2J0s2h2z9w2j0w2l0w2lgHLl0w2l0w2l0w2l0w2l0w2l0w2l0w2', 'USER', NOW())
	at org.springframework.beans.factory.support.AbstractAutowireCapableBeanFactory.initializeBean(AbstractAutowireCapableBeanFactory.java:1775)
	at org.springframework.beans.factory.support.AbstractAutowireCapableBeanFactory.doCreateBean(AbstractAutowireCapableBeanFactory.java:601)
	at org.springframework.beans.factory.support.AbstractAutowireCapableBeanFactory.createBean(AbstractAutowireCapableBeanFactory.java:523)
	at org.springframework.beans.factory.support.AbstractBeanFactory.lambda$doGetBean$0(AbstractBeanFactory.java:325)
	at org.springframework.beans.factory.support.DefaultSingletonBeanRegistry.getSingleton(DefaultSingletonBeanRegistry.java:234)
	at org.springframework.beans.factory.support.AbstractBeanFactory.doGetBean(AbstractBeanFactory.java:323)
	at org.springframework.beans.factory.support.AbstractBeanFactory.getBean(AbstractBeanFactory.java:199)
	at org.springframework.beans.factory.support.AbstractBeanFactory.doGetBean(AbstractBeanFactory.java:312)
	at org.springframework.beans.factory.support.AbstractBeanFactory.getBean(AbstractBeanFactory.java:199)
	at org.springframework.beans.factory.support.DefaultListableBeanFactory.preInstantiateSingletons(DefaultListableBeanFactory.java:973)
	at org.springframework.context.support.AbstractApplicationContext.finishBeanFactoryInitialization(AbstractApplicationContext.java:946)
	at org.springframework.context.support.AbstractApplicationContext.refresh(AbstractApplicationContext.java:616)
	at org.springframework.boot.web.servlet.context.ServletWebServerApplicationContext.refresh(ServletWebServerApplicationContext.java:146)
	at org.springframework.boot.SpringApplication.refresh(SpringApplication.java:753)
	at org.springframework.boot.SpringApplication.refreshContext(SpringApplication.java:455)
	at org.springframework.boot.SpringApplication.run(SpringApplication.java:323)
	at org.springframework.boot.SpringApplication.run(SpringApplication.java:1342)
	at org.springframework.boot.SpringApplication.run(SpringApplication.java:1331)
	at com.plants.api.ApiApplication.main(ApiApplication.java:10)
Caused by: org.springframework.jdbc.datasource.init.ScriptStatementFailedException: Failed to execute SQL script statement #1 of class path resource [data.sql]: INSERT INTO users (id, email, password, role, created_at) VALUES (1, 'user1@example.com', '$2a$10$0G8q0f0x7u0h8u0j8u0jeFJj8u0j8u0j8u0j8u0j8u0j8u0j8u0', 'USER', NOW()), (2, 'user2@example.com', '$2a$10$1H9r1g1y8v1i9v1k9v1kfGKk9v1k9v1k9v1k9v1k9v1k9v1k9v1', 'USER', NOW()), (3, 'user3@example.com', '$2a$10$2J0s2h2z9w2j0w2l0w2lgHLl0w2l0w2l0w2l0w2l0w2l0w2l0w2', 'USER', NOW())
	at org.springframework.jdbc.datasource.init.ScriptUtils.executeSqlScript(ScriptUtils.java:282)
	at org.springframework.jdbc.datasource.init.ResourceDatabasePopulator.populate(ResourceDatabasePopulator.java:254)
	at org.springframework.jdbc.datasource.init.DatabasePopulatorUtils.execute(DatabasePopulatorUtils.java:54)
	at org.springframework.boot.jdbc.init.DataSourceScriptDatabaseInitializer.runScripts(DataSourceScriptDatabaseInitializer.java:87)
	at org.springframework.boot.sql.init.AbstractScriptDatabaseInitializer.runScripts(AbstractScriptDatabaseInitializer.java:146)
	at org.springframework.boot.sql.init.AbstractScriptDatabaseInitializer.applyScripts(AbstractScriptDatabaseInitializer.java:108)
	at org.springframework.boot.sql.init.AbstractScriptDatabaseInitializer.applyDataScripts(AbstractScriptDatabaseInitializer.java:102)
	at org.springframework.boot.sql.init.AbstractScriptDatabaseInitializer.initializeDatabase(AbstractScriptDatabaseInitializer.java:77)
	at org.springframework.boot.sql.init.AbstractScriptDatabaseInitializer.afterPropertiesSet(AbstractScriptDatabaseInitializer.java:66)
	at org.springframework.beans.factory.support.AbstractAutowireCapableBeanFactory.invokeInitMethods(AbstractAutowireCapableBeanFactory.java:1822)
	at org.springframework.beans.factory.support.AbstractAutowireCapableBeanFactory.initializeBean(AbstractAutowireCapableBeanFactory.java:1771)
	... 18 common frames omitted
Caused by: org.postgresql.util.PSQLException: ERROR: duplicate key value violates unique constraint "users_pkey"
  Détail : Key (id)=(1) already exists.
	at org.postgresql.core.v3.QueryExecutorImpl.receiveErrorResponse(QueryExecutorImpl.java:2713)
	at org.postgresql.core.v3.QueryExecutorImpl.processResults(QueryExecutorImpl.java:2401)
	at org.postgresql.core.v3.QueryExecutorImpl.execute(QueryExecutorImpl.java:368)
	at org.postgresql.jdbc.PgStatement.executeInternal(PgStatement.java:498)
	at org.postgresql.jdbc.PgStatement.execute(PgStatement.java:415)
	at org.postgresql.jdbc.PgStatement.executeWithFlags(PgStatement.java:335)
	at org.postgresql.jdbc.PgStatement.executeCachedSql(PgStatement.java:321)
	at org.postgresql.jdbc.PgStatement.executeWithFlags(PgStatement.java:297)
	at org.postgresql.jdbc.PgStatement.execute(PgStatement.java:292)
	at com.zaxxer.hikari.pool.ProxyStatement.execute(ProxyStatement.java:94)
	at com.zaxxer.hikari.pool.HikariProxyStatement.execute(HikariProxyStatement.java)
	at org.springframework.jdbc.datasource.init.ScriptUtils.executeSqlScript(ScriptUtils.java:261)
	... 28 common frames omitted
2026-05-20 17:23:07 INFO  [background-preinit] o.h.validator.internal.util.Version - HV000001: Hibernate Validator 8.0.1.Final
2026-05-20 17:23:08 INFO  [main] com.plants.api.ApiApplication - Starting ApiApplication using Java 21.0.11 with PID 44468 (C:\Users\kader\plants-medicinales-SaaS\target\classes started by kader in C:\Users\kader\plants-medicinales-SaaS)
2026-05-20 17:23:08 DEBUG [main] com.plants.api.ApiApplication - Running with Spring Boot v3.2.0, Spring v6.1.1
2026-05-20 17:23:08 INFO  [main] com.plants.api.ApiApplication - The following 1 profile is active: "dev"
2026-05-20 17:23:08 INFO  [main] o.s.d.r.c.RepositoryConfigurationDelegate - Multiple Spring Data modules found, entering strict repository configuration mode
2026-05-20 17:23:08 INFO  [main] o.s.d.r.c.RepositoryConfigurationDelegate - Bootstrapping Spring Data JPA repositories in DEFAULT mode.
2026-05-20 17:23:09 INFO  [main] o.s.d.r.c.RepositoryConfigurationDelegate - Finished Spring Data repository scanning in 149 ms. Found 8 JPA repository interfaces.
2026-05-20 17:23:09 INFO  [main] o.s.d.r.c.RepositoryConfigurationDelegate - Multiple Spring Data modules found, entering strict repository configuration mode
2026-05-20 17:23:09 INFO  [main] o.s.d.r.c.RepositoryConfigurationDelegate - Bootstrapping Spring Data Redis repositories in DEFAULT mode.
2026-05-20 17:23:09 INFO  [main] o.s.d.r.c.RepositoryConfigurationExtensionSupport - Spring Data Redis - Could not safely identify store assignment for repository candidate interface com.plants.api.repositories.AffiliateClickRepository; If you want this repository to be a Redis repository, consider annotating your entities with one of these annotations: org.springframework.data.redis.core.RedisHash (preferred), or consider extending one of the following types with your repository: org.springframework.data.keyvalue.repository.KeyValueRepository
2026-05-20 17:23:09 INFO  [main] o.s.d.r.c.RepositoryConfigurationExtensionSupport - Spring Data Redis - Could not safely identify store assignment for repository candidate interface com.plants.api.repositories.AffiliateProductRepository; If you want this repository to be a Redis repository, consider annotating your entities with one of these annotations: org.springframework.data.redis.core.RedisHash (preferred), or consider extending one of the following types with your repository: org.springframework.data.keyvalue.repository.KeyValueRepository
2026-05-20 17:23:09 INFO  [main] o.s.d.r.c.RepositoryConfigurationExtensionSupport - Spring Data Redis - Could not safely identify store assignment for repository candidate interface com.plants.api.repositories.ArticleRepository; If you want this repository to be a Redis repository, consider annotating your entities with one of these annotations: org.springframework.data.redis.core.RedisHash (preferred), or consider extending one of the following types with your repository: org.springframework.data.keyvalue.repository.KeyValueRepository
2026-05-20 17:23:09 INFO  [main] o.s.d.r.c.RepositoryConfigurationExtensionSupport - Spring Data Redis - Could not safely identify store assignment for repository candidate interface com.plants.api.repositories.CommentRepository; If you want this repository to be a Redis repository, consider annotating your entities with one of these annotations: org.springframework.data.redis.core.RedisHash (preferred), or consider extending one of the following types with your repository: org.springframework.data.keyvalue.repository.KeyValueRepository
2026-05-20 17:23:09 INFO  [main] o.s.d.r.c.RepositoryConfigurationExtensionSupport - Spring Data Redis - Could not safely identify store assignment for repository candidate interface com.plants.api.repositories.FavoriteRepository; If you want this repository to be a Redis repository, consider annotating your entities with one of these annotations: org.springframework.data.redis.core.RedisHash (preferred), or consider extending one of the following types with your repository: org.springframework.data.keyvalue.repository.KeyValueRepository
2026-05-20 17:23:09 INFO  [main] o.s.d.r.c.RepositoryConfigurationExtensionSupport - Spring Data Redis - Could not safely identify store assignment for repository candidate interface com.plants.api.repositories.OilRepository; If you want this repository to be a Redis repository, consider annotating your entities with one of these annotations: org.springframework.data.redis.core.RedisHash (preferred), or consider extending one of the following types with your repository: org.springframework.data.keyvalue.repository.KeyValueRepository
2026-05-20 17:23:09 INFO  [main] o.s.d.r.c.RepositoryConfigurationExtensionSupport - Spring Data Redis - Could not safely identify store assignment for repository candidate interface com.plants.api.repositories.PlantRepository; If you want this repository to be a Redis repository, consider annotating your entities with one of these annotations: org.springframework.data.redis.core.RedisHash (preferred), or consider extending one of the following types with your repository: org.springframework.data.keyvalue.repository.KeyValueRepository
2026-05-20 17:23:09 INFO  [main] o.s.d.r.c.RepositoryConfigurationExtensionSupport - Spring Data Redis - Could not safely identify store assignment for repository candidate interface com.plants.api.repositories.UserRepository; If you want this repository to be a Redis repository, consider annotating your entities with one of these annotations: org.springframework.data.redis.core.RedisHash (preferred), or consider extending one of the following types with your repository: org.springframework.data.keyvalue.repository.KeyValueRepository
2026-05-20 17:23:09 INFO  [main] o.s.d.r.c.RepositoryConfigurationDelegate - Finished Spring Data repository scanning in 6 ms. Found 0 Redis repository interfaces.
2026-05-20 17:23:09 INFO  [main] o.s.b.w.e.tomcat.TomcatWebServer - Tomcat initialized with port 8080 (http)
2026-05-20 17:23:09 INFO  [main] o.a.coyote.http11.Http11NioProtocol - Initializing ProtocolHandler ["http-nio-8080"]
2026-05-20 17:23:09 INFO  [main] o.a.catalina.core.StandardService - Starting service [Tomcat]
2026-05-20 17:23:09 INFO  [main] o.a.catalina.core.StandardEngine - Starting Servlet engine: [Apache Tomcat/10.1.16]
2026-05-20 17:23:09 INFO  [main] o.a.c.c.C.[Tomcat].[localhost].[/] - Initializing Spring embedded WebApplicationContext
2026-05-20 17:23:09 INFO  [main] o.s.b.w.s.c.ServletWebServerApplicationContext - Root WebApplicationContext: initialization completed in 1929 ms
2026-05-20 17:23:10 INFO  [main] o.h.jpa.internal.util.LogHelper - HHH000204: Processing PersistenceUnitInfo [name: default]
2026-05-20 17:23:10 INFO  [main] org.hibernate.Version - HHH000412: Hibernate ORM core version 6.3.1.Final
2026-05-20 17:23:10 INFO  [main] o.h.c.i.RegionFactoryInitiator - HHH000026: Second-level cache disabled
2026-05-20 17:23:10 INFO  [main] o.s.o.j.p.SpringPersistenceUnitInfo - No LoadTimeWeaver setup: ignoring JPA class transformer
2026-05-20 17:23:10 INFO  [main] com.zaxxer.hikari.HikariDataSource - HikariPool-1 - Starting...
2026-05-20 17:23:10 INFO  [main] com.zaxxer.hikari.pool.HikariPool - HikariPool-1 - Added connection org.postgresql.jdbc.PgConnection@261b6c8c
2026-05-20 17:23:10 INFO  [main] com.zaxxer.hikari.HikariDataSource - HikariPool-1 - Start completed.
2026-05-20 17:23:10 WARN  [main] org.hibernate.orm.deprecation - HHH90000025: PostgreSQLDialect does not need to be specified explicitly using 'hibernate.dialect' (remove the property setting and it will be selected by default)
2026-05-20 17:23:11 INFO  [main] o.h.e.t.j.p.i.JtaPlatformInitiator - HHH000489: No JTA platform available (set 'hibernate.transaction.jta.platform' to enable JTA platform integration)
2026-05-20 17:23:11 DEBUG [main] org.hibernate.SQL - 
    create table affiliate_clicks (
        id bigserial not null,
        page varchar(255) not null,
        product_id bigint not null,
        product_name varchar(255) not null,
        timestamp timestamp(6),
        user_id bigint,
        vendor varchar(255) not null,
        primary key (id)
    )
2026-05-20 17:23:11 DEBUG [main] org.hibernate.SQL - 
    create table affiliate_products (
        id bigserial not null,
        associated_plant_id bigint,
        category varchar(255) not null,
        image_url varchar(255),
        name varchar(255) not null,
        price float(53),
        url varchar(255) not null,
        vendor varchar(255) not null,
        primary key (id)
    )
2026-05-20 17:23:11 DEBUG [main] org.hibernate.SQL - 
    create table articles (
        id bigserial not null,
        category varchar(255) not null,
        content TEXT not null,
        created_at timestamp(6),
        image_url varchar(255),
        read_time integer,
        slug varchar(255) not null,
        title varchar(255) not null,
        primary key (id)
    )
2026-05-20 17:23:11 DEBUG [main] org.hibernate.SQL - 
    create table comments (
        id bigserial not null,
        content TEXT not null,
        created_at timestamp(6),
        target_id bigint not null,
        type varchar(255) not null check (type in ('PLANT','OIL','ARTICLE')),
        visible boolean not null,
        user_id bigint not null,
        primary key (id)
    )
2026-05-20 17:23:11 DEBUG [main] org.hibernate.SQL - 
    create table favorites (
        id bigserial not null,
        created_at timestamp(6) not null,
        pinned boolean not null,
        target_id bigint not null,
        type varchar(20) not null check (type in ('PLANT','OIL')),
        user_id bigint not null,
        primary key (id)
    )
2026-05-20 17:23:11 DEBUG [main] org.hibernate.SQL - 
    create table oil_benefits (
        oil_id bigint not null,
        benefit varchar(255)
    )
2026-05-20 17:23:11 DEBUG [main] org.hibernate.SQL - 
    create table oil_precautions (
        oil_id bigint not null,
        precaution varchar(255)
    )
2026-05-20 17:23:11 DEBUG [main] org.hibernate.SQL - 
    create table oils (
        id bigserial not null,
        affiliate_link varchar(255),
        description TEXT,
        image_url varchar(255),
        name varchar(255) not null,
        plant_id bigint not null,
        primary key (id)
    )
2026-05-20 17:23:11 DEBUG [main] org.hibernate.SQL - 
    create table plant_properties (
        plant_id bigint not null,
        property varchar(255)
    )
2026-05-20 17:23:11 DEBUG [main] org.hibernate.SQL - 
    create table plant_uses (
        plant_id bigint not null,
        use varchar(255)
    )
2026-05-20 17:23:11 DEBUG [main] org.hibernate.SQL - 
    create table plants (
        id bigserial not null,
        affiliate_link varchar(255),
        description TEXT,
        image_url varchar(255),
        name varchar(255) not null,
        origin varchar(255) not null,
        season_found varchar(255),
        primary key (id)
    )
2026-05-20 17:23:11 DEBUG [main] org.hibernate.SQL - 
    create table user_favorite_oils (
        user_id bigint not null,
        oil_id bigint not null,
        primary key (user_id, oil_id)
    )
2026-05-20 17:23:11 DEBUG [main] org.hibernate.SQL - 
    create table user_favorite_plants (
        user_id bigint not null,
        plant_id bigint not null,
        primary key (user_id, plant_id)
    )
2026-05-20 17:23:11 DEBUG [main] org.hibernate.SQL - 
    create table users (
        id bigserial not null,
        created_at timestamp(6),
        email varchar(255) not null,
        password varchar(255) not null,
        role varchar(255) not null check (role in ('USER','ADMIN')),
        primary key (id)
    )
2026-05-20 17:23:11 DEBUG [main] org.hibernate.SQL - 
    alter table if exists articles 
       drop constraint if exists UK_sn7al9fwhgtf98rvn8nxhjt4f
2026-05-20 17:23:11 WARN  [main] o.h.e.jdbc.spi.SqlExceptionHelper - SQL Warning Code: 0, SQLState: 00000
2026-05-20 17:23:11 WARN  [main] o.h.e.jdbc.spi.SqlExceptionHelper - la contrainte « uk_sn7al9fwhgtf98rvn8nxhjt4f » de la relation « articles » n'existe pas, ignore
2026-05-20 17:23:11 DEBUG [main] org.hibernate.SQL - 
    alter table if exists articles 
       add constraint UK_sn7al9fwhgtf98rvn8nxhjt4f unique (slug)
2026-05-20 17:23:11 DEBUG [main] org.hibernate.SQL - 
    alter table if exists favorites 
       drop constraint if exists UKiqrim0q4v66vbqrcsyhi7tv82
2026-05-20 17:23:11 WARN  [main] o.h.e.jdbc.spi.SqlExceptionHelper - SQL Warning Code: 0, SQLState: 00000
2026-05-20 17:23:11 WARN  [main] o.h.e.jdbc.spi.SqlExceptionHelper - la contrainte « ukiqrim0q4v66vbqrcsyhi7tv82 » de la relation « favorites » n'existe pas, ignore
2026-05-20 17:23:11 DEBUG [main] org.hibernate.SQL - 
    alter table if exists favorites 
       add constraint UKiqrim0q4v66vbqrcsyhi7tv82 unique (user_id, target_id, type)
2026-05-20 17:23:11 DEBUG [main] org.hibernate.SQL - 
    alter table if exists users 
       drop constraint if exists UK_6dotkott2kjsp8vw4d0m25fb7
2026-05-20 17:23:11 WARN  [main] o.h.e.jdbc.spi.SqlExceptionHelper - SQL Warning Code: 0, SQLState: 00000
2026-05-20 17:23:11 WARN  [main] o.h.e.jdbc.spi.SqlExceptionHelper - la contrainte « uk_6dotkott2kjsp8vw4d0m25fb7 » de la relation « users » n'existe pas, ignore
2026-05-20 17:23:11 DEBUG [main] org.hibernate.SQL - 
    alter table if exists users 
       add constraint UK_6dotkott2kjsp8vw4d0m25fb7 unique (email)
2026-05-20 17:23:11 DEBUG [main] org.hibernate.SQL - 
    alter table if exists comments 
       add constraint FK8omq0tc18jd43bu5tjh6jvraq 
       foreign key (user_id) 
       references users
2026-05-20 17:23:11 DEBUG [main] org.hibernate.SQL - 
    alter table if exists favorites 
       add constraint FKk7du8b8ewipawnnpg76d55fus 
       foreign key (user_id) 
       references users
2026-05-20 17:23:11 DEBUG [main] org.hibernate.SQL - 
    alter table if exists oil_benefits 
       add constraint FKnlscwfy7ik9h2ru4woh11yh4f 
       foreign key (oil_id) 
       references oils
2026-05-20 17:23:11 DEBUG [main] org.hibernate.SQL - 
    alter table if exists oil_precautions 
       add constraint FKd6r21x1k1vuxaw78e50p40r0 
       foreign key (oil_id) 
       references oils
2026-05-20 17:23:11 DEBUG [main] org.hibernate.SQL - 
    alter table if exists oils 
       add constraint FKhdel4y6jge1xwk5c9vlnk4nsp 
       foreign key (plant_id) 
       references plants
2026-05-20 17:23:11 DEBUG [main] org.hibernate.SQL - 
    alter table if exists plant_properties 
       add constraint FKh5igmf2yrkvw8m9plojserp8j 
       foreign key (plant_id) 
       references plants
2026-05-20 17:23:11 DEBUG [main] org.hibernate.SQL - 
    alter table if exists plant_uses 
       add constraint FKdsaryac8rlaoujt32l9pnnux5 
       foreign key (plant_id) 
       references plants
2026-05-20 17:23:11 DEBUG [main] org.hibernate.SQL - 
    alter table if exists user_favorite_oils 
       add constraint FKf5jpthutbef16uaad1g3qj6ff 
       foreign key (oil_id) 
       references oils
2026-05-20 17:23:11 DEBUG [main] org.hibernate.SQL - 
    alter table if exists user_favorite_oils 
       add constraint FK18q2fqk0vwmo1di8uksjlhxpy 
       foreign key (user_id) 
       references users
2026-05-20 17:23:11 DEBUG [main] org.hibernate.SQL - 
    alter table if exists user_favorite_plants 
       add constraint FKjjhg12jsjn3dkq2w3mxfnuy5t 
       foreign key (plant_id) 
       references plants
2026-05-20 17:23:11 DEBUG [main] org.hibernate.SQL - 
    alter table if exists user_favorite_plants 
       add constraint FK71gcbdpkqswwi2lfntxgn1x5d 
       foreign key (user_id) 
       references users
2026-05-20 17:23:11 INFO  [main] o.s.o.j.LocalContainerEntityManagerFactoryBean - Initialized JPA EntityManagerFactory for persistence unit 'default'
2026-05-20 17:23:12 DEBUG [main] c.p.a.s.JwtAuthenticationFilter - Filter 'jwtAuthenticationFilter' configured for use
2026-05-20 17:23:12 DEBUG [main] o.s.w.f.ServerHttpObservationFilter - Filter 'webMvcObservationFilter' configured for use
2026-05-20 17:23:12 INFO  [main] o.s.d.j.r.query.QueryEnhancerFactory - Hibernate is in classpath; If applicable, HQL parser will be used.
2026-05-20 17:23:13 WARN  [main] o.s.b.a.o.j.JpaBaseConfiguration$JpaWebConfiguration - spring.jpa.open-in-view is enabled by default. Therefore, database queries may be performed during view rendering. Explicitly configure spring.jpa.open-in-view to disable this warning
2026-05-20 17:23:14 DEBUG [main] o.s.w.s.m.m.a.RequestMappingHandlerMapping - 61 mappings in 'requestMappingHandlerMapping'
2026-05-20 17:23:14 DEBUG [main] o.s.w.s.h.SimpleUrlHandlerMapping - Patterns [/swagger-ui*/*swagger-initializer.js, /swagger-ui*/**] in 'resourceHandlerMapping'
2026-05-20 17:23:14 DEBUG [main] o.s.w.s.m.m.a.RequestMappingHandlerAdapter - ControllerAdvice beans: 0 @ModelAttribute, 0 @InitBinder, 1 RequestBodyAdvice, 1 ResponseBodyAdvice
2026-05-20 17:23:14 DEBUG [main] o.s.w.s.m.m.a.ExceptionHandlerExceptionResolver - ControllerAdvice beans: 2 @ExceptionHandler, 1 ResponseBodyAdvice
2026-05-20 17:23:14 INFO  [main] o.s.b.a.e.web.EndpointLinksResolver - Exposing 1 endpoint(s) beneath base path '/actuator'
2026-05-20 17:23:14 INFO  [main] o.s.s.web.DefaultSecurityFilterChain - Will secure any request with [org.springframework.security.web.session.DisableEncodeUrlFilter@7c698549, org.springframework.security.web.context.request.async.WebAsyncManagerIntegrationFilter@8f7544a, org.springframework.security.web.context.SecurityContextHolderFilter@251d3913, org.springframework.security.web.header.HeaderWriterFilter@35ee7dc8, org.springframework.web.filter.CorsFilter@151cbba4, org.springframework.security.web.authentication.logout.LogoutFilter@1332d4ae, com.plants.api.security.JwtAuthenticationFilter@49825659, org.springframework.security.web.savedrequest.RequestCacheAwareFilter@663e2cfd, org.springframework.security.web.servletapi.SecurityContextHolderAwareRequestFilter@3bd6ce4e, org.springframework.security.web.authentication.AnonymousAuthenticationFilter@3729cdaf, org.springframework.security.web.session.SessionManagementFilter@7fab8e9a, org.springframework.security.web.access.ExceptionTranslationFilter@7da7a932, org.springframework.security.web.access.intercept.AuthorizationFilter@779d7ff4]
2026-05-20 17:23:15 WARN  [main] o.s.b.w.s.c.AnnotationConfigServletWebServerApplicationContext - Exception encountered during context initialization - cancelling refresh attempt: org.springframework.beans.factory.BeanCreationException: Error creating bean with name 'dataSourceScriptDatabaseInitializer' defined in class path resource [org/springframework/boot/autoconfigure/sql/init/DataSourceInitializationConfiguration.class]: Failed to execute SQL script statement #2 of class path resource [data.sql]: ON CONFLICT (id) DO NOTHING
2026-05-20 17:23:15 INFO  [main] o.s.o.j.LocalContainerEntityManagerFactoryBean - Closing JPA EntityManagerFactory for persistence unit 'default'
2026-05-20 17:23:15 INFO  [main] com.zaxxer.hikari.HikariDataSource - HikariPool-1 - Shutdown initiated...
2026-05-20 17:23:15 INFO  [main] com.zaxxer.hikari.HikariDataSource - HikariPool-1 - Shutdown completed.
2026-05-20 17:23:15 INFO  [main] o.a.catalina.core.StandardService - Stopping service [Tomcat]
2026-05-20 17:23:15 INFO  [main] o.s.b.a.l.ConditionEvaluationReportLogger - 

Error starting ApplicationContext. To display the condition evaluation report re-run your application with 'debug' enabled.
2026-05-20 17:23:15 ERROR [main] o.s.boot.SpringApplication - Application run failed
org.springframework.beans.factory.BeanCreationException: Error creating bean with name 'dataSourceScriptDatabaseInitializer' defined in class path resource [org/springframework/boot/autoconfigure/sql/init/DataSourceInitializationConfiguration.class]: Failed to execute SQL script statement #2 of class path resource [data.sql]: ON CONFLICT (id) DO NOTHING
	at org.springframework.beans.factory.support.AbstractAutowireCapableBeanFactory.initializeBean(AbstractAutowireCapableBeanFactory.java:1775)
	at org.springframework.beans.factory.support.AbstractAutowireCapableBeanFactory.doCreateBean(AbstractAutowireCapableBeanFactory.java:601)
	at org.springframework.beans.factory.support.AbstractAutowireCapableBeanFactory.createBean(AbstractAutowireCapableBeanFactory.java:523)
	at org.springframework.beans.factory.support.AbstractBeanFactory.lambda$doGetBean$0(AbstractBeanFactory.java:325)
	at org.springframework.beans.factory.support.DefaultSingletonBeanRegistry.getSingleton(DefaultSingletonBeanRegistry.java:234)
	at org.springframework.beans.factory.support.AbstractBeanFactory.doGetBean(AbstractBeanFactory.java:323)
	at org.springframework.beans.factory.support.AbstractBeanFactory.getBean(AbstractBeanFactory.java:199)
	at org.springframework.beans.factory.support.AbstractBeanFactory.doGetBean(AbstractBeanFactory.java:312)
	at org.springframework.beans.factory.support.AbstractBeanFactory.getBean(AbstractBeanFactory.java:199)
	at org.springframework.beans.factory.support.DefaultListableBeanFactory.preInstantiateSingletons(DefaultListableBeanFactory.java:973)
	at org.springframework.context.support.AbstractApplicationContext.finishBeanFactoryInitialization(AbstractApplicationContext.java:946)
	at org.springframework.context.support.AbstractApplicationContext.refresh(AbstractApplicationContext.java:616)
	at org.springframework.boot.web.servlet.context.ServletWebServerApplicationContext.refresh(ServletWebServerApplicationContext.java:146)
	at org.springframework.boot.SpringApplication.refresh(SpringApplication.java:753)
	at org.springframework.boot.SpringApplication.refreshContext(SpringApplication.java:455)
	at org.springframework.boot.SpringApplication.run(SpringApplication.java:323)
	at org.springframework.boot.SpringApplication.run(SpringApplication.java:1342)
	at org.springframework.boot.SpringApplication.run(SpringApplication.java:1331)
	at com.plants.api.ApiApplication.main(ApiApplication.java:10)
Caused by: org.springframework.jdbc.datasource.init.ScriptStatementFailedException: Failed to execute SQL script statement #2 of class path resource [data.sql]: ON CONFLICT (id) DO NOTHING
	at org.springframework.jdbc.datasource.init.ScriptUtils.executeSqlScript(ScriptUtils.java:282)
	at org.springframework.jdbc.datasource.init.ResourceDatabasePopulator.populate(ResourceDatabasePopulator.java:254)
	at org.springframework.jdbc.datasource.init.DatabasePopulatorUtils.execute(DatabasePopulatorUtils.java:54)
	at org.springframework.boot.jdbc.init.DataSourceScriptDatabaseInitializer.runScripts(DataSourceScriptDatabaseInitializer.java:87)
	at org.springframework.boot.sql.init.AbstractScriptDatabaseInitializer.runScripts(AbstractScriptDatabaseInitializer.java:146)
	at org.springframework.boot.sql.init.AbstractScriptDatabaseInitializer.applyScripts(AbstractScriptDatabaseInitializer.java:108)
	at org.springframework.boot.sql.init.AbstractScriptDatabaseInitializer.applyDataScripts(AbstractScriptDatabaseInitializer.java:102)
	at org.springframework.boot.sql.init.AbstractScriptDatabaseInitializer.initializeDatabase(AbstractScriptDatabaseInitializer.java:77)
	at org.springframework.boot.sql.init.AbstractScriptDatabaseInitializer.afterPropertiesSet(AbstractScriptDatabaseInitializer.java:66)
	at org.springframework.beans.factory.support.AbstractAutowireCapableBeanFactory.invokeInitMethods(AbstractAutowireCapableBeanFactory.java:1822)
	at org.springframework.beans.factory.support.AbstractAutowireCapableBeanFactory.initializeBean(AbstractAutowireCapableBeanFactory.java:1771)
	... 18 common frames omitted
Caused by: org.postgresql.util.PSQLException: ERREUR: erreur de syntaxe sur ou près de « ON »
  Position : 1
	at org.postgresql.core.v3.QueryExecutorImpl.receiveErrorResponse(QueryExecutorImpl.java:2713)
	at org.postgresql.core.v3.QueryExecutorImpl.processResults(QueryExecutorImpl.java:2401)
	at org.postgresql.core.v3.QueryExecutorImpl.execute(QueryExecutorImpl.java:368)
	at org.postgresql.jdbc.PgStatement.executeInternal(PgStatement.java:498)
	at org.postgresql.jdbc.PgStatement.execute(PgStatement.java:415)
	at org.postgresql.jdbc.PgStatement.executeWithFlags(PgStatement.java:335)
	at org.postgresql.jdbc.PgStatement.executeCachedSql(PgStatement.java:321)
	at org.postgresql.jdbc.PgStatement.executeWithFlags(PgStatement.java:297)
	at org.postgresql.jdbc.PgStatement.execute(PgStatement.java:292)
	at com.zaxxer.hikari.pool.ProxyStatement.execute(ProxyStatement.java:94)
	at com.zaxxer.hikari.pool.HikariProxyStatement.execute(HikariProxyStatement.java)
	at org.springframework.jdbc.datasource.init.ScriptUtils.executeSqlScript(ScriptUtils.java:261)
	... 28 common frames omitted
2026-05-20 17:35:30 INFO  [background-preinit] o.h.validator.internal.util.Version - HV000001: Hibernate Validator 8.0.1.Final
2026-05-20 17:35:31 INFO  [main] com.plants.api.ApiApplication - Starting ApiApplication using Java 21.0.11 with PID 11872 (C:\Users\kader\plants-medicinales-SaaS\target\classes started by kader in C:\Users\kader\plants-medicinales-SaaS)
2026-05-20 17:35:31 DEBUG [main] com.plants.api.ApiApplication - Running with Spring Boot v3.2.0, Spring v6.1.1
2026-05-20 17:35:31 INFO  [main] com.plants.api.ApiApplication - The following 1 profile is active: "dev"
2026-05-20 17:35:32 INFO  [main] o.s.d.r.c.RepositoryConfigurationDelegate - Multiple Spring Data modules found, entering strict repository configuration mode
2026-05-20 17:35:32 INFO  [main] o.s.d.r.c.RepositoryConfigurationDelegate - Bootstrapping Spring Data JPA repositories in DEFAULT mode.
2026-05-20 17:35:32 INFO  [main] o.s.d.r.c.RepositoryConfigurationDelegate - Finished Spring Data repository scanning in 154 ms. Found 8 JPA repository interfaces.
2026-05-20 17:35:32 INFO  [main] o.s.d.r.c.RepositoryConfigurationDelegate - Multiple Spring Data modules found, entering strict repository configuration mode
2026-05-20 17:35:32 INFO  [main] o.s.d.r.c.RepositoryConfigurationDelegate - Bootstrapping Spring Data Redis repositories in DEFAULT mode.
2026-05-20 17:35:32 INFO  [main] o.s.d.r.c.RepositoryConfigurationExtensionSupport - Spring Data Redis - Could not safely identify store assignment for repository candidate interface com.plants.api.repositories.AffiliateClickRepository; If you want this repository to be a Redis repository, consider annotating your entities with one of these annotations: org.springframework.data.redis.core.RedisHash (preferred), or consider extending one of the following types with your repository: org.springframework.data.keyvalue.repository.KeyValueRepository
2026-05-20 17:35:32 INFO  [main] o.s.d.r.c.RepositoryConfigurationExtensionSupport - Spring Data Redis - Could not safely identify store assignment for repository candidate interface com.plants.api.repositories.AffiliateProductRepository; If you want this repository to be a Redis repository, consider annotating your entities with one of these annotations: org.springframework.data.redis.core.RedisHash (preferred), or consider extending one of the following types with your repository: org.springframework.data.keyvalue.repository.KeyValueRepository
2026-05-20 17:35:32 INFO  [main] o.s.d.r.c.RepositoryConfigurationExtensionSupport - Spring Data Redis - Could not safely identify store assignment for repository candidate interface com.plants.api.repositories.ArticleRepository; If you want this repository to be a Redis repository, consider annotating your entities with one of these annotations: org.springframework.data.redis.core.RedisHash (preferred), or consider extending one of the following types with your repository: org.springframework.data.keyvalue.repository.KeyValueRepository
2026-05-20 17:35:32 INFO  [main] o.s.d.r.c.RepositoryConfigurationExtensionSupport - Spring Data Redis - Could not safely identify store assignment for repository candidate interface com.plants.api.repositories.CommentRepository; If you want this repository to be a Redis repository, consider annotating your entities with one of these annotations: org.springframework.data.redis.core.RedisHash (preferred), or consider extending one of the following types with your repository: org.springframework.data.keyvalue.repository.KeyValueRepository
2026-05-20 17:35:32 INFO  [main] o.s.d.r.c.RepositoryConfigurationExtensionSupport - Spring Data Redis - Could not safely identify store assignment for repository candidate interface com.plants.api.repositories.FavoriteRepository; If you want this repository to be a Redis repository, consider annotating your entities with one of these annotations: org.springframework.data.redis.core.RedisHash (preferred), or consider extending one of the following types with your repository: org.springframework.data.keyvalue.repository.KeyValueRepository
2026-05-20 17:35:32 INFO  [main] o.s.d.r.c.RepositoryConfigurationExtensionSupport - Spring Data Redis - Could not safely identify store assignment for repository candidate interface com.plants.api.repositories.OilRepository; If you want this repository to be a Redis repository, consider annotating your entities with one of these annotations: org.springframework.data.redis.core.RedisHash (preferred), or consider extending one of the following types with your repository: org.springframework.data.keyvalue.repository.KeyValueRepository
2026-05-20 17:35:32 INFO  [main] o.s.d.r.c.RepositoryConfigurationExtensionSupport - Spring Data Redis - Could not safely identify store assignment for repository candidate interface com.plants.api.repositories.PlantRepository; If you want this repository to be a Redis repository, consider annotating your entities with one of these annotations: org.springframework.data.redis.core.RedisHash (preferred), or consider extending one of the following types with your repository: org.springframework.data.keyvalue.repository.KeyValueRepository
2026-05-20 17:35:32 INFO  [main] o.s.d.r.c.RepositoryConfigurationExtensionSupport - Spring Data Redis - Could not safely identify store assignment for repository candidate interface com.plants.api.repositories.UserRepository; If you want this repository to be a Redis repository, consider annotating your entities with one of these annotations: org.springframework.data.redis.core.RedisHash (preferred), or consider extending one of the following types with your repository: org.springframework.data.keyvalue.repository.KeyValueRepository
2026-05-20 17:35:32 INFO  [main] o.s.d.r.c.RepositoryConfigurationDelegate - Finished Spring Data repository scanning in 7 ms. Found 0 Redis repository interfaces.
2026-05-20 17:35:33 INFO  [main] o.s.b.w.e.tomcat.TomcatWebServer - Tomcat initialized with port 8080 (http)
2026-05-20 17:35:33 INFO  [main] o.a.coyote.http11.Http11NioProtocol - Initializing ProtocolHandler ["http-nio-8080"]
2026-05-20 17:35:33 INFO  [main] o.a.catalina.core.StandardService - Starting service [Tomcat]
2026-05-20 17:35:33 INFO  [main] o.a.catalina.core.StandardEngine - Starting Servlet engine: [Apache Tomcat/10.1.16]
2026-05-20 17:35:33 INFO  [main] o.a.c.c.C.[Tomcat].[localhost].[/] - Initializing Spring embedded WebApplicationContext
2026-05-20 17:35:33 INFO  [main] o.s.b.w.s.c.ServletWebServerApplicationContext - Root WebApplicationContext: initialization completed in 2231 ms
2026-05-20 17:35:33 INFO  [main] o.h.jpa.internal.util.LogHelper - HHH000204: Processing PersistenceUnitInfo [name: default]
2026-05-20 17:35:33 INFO  [main] org.hibernate.Version - HHH000412: Hibernate ORM core version 6.3.1.Final
2026-05-20 17:35:33 INFO  [main] o.h.c.i.RegionFactoryInitiator - HHH000026: Second-level cache disabled
2026-05-20 17:35:33 INFO  [main] o.s.o.j.p.SpringPersistenceUnitInfo - No LoadTimeWeaver setup: ignoring JPA class transformer
2026-05-20 17:35:33 INFO  [main] com.zaxxer.hikari.HikariDataSource - HikariPool-1 - Starting...
2026-05-20 17:35:33 INFO  [main] com.zaxxer.hikari.pool.HikariPool - HikariPool-1 - Added connection org.postgresql.jdbc.PgConnection@548f4f60
2026-05-20 17:35:33 INFO  [main] com.zaxxer.hikari.HikariDataSource - HikariPool-1 - Start completed.
2026-05-20 17:35:33 WARN  [main] org.hibernate.orm.deprecation - HHH90000025: PostgreSQLDialect does not need to be specified explicitly using 'hibernate.dialect' (remove the property setting and it will be selected by default)
2026-05-20 17:35:34 INFO  [main] o.h.e.t.j.p.i.JtaPlatformInitiator - HHH000489: No JTA platform available (set 'hibernate.transaction.jta.platform' to enable JTA platform integration)
2026-05-20 17:35:34 INFO  [main] o.s.o.j.LocalContainerEntityManagerFactoryBean - Initialized JPA EntityManagerFactory for persistence unit 'default'
2026-05-20 17:35:35 DEBUG [main] c.p.a.s.JwtAuthenticationFilter - Filter 'jwtAuthenticationFilter' configured for use
2026-05-20 17:35:35 DEBUG [main] o.s.w.f.ServerHttpObservationFilter - Filter 'webMvcObservationFilter' configured for use
2026-05-20 17:35:35 INFO  [main] o.s.d.j.r.query.QueryEnhancerFactory - Hibernate is in classpath; If applicable, HQL parser will be used.
2026-05-20 17:35:36 WARN  [main] o.s.b.a.o.j.JpaBaseConfiguration$JpaWebConfiguration - spring.jpa.open-in-view is enabled by default. Therefore, database queries may be performed during view rendering. Explicitly configure spring.jpa.open-in-view to disable this warning
2026-05-20 17:35:36 DEBUG [main] o.s.w.s.m.m.a.RequestMappingHandlerMapping - 61 mappings in 'requestMappingHandlerMapping'
2026-05-20 17:35:36 DEBUG [main] o.s.w.s.h.SimpleUrlHandlerMapping - Patterns [/swagger-ui*/*swagger-initializer.js, /swagger-ui*/**] in 'resourceHandlerMapping'
2026-05-20 17:35:36 DEBUG [main] o.s.w.s.m.m.a.RequestMappingHandlerAdapter - ControllerAdvice beans: 0 @ModelAttribute, 0 @InitBinder, 1 RequestBodyAdvice, 1 ResponseBodyAdvice
2026-05-20 17:35:36 DEBUG [main] o.s.w.s.m.m.a.ExceptionHandlerExceptionResolver - ControllerAdvice beans: 2 @ExceptionHandler, 1 ResponseBodyAdvice
2026-05-20 17:35:36 INFO  [main] o.s.b.a.e.web.EndpointLinksResolver - Exposing 1 endpoint(s) beneath base path '/actuator'
2026-05-20 17:35:36 INFO  [main] o.s.s.web.DefaultSecurityFilterChain - Will secure any request with [org.springframework.security.web.session.DisableEncodeUrlFilter@2d6dbcec, org.springframework.security.web.context.request.async.WebAsyncManagerIntegrationFilter@2c8d537e, org.springframework.security.web.context.SecurityContextHolderFilter@67bf0d91, org.springframework.security.web.header.HeaderWriterFilter@46f7c5c1, org.springframework.web.filter.CorsFilter@4e0d2ddd, org.springframework.security.web.authentication.logout.LogoutFilter@2cf1c10e, com.plants.api.security.JwtAuthenticationFilter@32a7c583, org.springframework.security.web.savedrequest.RequestCacheAwareFilter@a353dff, org.springframework.security.web.servletapi.SecurityContextHolderAwareRequestFilter@bcfe4ba, org.springframework.security.web.authentication.AnonymousAuthenticationFilter@64b0195e, org.springframework.security.web.session.SessionManagementFilter@ff18823, org.springframework.security.web.access.ExceptionTranslationFilter@45f854e9, org.springframework.security.web.access.intercept.AuthorizationFilter@7e24d565]
2026-05-20 17:35:37 WARN  [main] o.s.b.w.s.c.AnnotationConfigServletWebServerApplicationContext - Exception encountered during context initialization - cancelling refresh attempt: org.springframework.beans.factory.BeanCreationException: Error creating bean with name 'dataSourceScriptDatabaseInitializer' defined in class path resource [org/springframework/boot/autoconfigure/sql/init/DataSourceInitializationConfiguration.class]: Failed to execute database script from resource [class path resource [data.sql]]
2026-05-20 17:35:37 INFO  [main] o.s.o.j.LocalContainerEntityManagerFactoryBean - Closing JPA EntityManagerFactory for persistence unit 'default'
2026-05-20 17:35:37 INFO  [main] com.zaxxer.hikari.HikariDataSource - HikariPool-1 - Shutdown initiated...
2026-05-20 17:35:37 INFO  [main] com.zaxxer.hikari.HikariDataSource - HikariPool-1 - Shutdown completed.
2026-05-20 17:35:37 INFO  [main] o.a.catalina.core.StandardService - Stopping service [Tomcat]
2026-05-20 17:35:37 INFO  [main] o.s.b.a.l.ConditionEvaluationReportLogger - 

Error starting ApplicationContext. To display the condition evaluation report re-run your application with 'debug' enabled.
2026-05-20 17:35:37 ERROR [main] o.s.boot.SpringApplication - Application run failed
org.springframework.beans.factory.BeanCreationException: Error creating bean with name 'dataSourceScriptDatabaseInitializer' defined in class path resource [org/springframework/boot/autoconfigure/sql/init/DataSourceInitializationConfiguration.class]: Failed to execute database script from resource [class path resource [data.sql]]
	at org.springframework.beans.factory.support.AbstractAutowireCapableBeanFactory.initializeBean(AbstractAutowireCapableBeanFactory.java:1775)
	at org.springframework.beans.factory.support.AbstractAutowireCapableBeanFactory.doCreateBean(AbstractAutowireCapableBeanFactory.java:601)
	at org.springframework.beans.factory.support.AbstractAutowireCapableBeanFactory.createBean(AbstractAutowireCapableBeanFactory.java:523)
	at org.springframework.beans.factory.support.AbstractBeanFactory.lambda$doGetBean$0(AbstractBeanFactory.java:325)
	at org.springframework.beans.factory.support.DefaultSingletonBeanRegistry.getSingleton(DefaultSingletonBeanRegistry.java:234)
	at org.springframework.beans.factory.support.AbstractBeanFactory.doGetBean(AbstractBeanFactory.java:323)
	at org.springframework.beans.factory.support.AbstractBeanFactory.getBean(AbstractBeanFactory.java:199)
	at org.springframework.beans.factory.support.AbstractBeanFactory.doGetBean(AbstractBeanFactory.java:312)
	at org.springframework.beans.factory.support.AbstractBeanFactory.getBean(AbstractBeanFactory.java:199)
	at org.springframework.beans.factory.support.DefaultListableBeanFactory.preInstantiateSingletons(DefaultListableBeanFactory.java:973)
	at org.springframework.context.support.AbstractApplicationContext.finishBeanFactoryInitialization(AbstractApplicationContext.java:946)
	at org.springframework.context.support.AbstractApplicationContext.refresh(AbstractApplicationContext.java:616)
	at org.springframework.boot.web.servlet.context.ServletWebServerApplicationContext.refresh(ServletWebServerApplicationContext.java:146)
	at org.springframework.boot.SpringApplication.refresh(SpringApplication.java:753)
	at org.springframework.boot.SpringApplication.refreshContext(SpringApplication.java:455)
	at org.springframework.boot.SpringApplication.run(SpringApplication.java:323)
	at org.springframework.boot.SpringApplication.run(SpringApplication.java:1342)
	at org.springframework.boot.SpringApplication.run(SpringApplication.java:1331)
	at com.plants.api.ApiApplication.main(ApiApplication.java:10)
Caused by: org.springframework.jdbc.datasource.init.UncategorizedScriptException: Failed to execute database script from resource [class path resource [data.sql]]
	at org.springframework.jdbc.datasource.init.ScriptUtils.executeSqlScript(ScriptUtils.java:305)
	at org.springframework.jdbc.datasource.init.ResourceDatabasePopulator.populate(ResourceDatabasePopulator.java:254)
	at org.springframework.jdbc.datasource.init.DatabasePopulatorUtils.execute(DatabasePopulatorUtils.java:54)
	at org.springframework.boot.jdbc.init.DataSourceScriptDatabaseInitializer.runScripts(DataSourceScriptDatabaseInitializer.java:87)
	at org.springframework.boot.sql.init.AbstractScriptDatabaseInitializer.runScripts(AbstractScriptDatabaseInitializer.java:146)
	at org.springframework.boot.sql.init.AbstractScriptDatabaseInitializer.applyScripts(AbstractScriptDatabaseInitializer.java:108)
	at org.springframework.boot.sql.init.AbstractScriptDatabaseInitializer.applyDataScripts(AbstractScriptDatabaseInitializer.java:102)
	at org.springframework.boot.sql.init.AbstractScriptDatabaseInitializer.initializeDatabase(AbstractScriptDatabaseInitializer.java:77)
	at org.springframework.boot.sql.init.AbstractScriptDatabaseInitializer.afterPropertiesSet(AbstractScriptDatabaseInitializer.java:66)
	at org.springframework.beans.factory.support.AbstractAutowireCapableBeanFactory.invokeInitMethods(AbstractAutowireCapableBeanFactory.java:1822)
	at org.springframework.beans.factory.support.AbstractAutowireCapableBeanFactory.initializeBean(AbstractAutowireCapableBeanFactory.java:1771)
	... 18 common frames omitted
Caused by: java.lang.IllegalArgumentException: 'script' must not be null or empty
	at org.springframework.util.Assert.hasText(Assert.java:240)
	at org.springframework.jdbc.datasource.init.ScriptUtils.splitSqlScript(ScriptUtils.java:475)
	at org.springframework.jdbc.datasource.init.ScriptUtils.executeSqlScript(ScriptUtils.java:252)
	... 28 common frames omitted
2026-05-20 17:38:09 INFO  [background-preinit] o.h.validator.internal.util.Version - HV000001: Hibernate Validator 8.0.1.Final
2026-05-20 17:38:09 INFO  [main] com.plants.api.ApiApplication - Starting ApiApplication using Java 21.0.11 with PID 27748 (C:\Users\kader\plants-medicinales-SaaS\target\classes started by kader in C:\Users\kader\plants-medicinales-SaaS)
2026-05-20 17:38:09 DEBUG [main] com.plants.api.ApiApplication - Running with Spring Boot v3.2.0, Spring v6.1.1
2026-05-20 17:38:09 INFO  [main] com.plants.api.ApiApplication - The following 1 profile is active: "dev"
2026-05-20 17:38:10 INFO  [main] o.s.d.r.c.RepositoryConfigurationDelegate - Multiple Spring Data modules found, entering strict repository configuration mode
2026-05-20 17:38:10 INFO  [main] o.s.d.r.c.RepositoryConfigurationDelegate - Bootstrapping Spring Data JPA repositories in DEFAULT mode.
2026-05-20 17:38:10 INFO  [main] o.s.d.r.c.RepositoryConfigurationDelegate - Finished Spring Data repository scanning in 113 ms. Found 8 JPA repository interfaces.
2026-05-20 17:38:10 INFO  [main] o.s.d.r.c.RepositoryConfigurationDelegate - Multiple Spring Data modules found, entering strict repository configuration mode
2026-05-20 17:38:10 INFO  [main] o.s.d.r.c.RepositoryConfigurationDelegate - Bootstrapping Spring Data Redis repositories in DEFAULT mode.
2026-05-20 17:38:10 INFO  [main] o.s.d.r.c.RepositoryConfigurationExtensionSupport - Spring Data Redis - Could not safely identify store assignment for repository candidate interface com.plants.api.repositories.AffiliateClickRepository; If you want this repository to be a Redis repository, consider annotating your entities with one of these annotations: org.springframework.data.redis.core.RedisHash (preferred), or consider extending one of the following types with your repository: org.springframework.data.keyvalue.repository.KeyValueRepository
2026-05-20 17:38:10 INFO  [main] o.s.d.r.c.RepositoryConfigurationExtensionSupport - Spring Data Redis - Could not safely identify store assignment for repository candidate interface com.plants.api.repositories.AffiliateProductRepository; If you want this repository to be a Redis repository, consider annotating your entities with one of these annotations: org.springframework.data.redis.core.RedisHash (preferred), or consider extending one of the following types with your repository: org.springframework.data.keyvalue.repository.KeyValueRepository
2026-05-20 17:38:10 INFO  [main] o.s.d.r.c.RepositoryConfigurationExtensionSupport - Spring Data Redis - Could not safely identify store assignment for repository candidate interface com.plants.api.repositories.ArticleRepository; If you want this repository to be a Redis repository, consider annotating your entities with one of these annotations: org.springframework.data.redis.core.RedisHash (preferred), or consider extending one of the following types with your repository: org.springframework.data.keyvalue.repository.KeyValueRepository
2026-05-20 17:38:10 INFO  [main] o.s.d.r.c.RepositoryConfigurationExtensionSupport - Spring Data Redis - Could not safely identify store assignment for repository candidate interface com.plants.api.repositories.CommentRepository; If you want this repository to be a Redis repository, consider annotating your entities with one of these annotations: org.springframework.data.redis.core.RedisHash (preferred), or consider extending one of the following types with your repository: org.springframework.data.keyvalue.repository.KeyValueRepository
2026-05-20 17:38:10 INFO  [main] o.s.d.r.c.RepositoryConfigurationExtensionSupport - Spring Data Redis - Could not safely identify store assignment for repository candidate interface com.plants.api.repositories.FavoriteRepository; If you want this repository to be a Redis repository, consider annotating your entities with one of these annotations: org.springframework.data.redis.core.RedisHash (preferred), or consider extending one of the following types with your repository: org.springframework.data.keyvalue.repository.KeyValueRepository
2026-05-20 17:38:10 INFO  [main] o.s.d.r.c.RepositoryConfigurationExtensionSupport - Spring Data Redis - Could not safely identify store assignment for repository candidate interface com.plants.api.repositories.OilRepository; If you want this repository to be a Redis repository, consider annotating your entities with one of these annotations: org.springframework.data.redis.core.RedisHash (preferred), or consider extending one of the following types with your repository: org.springframework.data.keyvalue.repository.KeyValueRepository
2026-05-20 17:38:10 INFO  [main] o.s.d.r.c.RepositoryConfigurationExtensionSupport - Spring Data Redis - Could not safely identify store assignment for repository candidate interface com.plants.api.repositories.PlantRepository; If you want this repository to be a Redis repository, consider annotating your entities with one of these annotations: org.springframework.data.redis.core.RedisHash (preferred), or consider extending one of the following types with your repository: org.springframework.data.keyvalue.repository.KeyValueRepository
2026-05-20 17:38:10 INFO  [main] o.s.d.r.c.RepositoryConfigurationExtensionSupport - Spring Data Redis - Could not safely identify store assignment for repository candidate interface com.plants.api.repositories.UserRepository; If you want this repository to be a Redis repository, consider annotating your entities with one of these annotations: org.springframework.data.redis.core.RedisHash (preferred), or consider extending one of the following types with your repository: org.springframework.data.keyvalue.repository.KeyValueRepository
2026-05-20 17:38:10 INFO  [main] o.s.d.r.c.RepositoryConfigurationDelegate - Finished Spring Data repository scanning in 6 ms. Found 0 Redis repository interfaces.
2026-05-20 17:38:11 INFO  [main] o.s.b.w.e.tomcat.TomcatWebServer - Tomcat initialized with port 8080 (http)
2026-05-20 17:38:11 INFO  [main] o.a.coyote.http11.Http11NioProtocol - Initializing ProtocolHandler ["http-nio-8080"]
2026-05-20 17:38:11 INFO  [main] o.a.catalina.core.StandardService - Starting service [Tomcat]
2026-05-20 17:38:11 INFO  [main] o.a.catalina.core.StandardEngine - Starting Servlet engine: [Apache Tomcat/10.1.16]
2026-05-20 17:38:11 INFO  [main] o.a.c.c.C.[Tomcat].[localhost].[/] - Initializing Spring embedded WebApplicationContext
2026-05-20 17:38:11 INFO  [main] o.s.b.w.s.c.ServletWebServerApplicationContext - Root WebApplicationContext: initialization completed in 1671 ms
2026-05-20 17:38:11 INFO  [main] o.h.jpa.internal.util.LogHelper - HHH000204: Processing PersistenceUnitInfo [name: default]
2026-05-20 17:38:11 INFO  [main] org.hibernate.Version - HHH000412: Hibernate ORM core version 6.3.1.Final
2026-05-20 17:38:11 INFO  [main] o.h.c.i.RegionFactoryInitiator - HHH000026: Second-level cache disabled
2026-05-20 17:38:11 INFO  [main] o.s.o.j.p.SpringPersistenceUnitInfo - No LoadTimeWeaver setup: ignoring JPA class transformer
2026-05-20 17:38:11 INFO  [main] com.zaxxer.hikari.HikariDataSource - HikariPool-1 - Starting...
2026-05-20 17:38:11 INFO  [main] com.zaxxer.hikari.pool.HikariPool - HikariPool-1 - Added connection org.postgresql.jdbc.PgConnection@1af6974c
2026-05-20 17:38:11 INFO  [main] com.zaxxer.hikari.HikariDataSource - HikariPool-1 - Start completed.
2026-05-20 17:38:11 WARN  [main] org.hibernate.orm.deprecation - HHH90000025: PostgreSQLDialect does not need to be specified explicitly using 'hibernate.dialect' (remove the property setting and it will be selected by default)
2026-05-20 17:38:12 INFO  [main] o.h.e.t.j.p.i.JtaPlatformInitiator - HHH000489: No JTA platform available (set 'hibernate.transaction.jta.platform' to enable JTA platform integration)
2026-05-20 17:38:12 INFO  [main] o.s.o.j.LocalContainerEntityManagerFactoryBean - Initialized JPA EntityManagerFactory for persistence unit 'default'
2026-05-20 17:38:13 DEBUG [main] c.p.a.s.JwtAuthenticationFilter - Filter 'jwtAuthenticationFilter' configured for use
2026-05-20 17:38:13 DEBUG [main] o.s.w.f.ServerHttpObservationFilter - Filter 'webMvcObservationFilter' configured for use
2026-05-20 17:38:13 INFO  [main] o.s.d.j.r.query.QueryEnhancerFactory - Hibernate is in classpath; If applicable, HQL parser will be used.
2026-05-20 17:38:14 WARN  [main] o.s.b.a.o.j.JpaBaseConfiguration$JpaWebConfiguration - spring.jpa.open-in-view is enabled by default. Therefore, database queries may be performed during view rendering. Explicitly configure spring.jpa.open-in-view to disable this warning
2026-05-20 17:38:14 DEBUG [main] o.s.w.s.m.m.a.RequestMappingHandlerMapping - 61 mappings in 'requestMappingHandlerMapping'
2026-05-20 17:38:14 DEBUG [main] o.s.w.s.h.SimpleUrlHandlerMapping - Patterns [/swagger-ui*/*swagger-initializer.js, /swagger-ui*/**] in 'resourceHandlerMapping'
2026-05-20 17:38:14 DEBUG [main] o.s.w.s.m.m.a.RequestMappingHandlerAdapter - ControllerAdvice beans: 0 @ModelAttribute, 0 @InitBinder, 1 RequestBodyAdvice, 1 ResponseBodyAdvice
2026-05-20 17:38:14 DEBUG [main] o.s.w.s.m.m.a.ExceptionHandlerExceptionResolver - ControllerAdvice beans: 2 @ExceptionHandler, 1 ResponseBodyAdvice
2026-05-20 17:38:14 INFO  [main] o.s.b.a.e.web.EndpointLinksResolver - Exposing 1 endpoint(s) beneath base path '/actuator'
2026-05-20 17:38:14 INFO  [main] o.s.s.web.DefaultSecurityFilterChain - Will secure any request with [org.springframework.security.web.session.DisableEncodeUrlFilter@1dbecb0a, org.springframework.security.web.context.request.async.WebAsyncManagerIntegrationFilter@1af1aae9, org.springframework.security.web.context.SecurityContextHolderFilter@525aae0c, org.springframework.security.web.header.HeaderWriterFilter@13d7410a, org.springframework.web.filter.CorsFilter@31ca510a, org.springframework.security.web.authentication.logout.LogoutFilter@133fb509, com.plants.api.security.JwtAuthenticationFilter@5c519681, org.springframework.security.web.savedrequest.RequestCacheAwareFilter@10683f87, org.springframework.security.web.servletapi.SecurityContextHolderAwareRequestFilter@abe3a3, org.springframework.security.web.authentication.AnonymousAuthenticationFilter@437b2db1, org.springframework.security.web.session.SessionManagementFilter@79036056, org.springframework.security.web.access.ExceptionTranslationFilter@234a8c1f, org.springframework.security.web.access.intercept.AuthorizationFilter@37aae870]
2026-05-20 17:38:14 WARN  [main] o.s.b.w.s.c.AnnotationConfigServletWebServerApplicationContext - Exception encountered during context initialization - cancelling refresh attempt: org.springframework.beans.factory.BeanCreationException: Error creating bean with name 'dataSourceScriptDatabaseInitializer' defined in class path resource [org/springframework/boot/autoconfigure/sql/init/DataSourceInitializationConfiguration.class]: Failed to execute SQL script statement #3 of class path resource [data.sql]: INSERT INTO plant_properties (plant_id, property) VALUES (1, 'Calmante'), (1, 'Antiseptique'), (1, 'Anti-inflammatoire'), (2, 'Digestive'), (2, 'Tonique'), (2, 'Antispasmodique'), (3, 'Calmante'), (3, 'Digestive'), (3, 'Anti-inflammatoire'), (4, 'Antiseptique'), (4, 'Expectorant'), (4, 'Tonique'), (5, 'Stimulant'), (5, 'Digestif'), (5, 'Antioxydant'), (6, 'Hydratante'), (6, 'Cicatrisante'), (6, 'Anti-inflammatoire'), (7, 'Stimulant'), (7, 'Digestif'), (7, 'Anti-nauséeux'), (8, 'Anti-inflammatoire'), (8, 'Antioxydant'), (8, 'Digestif'), (9, 'Expectorant'), (9, 'Antiseptique'), (9, 'Décongestionnant'), (10, 'Reminéralisante'), (10, 'Anti-inflammatoire'), (10, 'Dépurative') ON CONFLICT (plant_id, property) DO NOTHING
2026-05-20 17:38:14 INFO  [main] o.s.o.j.LocalContainerEntityManagerFactoryBean - Closing JPA EntityManagerFactory for persistence unit 'default'
2026-05-20 17:38:14 INFO  [main] com.zaxxer.hikari.HikariDataSource - HikariPool-1 - Shutdown initiated...
2026-05-20 17:38:14 INFO  [main] com.zaxxer.hikari.HikariDataSource - HikariPool-1 - Shutdown completed.
2026-05-20 17:38:14 INFO  [main] o.a.catalina.core.StandardService - Stopping service [Tomcat]
2026-05-20 17:38:14 INFO  [main] o.s.b.a.l.ConditionEvaluationReportLogger - 

Error starting ApplicationContext. To display the condition evaluation report re-run your application with 'debug' enabled.
2026-05-20 17:38:14 ERROR [main] o.s.boot.SpringApplication - Application run failed
org.springframework.beans.factory.BeanCreationException: Error creating bean with name 'dataSourceScriptDatabaseInitializer' defined in class path resource [org/springframework/boot/autoconfigure/sql/init/DataSourceInitializationConfiguration.class]: Failed to execute SQL script statement #3 of class path resource [data.sql]: INSERT INTO plant_properties (plant_id, property) VALUES (1, 'Calmante'), (1, 'Antiseptique'), (1, 'Anti-inflammatoire'), (2, 'Digestive'), (2, 'Tonique'), (2, 'Antispasmodique'), (3, 'Calmante'), (3, 'Digestive'), (3, 'Anti-inflammatoire'), (4, 'Antiseptique'), (4, 'Expectorant'), (4, 'Tonique'), (5, 'Stimulant'), (5, 'Digestif'), (5, 'Antioxydant'), (6, 'Hydratante'), (6, 'Cicatrisante'), (6, 'Anti-inflammatoire'), (7, 'Stimulant'), (7, 'Digestif'), (7, 'Anti-nauséeux'), (8, 'Anti-inflammatoire'), (8, 'Antioxydant'), (8, 'Digestif'), (9, 'Expectorant'), (9, 'Antiseptique'), (9, 'Décongestionnant'), (10, 'Reminéralisante'), (10, 'Anti-inflammatoire'), (10, 'Dépurative') ON CONFLICT (plant_id, property) DO NOTHING
	at org.springframework.beans.factory.support.AbstractAutowireCapableBeanFactory.initializeBean(AbstractAutowireCapableBeanFactory.java:1775)
	at org.springframework.beans.factory.support.AbstractAutowireCapableBeanFactory.doCreateBean(AbstractAutowireCapableBeanFactory.java:601)
	at org.springframework.beans.factory.support.AbstractAutowireCapableBeanFactory.createBean(AbstractAutowireCapableBeanFactory.java:523)
	at org.springframework.beans.factory.support.AbstractBeanFactory.lambda$doGetBean$0(AbstractBeanFactory.java:325)
	at org.springframework.beans.factory.support.DefaultSingletonBeanRegistry.getSingleton(DefaultSingletonBeanRegistry.java:234)
	at org.springframework.beans.factory.support.AbstractBeanFactory.doGetBean(AbstractBeanFactory.java:323)
	at org.springframework.beans.factory.support.AbstractBeanFactory.getBean(AbstractBeanFactory.java:199)
	at org.springframework.beans.factory.support.AbstractBeanFactory.doGetBean(AbstractBeanFactory.java:312)
	at org.springframework.beans.factory.support.AbstractBeanFactory.getBean(AbstractBeanFactory.java:199)
	at org.springframework.beans.factory.support.DefaultListableBeanFactory.preInstantiateSingletons(DefaultListableBeanFactory.java:973)
	at org.springframework.context.support.AbstractApplicationContext.finishBeanFactoryInitialization(AbstractApplicationContext.java:946)
	at org.springframework.context.support.AbstractApplicationContext.refresh(AbstractApplicationContext.java:616)
	at org.springframework.boot.web.servlet.context.ServletWebServerApplicationContext.refresh(ServletWebServerApplicationContext.java:146)
	at org.springframework.boot.SpringApplication.refresh(SpringApplication.java:753)
	at org.springframework.boot.SpringApplication.refreshContext(SpringApplication.java:455)
	at org.springframework.boot.SpringApplication.run(SpringApplication.java:323)
	at org.springframework.boot.SpringApplication.run(SpringApplication.java:1342)
	at org.springframework.boot.SpringApplication.run(SpringApplication.java:1331)
	at com.plants.api.ApiApplication.main(ApiApplication.java:10)
Caused by: org.springframework.jdbc.datasource.init.ScriptStatementFailedException: Failed to execute SQL script statement #3 of class path resource [data.sql]: INSERT INTO plant_properties (plant_id, property) VALUES (1, 'Calmante'), (1, 'Antiseptique'), (1, 'Anti-inflammatoire'), (2, 'Digestive'), (2, 'Tonique'), (2, 'Antispasmodique'), (3, 'Calmante'), (3, 'Digestive'), (3, 'Anti-inflammatoire'), (4, 'Antiseptique'), (4, 'Expectorant'), (4, 'Tonique'), (5, 'Stimulant'), (5, 'Digestif'), (5, 'Antioxydant'), (6, 'Hydratante'), (6, 'Cicatrisante'), (6, 'Anti-inflammatoire'), (7, 'Stimulant'), (7, 'Digestif'), (7, 'Anti-nauséeux'), (8, 'Anti-inflammatoire'), (8, 'Antioxydant'), (8, 'Digestif'), (9, 'Expectorant'), (9, 'Antiseptique'), (9, 'Décongestionnant'), (10, 'Reminéralisante'), (10, 'Anti-inflammatoire'), (10, 'Dépurative') ON CONFLICT (plant_id, property) DO NOTHING
	at org.springframework.jdbc.datasource.init.ScriptUtils.executeSqlScript(ScriptUtils.java:282)
	at org.springframework.jdbc.datasource.init.ResourceDatabasePopulator.populate(ResourceDatabasePopulator.java:254)
	at org.springframework.jdbc.datasource.init.DatabasePopulatorUtils.execute(DatabasePopulatorUtils.java:54)
	at org.springframework.boot.jdbc.init.DataSourceScriptDatabaseInitializer.runScripts(DataSourceScriptDatabaseInitializer.java:87)
	at org.springframework.boot.sql.init.AbstractScriptDatabaseInitializer.runScripts(AbstractScriptDatabaseInitializer.java:146)
	at org.springframework.boot.sql.init.AbstractScriptDatabaseInitializer.applyScripts(AbstractScriptDatabaseInitializer.java:108)
	at org.springframework.boot.sql.init.AbstractScriptDatabaseInitializer.applyDataScripts(AbstractScriptDatabaseInitializer.java:102)
	at org.springframework.boot.sql.init.AbstractScriptDatabaseInitializer.initializeDatabase(AbstractScriptDatabaseInitializer.java:77)
	at org.springframework.boot.sql.init.AbstractScriptDatabaseInitializer.afterPropertiesSet(AbstractScriptDatabaseInitializer.java:66)
	at org.springframework.beans.factory.support.AbstractAutowireCapableBeanFactory.invokeInitMethods(AbstractAutowireCapableBeanFactory.java:1822)
	at org.springframework.beans.factory.support.AbstractAutowireCapableBeanFactory.initializeBean(AbstractAutowireCapableBeanFactory.java:1771)
	... 18 common frames omitted
Caused by: org.postgresql.util.PSQLException: ERROR: there is no unique or exclusion constraint matching the ON CONFLICT specification
	at org.postgresql.core.v3.QueryExecutorImpl.receiveErrorResponse(QueryExecutorImpl.java:2713)
	at org.postgresql.core.v3.QueryExecutorImpl.processResults(QueryExecutorImpl.java:2401)
	at org.postgresql.core.v3.QueryExecutorImpl.execute(QueryExecutorImpl.java:368)
	at org.postgresql.jdbc.PgStatement.executeInternal(PgStatement.java:498)
	at org.postgresql.jdbc.PgStatement.execute(PgStatement.java:415)
	at org.postgresql.jdbc.PgStatement.executeWithFlags(PgStatement.java:335)
	at org.postgresql.jdbc.PgStatement.executeCachedSql(PgStatement.java:321)
	at org.postgresql.jdbc.PgStatement.executeWithFlags(PgStatement.java:297)
	at org.postgresql.jdbc.PgStatement.execute(PgStatement.java:292)
	at com.zaxxer.hikari.pool.ProxyStatement.execute(ProxyStatement.java:94)
	at com.zaxxer.hikari.pool.HikariProxyStatement.execute(HikariProxyStatement.java)
	at org.springframework.jdbc.datasource.init.ScriptUtils.executeSqlScript(ScriptUtils.java:261)
	... 28 common frames omitted
2026-05-20 17:43:05 INFO  [background-preinit] o.h.validator.internal.util.Version - HV000001: Hibernate Validator 8.0.1.Final
2026-05-20 17:43:05 INFO  [main] com.plants.api.ApiApplication - Starting ApiApplication using Java 21.0.11 with PID 9576 (C:\Users\kader\plants-medicinales-SaaS\target\classes started by kader in C:\Users\kader\plants-medicinales-SaaS)
2026-05-20 17:43:05 DEBUG [main] com.plants.api.ApiApplication - Running with Spring Boot v3.2.0, Spring v6.1.1
2026-05-20 17:43:05 INFO  [main] com.plants.api.ApiApplication - The following 1 profile is active: "dev"
2026-05-20 17:43:06 INFO  [main] o.s.d.r.c.RepositoryConfigurationDelegate - Multiple Spring Data modules found, entering strict repository configuration mode
2026-05-20 17:43:06 INFO  [main] o.s.d.r.c.RepositoryConfigurationDelegate - Bootstrapping Spring Data JPA repositories in DEFAULT mode.
2026-05-20 17:43:06 INFO  [main] o.s.d.r.c.RepositoryConfigurationDelegate - Finished Spring Data repository scanning in 196 ms. Found 8 JPA repository interfaces.
2026-05-20 17:43:06 INFO  [main] o.s.d.r.c.RepositoryConfigurationDelegate - Multiple Spring Data modules found, entering strict repository configuration mode
2026-05-20 17:43:06 INFO  [main] o.s.d.r.c.RepositoryConfigurationDelegate - Bootstrapping Spring Data Redis repositories in DEFAULT mode.
2026-05-20 17:43:06 INFO  [main] o.s.d.r.c.RepositoryConfigurationExtensionSupport - Spring Data Redis - Could not safely identify store assignment for repository candidate interface com.plants.api.repositories.AffiliateClickRepository; If you want this repository to be a Redis repository, consider annotating your entities with one of these annotations: org.springframework.data.redis.core.RedisHash (preferred), or consider extending one of the following types with your repository: org.springframework.data.keyvalue.repository.KeyValueRepository
2026-05-20 17:43:06 INFO  [main] o.s.d.r.c.RepositoryConfigurationExtensionSupport - Spring Data Redis - Could not safely identify store assignment for repository candidate interface com.plants.api.repositories.AffiliateProductRepository; If you want this repository to be a Redis repository, consider annotating your entities with one of these annotations: org.springframework.data.redis.core.RedisHash (preferred), or consider extending one of the following types with your repository: org.springframework.data.keyvalue.repository.KeyValueRepository
2026-05-20 17:43:06 INFO  [main] o.s.d.r.c.RepositoryConfigurationExtensionSupport - Spring Data Redis - Could not safely identify store assignment for repository candidate interface com.plants.api.repositories.ArticleRepository; If you want this repository to be a Redis repository, consider annotating your entities with one of these annotations: org.springframework.data.redis.core.RedisHash (preferred), or consider extending one of the following types with your repository: org.springframework.data.keyvalue.repository.KeyValueRepository
2026-05-20 17:43:06 INFO  [main] o.s.d.r.c.RepositoryConfigurationExtensionSupport - Spring Data Redis - Could not safely identify store assignment for repository candidate interface com.plants.api.repositories.CommentRepository; If you want this repository to be a Redis repository, consider annotating your entities with one of these annotations: org.springframework.data.redis.core.RedisHash (preferred), or consider extending one of the following types with your repository: org.springframework.data.keyvalue.repository.KeyValueRepository
2026-05-20 17:43:06 INFO  [main] o.s.d.r.c.RepositoryConfigurationExtensionSupport - Spring Data Redis - Could not safely identify store assignment for repository candidate interface com.plants.api.repositories.FavoriteRepository; If you want this repository to be a Redis repository, consider annotating your entities with one of these annotations: org.springframework.data.redis.core.RedisHash (preferred), or consider extending one of the following types with your repository: org.springframework.data.keyvalue.repository.KeyValueRepository
2026-05-20 17:43:06 INFO  [main] o.s.d.r.c.RepositoryConfigurationExtensionSupport - Spring Data Redis - Could not safely identify store assignment for repository candidate interface com.plants.api.repositories.OilRepository; If you want this repository to be a Redis repository, consider annotating your entities with one of these annotations: org.springframework.data.redis.core.RedisHash (preferred), or consider extending one of the following types with your repository: org.springframework.data.keyvalue.repository.KeyValueRepository
2026-05-20 17:43:06 INFO  [main] o.s.d.r.c.RepositoryConfigurationExtensionSupport - Spring Data Redis - Could not safely identify store assignment for repository candidate interface com.plants.api.repositories.PlantRepository; If you want this repository to be a Redis repository, consider annotating your entities with one of these annotations: org.springframework.data.redis.core.RedisHash (preferred), or consider extending one of the following types with your repository: org.springframework.data.keyvalue.repository.KeyValueRepository
2026-05-20 17:43:06 INFO  [main] o.s.d.r.c.RepositoryConfigurationExtensionSupport - Spring Data Redis - Could not safely identify store assignment for repository candidate interface com.plants.api.repositories.UserRepository; If you want this repository to be a Redis repository, consider annotating your entities with one of these annotations: org.springframework.data.redis.core.RedisHash (preferred), or consider extending one of the following types with your repository: org.springframework.data.keyvalue.repository.KeyValueRepository
2026-05-20 17:43:06 INFO  [main] o.s.d.r.c.RepositoryConfigurationDelegate - Finished Spring Data repository scanning in 8 ms. Found 0 Redis repository interfaces.
2026-05-20 17:43:07 INFO  [main] o.s.b.w.e.tomcat.TomcatWebServer - Tomcat initialized with port 8080 (http)
2026-05-20 17:43:07 INFO  [main] o.a.coyote.http11.Http11NioProtocol - Initializing ProtocolHandler ["http-nio-8080"]
2026-05-20 17:43:07 INFO  [main] o.a.catalina.core.StandardService - Starting service [Tomcat]
2026-05-20 17:43:07 INFO  [main] o.a.catalina.core.StandardEngine - Starting Servlet engine: [Apache Tomcat/10.1.16]
2026-05-20 17:43:07 INFO  [main] o.a.c.c.C.[Tomcat].[localhost].[/] - Initializing Spring embedded WebApplicationContext
2026-05-20 17:43:07 INFO  [main] o.s.b.w.s.c.ServletWebServerApplicationContext - Root WebApplicationContext: initialization completed in 2467 ms
2026-05-20 17:43:07 INFO  [main] o.h.jpa.internal.util.LogHelper - HHH000204: Processing PersistenceUnitInfo [name: default]
2026-05-20 17:43:08 INFO  [main] org.hibernate.Version - HHH000412: Hibernate ORM core version 6.3.1.Final
2026-05-20 17:43:08 INFO  [main] o.h.c.i.RegionFactoryInitiator - HHH000026: Second-level cache disabled
2026-05-20 17:43:08 INFO  [main] o.s.o.j.p.SpringPersistenceUnitInfo - No LoadTimeWeaver setup: ignoring JPA class transformer
2026-05-20 17:43:08 INFO  [main] com.zaxxer.hikari.HikariDataSource - HikariPool-1 - Starting...
2026-05-20 17:43:08 INFO  [main] com.zaxxer.hikari.pool.HikariPool - HikariPool-1 - Added connection org.postgresql.jdbc.PgConnection@6e1d9b32
2026-05-20 17:43:08 INFO  [main] com.zaxxer.hikari.HikariDataSource - HikariPool-1 - Start completed.
2026-05-20 17:43:08 WARN  [main] org.hibernate.orm.deprecation - HHH90000025: PostgreSQLDialect does not need to be specified explicitly using 'hibernate.dialect' (remove the property setting and it will be selected by default)
2026-05-20 17:43:09 INFO  [main] o.h.e.t.j.p.i.JtaPlatformInitiator - HHH000489: No JTA platform available (set 'hibernate.transaction.jta.platform' to enable JTA platform integration)
2026-05-20 17:43:09 INFO  [main] o.s.o.j.LocalContainerEntityManagerFactoryBean - Initialized JPA EntityManagerFactory for persistence unit 'default'
2026-05-20 17:43:09 DEBUG [main] c.p.a.s.JwtAuthenticationFilter - Filter 'jwtAuthenticationFilter' configured for use
2026-05-20 17:43:09 DEBUG [main] o.s.w.f.ServerHttpObservationFilter - Filter 'webMvcObservationFilter' configured for use
2026-05-20 17:43:10 INFO  [main] o.s.d.j.r.query.QueryEnhancerFactory - Hibernate is in classpath; If applicable, HQL parser will be used.
2026-05-20 17:43:11 WARN  [main] o.s.b.a.o.j.JpaBaseConfiguration$JpaWebConfiguration - spring.jpa.open-in-view is enabled by default. Therefore, database queries may be performed during view rendering. Explicitly configure spring.jpa.open-in-view to disable this warning
2026-05-20 17:43:11 DEBUG [main] o.s.w.s.m.m.a.RequestMappingHandlerMapping - 61 mappings in 'requestMappingHandlerMapping'
2026-05-20 17:43:11 DEBUG [main] o.s.w.s.h.SimpleUrlHandlerMapping - Patterns [/swagger-ui*/*swagger-initializer.js, /swagger-ui*/**] in 'resourceHandlerMapping'
2026-05-20 17:43:11 DEBUG [main] o.s.w.s.m.m.a.RequestMappingHandlerAdapter - ControllerAdvice beans: 0 @ModelAttribute, 0 @InitBinder, 1 RequestBodyAdvice, 1 ResponseBodyAdvice
2026-05-20 17:43:11 DEBUG [main] o.s.w.s.m.m.a.ExceptionHandlerExceptionResolver - ControllerAdvice beans: 2 @ExceptionHandler, 1 ResponseBodyAdvice
2026-05-20 17:43:11 INFO  [main] o.s.b.a.e.web.EndpointLinksResolver - Exposing 1 endpoint(s) beneath base path '/actuator'
2026-05-20 17:43:11 INFO  [main] o.s.s.web.DefaultSecurityFilterChain - Will secure any request with [org.springframework.security.web.session.DisableEncodeUrlFilter@77966cc3, org.springframework.security.web.context.request.async.WebAsyncManagerIntegrationFilter@a353dff, org.springframework.security.web.context.SecurityContextHolderFilter@21ec7946, org.springframework.security.web.header.HeaderWriterFilter@4854c964, org.springframework.web.filter.CorsFilter@2b360641, org.springframework.security.web.authentication.logout.LogoutFilter@241410c5, com.plants.api.security.JwtAuthenticationFilter@68abf2ad, org.springframework.security.web.savedrequest.RequestCacheAwareFilter@2280c0f5, org.springframework.security.web.servletapi.SecurityContextHolderAwareRequestFilter@a99f50e, org.springframework.security.web.authentication.AnonymousAuthenticationFilter@779d7ff4, org.springframework.security.web.session.SessionManagementFilter@11675922, org.springframework.security.web.access.ExceptionTranslationFilter@6fe37577, org.springframework.security.web.access.intercept.AuthorizationFilter@4c2370b5]
2026-05-20 17:43:12 INFO  [main] o.a.coyote.http11.Http11NioProtocol - Starting ProtocolHandler ["http-nio-8080"]
2026-05-20 17:43:12 INFO  [main] o.s.b.w.e.tomcat.TomcatWebServer - Tomcat started on port 8080 (http) with context path ''
2026-05-20 17:43:12 INFO  [main] com.plants.api.ApiApplication - Started ApiApplication in 7.94 seconds (process running for 8.791)
2026-05-20 17:43:12 INFO  [RMI TCP Connection(4)-192.168.1.118] o.a.c.c.C.[Tomcat].[localhost].[/] - Initializing Spring DispatcherServlet 'dispatcherServlet'
2026-05-20 17:43:12 INFO  [RMI TCP Connection(4)-192.168.1.118] o.s.web.servlet.DispatcherServlet - Initializing Servlet 'dispatcherServlet'
2026-05-20 17:43:12 DEBUG [RMI TCP Connection(4)-192.168.1.118] o.s.web.servlet.DispatcherServlet - Detected StandardServletMultipartResolver
2026-05-20 17:43:12 DEBUG [RMI TCP Connection(4)-192.168.1.118] o.s.web.servlet.DispatcherServlet - Detected AcceptHeaderLocaleResolver
2026-05-20 17:43:12 DEBUG [RMI TCP Connection(4)-192.168.1.118] o.s.web.servlet.DispatcherServlet - Detected FixedThemeResolver
2026-05-20 17:43:12 DEBUG [RMI TCP Connection(4)-192.168.1.118] o.s.web.servlet.DispatcherServlet - Detected org.springframework.web.servlet.view.DefaultRequestToViewNameTranslator@58f7544c
2026-05-20 17:43:12 DEBUG [RMI TCP Connection(4)-192.168.1.118] o.s.web.servlet.DispatcherServlet - Detected org.springframework.web.servlet.support.SessionFlashMapManager@2eb4a3ec
2026-05-20 17:43:12 DEBUG [RMI TCP Connection(4)-192.168.1.118] o.s.web.servlet.DispatcherServlet - enableLoggingRequestDetails='false': request parameters and headers will be masked to prevent unsafe logging of potentially sensitive data
2026-05-20 17:43:12 INFO  [RMI TCP Connection(4)-192.168.1.118] o.s.web.servlet.DispatcherServlet - Completed initialization in 5 ms
2026-05-20 17:46:51 INFO  [SpringApplicationShutdownHook] o.s.o.j.LocalContainerEntityManagerFactoryBean - Closing JPA EntityManagerFactory for persistence unit 'default'
2026-05-20 17:46:51 INFO  [SpringApplicationShutdownHook] com.zaxxer.hikari.HikariDataSource - HikariPool-1 - Shutdown initiated...
2026-05-20 17:46:51 INFO  [SpringApplicationShutdownHook] com.zaxxer.hikari.HikariDataSource - HikariPool-1 - Shutdown completed.
2026-05-20 17:51:04 INFO  [background-preinit] o.h.validator.internal.util.Version - HV000001: Hibernate Validator 8.0.1.Final
2026-05-20 17:51:04 INFO  [main] com.plants.api.ApiApplication - Starting ApiApplication using Java 21.0.11 with PID 27000 (C:\Users\kader\plants-medicinales-SaaS\target\classes started by kader in C:\Users\kader\plants-medicinales-SaaS)
2026-05-20 17:51:04 DEBUG [main] com.plants.api.ApiApplication - Running with Spring Boot v3.2.0, Spring v6.1.1
2026-05-20 17:51:04 INFO  [main] com.plants.api.ApiApplication - The following 1 profile is active: "dev"
2026-05-20 17:51:05 INFO  [main] o.s.d.r.c.RepositoryConfigurationDelegate - Multiple Spring Data modules found, entering strict repository configuration mode
2026-05-20 17:51:05 INFO  [main] o.s.d.r.c.RepositoryConfigurationDelegate - Bootstrapping Spring Data JPA repositories in DEFAULT mode.
2026-05-20 17:51:05 INFO  [main] o.s.d.r.c.RepositoryConfigurationDelegate - Finished Spring Data repository scanning in 105 ms. Found 8 JPA repository interfaces.
2026-05-20 17:51:05 INFO  [main] o.s.d.r.c.RepositoryConfigurationDelegate - Multiple Spring Data modules found, entering strict repository configuration mode
2026-05-20 17:51:05 INFO  [main] o.s.d.r.c.RepositoryConfigurationDelegate - Bootstrapping Spring Data Redis repositories in DEFAULT mode.
2026-05-20 17:51:05 INFO  [main] o.s.d.r.c.RepositoryConfigurationExtensionSupport - Spring Data Redis - Could not safely identify store assignment for repository candidate interface com.plants.api.repositories.AffiliateClickRepository; If you want this repository to be a Redis repository, consider annotating your entities with one of these annotations: org.springframework.data.redis.core.RedisHash (preferred), or consider extending one of the following types with your repository: org.springframework.data.keyvalue.repository.KeyValueRepository
2026-05-20 17:51:05 INFO  [main] o.s.d.r.c.RepositoryConfigurationExtensionSupport - Spring Data Redis - Could not safely identify store assignment for repository candidate interface com.plants.api.repositories.AffiliateProductRepository; If you want this repository to be a Redis repository, consider annotating your entities with one of these annotations: org.springframework.data.redis.core.RedisHash (preferred), or consider extending one of the following types with your repository: org.springframework.data.keyvalue.repository.KeyValueRepository
2026-05-20 17:51:05 INFO  [main] o.s.d.r.c.RepositoryConfigurationExtensionSupport - Spring Data Redis - Could not safely identify store assignment for repository candidate interface com.plants.api.repositories.ArticleRepository; If you want this repository to be a Redis repository, consider annotating your entities with one of these annotations: org.springframework.data.redis.core.RedisHash (preferred), or consider extending one of the following types with your repository: org.springframework.data.keyvalue.repository.KeyValueRepository
2026-05-20 17:51:05 INFO  [main] o.s.d.r.c.RepositoryConfigurationExtensionSupport - Spring Data Redis - Could not safely identify store assignment for repository candidate interface com.plants.api.repositories.CommentRepository; If you want this repository to be a Redis repository, consider annotating your entities with one of these annotations: org.springframework.data.redis.core.RedisHash (preferred), or consider extending one of the following types with your repository: org.springframework.data.keyvalue.repository.KeyValueRepository
2026-05-20 17:51:05 INFO  [main] o.s.d.r.c.RepositoryConfigurationExtensionSupport - Spring Data Redis - Could not safely identify store assignment for repository candidate interface com.plants.api.repositories.FavoriteRepository; If you want this repository to be a Redis repository, consider annotating your entities with one of these annotations: org.springframework.data.redis.core.RedisHash (preferred), or consider extending one of the following types with your repository: org.springframework.data.keyvalue.repository.KeyValueRepository
2026-05-20 17:51:05 INFO  [main] o.s.d.r.c.RepositoryConfigurationExtensionSupport - Spring Data Redis - Could not safely identify store assignment for repository candidate interface com.plants.api.repositories.OilRepository; If you want this repository to be a Redis repository, consider annotating your entities with one of these annotations: org.springframework.data.redis.core.RedisHash (preferred), or consider extending one of the following types with your repository: org.springframework.data.keyvalue.repository.KeyValueRepository
2026-05-20 17:51:05 INFO  [main] o.s.d.r.c.RepositoryConfigurationExtensionSupport - Spring Data Redis - Could not safely identify store assignment for repository candidate interface com.plants.api.repositories.PlantRepository; If you want this repository to be a Redis repository, consider annotating your entities with one of these annotations: org.springframework.data.redis.core.RedisHash (preferred), or consider extending one of the following types with your repository: org.springframework.data.keyvalue.repository.KeyValueRepository
2026-05-20 17:51:05 INFO  [main] o.s.d.r.c.RepositoryConfigurationExtensionSupport - Spring Data Redis - Could not safely identify store assignment for repository candidate interface com.plants.api.repositories.UserRepository; If you want this repository to be a Redis repository, consider annotating your entities with one of these annotations: org.springframework.data.redis.core.RedisHash (preferred), or consider extending one of the following types with your repository: org.springframework.data.keyvalue.repository.KeyValueRepository
2026-05-20 17:51:05 INFO  [main] o.s.d.r.c.RepositoryConfigurationDelegate - Finished Spring Data repository scanning in 6 ms. Found 0 Redis repository interfaces.
2026-05-20 17:51:06 INFO  [main] o.s.b.w.e.tomcat.TomcatWebServer - Tomcat initialized with port 8080 (http)
2026-05-20 17:51:06 INFO  [main] o.a.coyote.http11.Http11NioProtocol - Initializing ProtocolHandler ["http-nio-8080"]
2026-05-20 17:51:06 INFO  [main] o.a.catalina.core.StandardService - Starting service [Tomcat]
2026-05-20 17:51:06 INFO  [main] o.a.catalina.core.StandardEngine - Starting Servlet engine: [Apache Tomcat/10.1.16]
2026-05-20 17:51:06 INFO  [main] o.a.c.c.C.[Tomcat].[localhost].[/] - Initializing Spring embedded WebApplicationContext
2026-05-20 17:51:06 INFO  [main] o.s.b.w.s.c.ServletWebServerApplicationContext - Root WebApplicationContext: initialization completed in 1657 ms
2026-05-20 17:51:06 INFO  [main] o.h.jpa.internal.util.LogHelper - HHH000204: Processing PersistenceUnitInfo [name: default]
2026-05-20 17:51:06 INFO  [main] org.hibernate.Version - HHH000412: Hibernate ORM core version 6.3.1.Final
2026-05-20 17:51:06 INFO  [main] o.h.c.i.RegionFactoryInitiator - HHH000026: Second-level cache disabled
2026-05-20 17:51:06 INFO  [main] o.s.o.j.p.SpringPersistenceUnitInfo - No LoadTimeWeaver setup: ignoring JPA class transformer
2026-05-20 17:51:06 INFO  [main] com.zaxxer.hikari.HikariDataSource - HikariPool-1 - Starting...
2026-05-20 17:51:06 INFO  [main] com.zaxxer.hikari.pool.HikariPool - HikariPool-1 - Added connection org.postgresql.jdbc.PgConnection@563ab6d5
2026-05-20 17:51:06 INFO  [main] com.zaxxer.hikari.HikariDataSource - HikariPool-1 - Start completed.
2026-05-20 17:51:06 WARN  [main] org.hibernate.orm.deprecation - HHH90000025: PostgreSQLDialect does not need to be specified explicitly using 'hibernate.dialect' (remove the property setting and it will be selected by default)
2026-05-20 17:51:07 ERROR [main] o.s.o.j.LocalContainerEntityManagerFactoryBean - Failed to initialize JPA EntityManagerFactory: Collection 'com.plants.api.entities.Oil.favoriteUsers' is 'mappedBy' a property named 'favoriteOils' which does not exist in the target entity 'com.plants.api.entities.User'
2026-05-20 17:51:07 ERROR [main] o.s.b.w.e.tomcat.TomcatStarter - Error starting Tomcat context. Exception: org.springframework.beans.factory.UnsatisfiedDependencyException. Message: Error creating bean with name 'jwtAuthenticationFilter' defined in file [C:\Users\kader\plants-medicinales-SaaS\target\classes\com\plants\api\security\JwtAuthenticationFilter.class]: Unsatisfied dependency expressed through constructor parameter 1: Error creating bean with name 'customUserDetailsService' defined in file [C:\Users\kader\plants-medicinales-SaaS\target\classes\com\plants\api\security\CustomUserDetailsService.class]: Unsatisfied dependency expressed through constructor parameter 0: Error creating bean with name 'userRepository' defined in com.plants.api.repositories.UserRepository defined in @EnableJpaRepositories declared on JpaRepositoriesRegistrar.EnableJpaRepositoriesConfiguration: Cannot resolve reference to bean 'jpaSharedEM_entityManagerFactory' while setting bean property 'entityManager'
2026-05-20 17:51:07 INFO  [main] o.a.catalina.core.StandardService - Stopping service [Tomcat]
2026-05-20 17:51:07 WARN  [main] o.a.c.loader.WebappClassLoaderBase - The web application [ROOT] appears to have started a thread named [HikariPool-1 housekeeper] but has failed to stop it. This is very likely to create a memory leak. Stack trace of thread:
 java.base/jdk.internal.misc.Unsafe.park(Native Method)
 java.base/java.util.concurrent.locks.LockSupport.parkNanos(LockSupport.java:269)
 java.base/java.util.concurrent.locks.AbstractQueuedSynchronizer$ConditionObject.awaitNanos(AbstractQueuedSynchronizer.java:1797)
 java.base/java.util.concurrent.ScheduledThreadPoolExecutor$DelayedWorkQueue.take(ScheduledThreadPoolExecutor.java:1182)
 java.base/java.util.concurrent.ScheduledThreadPoolExecutor$DelayedWorkQueue.take(ScheduledThreadPoolExecutor.java:899)
 java.base/java.util.concurrent.ThreadPoolExecutor.getTask(ThreadPoolExecutor.java:1070)
 java.base/java.util.concurrent.ThreadPoolExecutor.runWorker(ThreadPoolExecutor.java:1130)
 java.base/java.util.concurrent.ThreadPoolExecutor$Worker.run(ThreadPoolExecutor.java:642)
 java.base/java.lang.Thread.run(Thread.java:1583)
2026-05-20 17:51:07 WARN  [main] o.a.c.loader.WebappClassLoaderBase - The web application [ROOT] appears to have started a thread named [HikariPool-1 connection adder] but has failed to stop it. This is very likely to create a memory leak. Stack trace of thread:
 java.base/sun.nio.ch.Net.poll(Native Method)
 java.base/sun.nio.ch.NioSocketImpl.park(NioSocketImpl.java:191)
 java.base/sun.nio.ch.NioSocketImpl.timedRead(NioSocketImpl.java:280)
 java.base/sun.nio.ch.NioSocketImpl.implRead(NioSocketImpl.java:304)
 java.base/sun.nio.ch.NioSocketImpl.read(NioSocketImpl.java:346)
 java.base/sun.nio.ch.NioSocketImpl$1.read(NioSocketImpl.java:796)
 java.base/java.net.Socket$SocketInputStream.read(Socket.java:1099)
 org.postgresql.core.VisibleBufferedInputStream.readMore(VisibleBufferedInputStream.java:161)
 org.postgresql.core.VisibleBufferedInputStream.ensureBytes(VisibleBufferedInputStream.java:128)
 org.postgresql.core.VisibleBufferedInputStream.ensureBytes(VisibleBufferedInputStream.java:113)
 org.postgresql.core.VisibleBufferedInputStream.read(VisibleBufferedInputStream.java:73)
 org.postgresql.core.PGStream.receiveChar(PGStream.java:465)
 org.postgresql.core.v3.ConnectionFactoryImpl.enableSSL(ConnectionFactoryImpl.java:589)
 org.postgresql.core.v3.ConnectionFactoryImpl.tryConnect(ConnectionFactoryImpl.java:191)
 org.postgresql.core.v3.ConnectionFactoryImpl.openConnectionImpl(ConnectionFactoryImpl.java:258)
 org.postgresql.core.ConnectionFactory.openConnection(ConnectionFactory.java:54)
 org.postgresql.jdbc.PgConnection.<init>(PgConnection.java:263)
 org.postgresql.Driver.makeConnection(Driver.java:443)
 org.postgresql.Driver.connect(Driver.java:297)
 com.zaxxer.hikari.util.DriverDataSource.getConnection(DriverDataSource.java:138)
 com.zaxxer.hikari.pool.PoolBase.newConnection(PoolBase.java:359)
 com.zaxxer.hikari.pool.PoolBase.newPoolEntry(PoolBase.java:201)
 com.zaxxer.hikari.pool.HikariPool.createPoolEntry(HikariPool.java:470)
 com.zaxxer.hikari.pool.HikariPool$PoolEntryCreator.call(HikariPool.java:733)
 com.zaxxer.hikari.pool.HikariPool$PoolEntryCreator.call(HikariPool.java:712)
 java.base/java.util.concurrent.FutureTask.run(FutureTask.java:317)
 java.base/java.util.concurrent.ThreadPoolExecutor.runWorker(ThreadPoolExecutor.java:1144)
 java.base/java.util.concurrent.ThreadPoolExecutor$Worker.run(ThreadPoolExecutor.java:642)
 java.base/java.lang.Thread.run(Thread.java:1583)
2026-05-20 17:51:07 WARN  [main] o.s.b.w.s.c.AnnotationConfigServletWebServerApplicationContext - Exception encountered during context initialization - cancelling refresh attempt: org.springframework.context.ApplicationContextException: Unable to start web server
2026-05-20 17:51:07 INFO  [main] com.zaxxer.hikari.HikariDataSource - HikariPool-1 - Shutdown initiated...
2026-05-20 17:51:07 INFO  [main] com.zaxxer.hikari.HikariDataSource - HikariPool-1 - Shutdown completed.
2026-05-20 17:51:07 INFO  [main] o.s.b.a.l.ConditionEvaluationReportLogger - 

Error starting ApplicationContext. To display the condition evaluation report re-run your application with 'debug' enabled.
2026-05-20 17:51:07 ERROR [main] o.s.boot.SpringApplication - Application run failed
org.springframework.context.ApplicationContextException: Unable to start web server
	at org.springframework.boot.web.servlet.context.ServletWebServerApplicationContext.onRefresh(ServletWebServerApplicationContext.java:165)
	at org.springframework.context.support.AbstractApplicationContext.refresh(AbstractApplicationContext.java:610)
	at org.springframework.boot.web.servlet.context.ServletWebServerApplicationContext.refresh(ServletWebServerApplicationContext.java:146)
	at org.springframework.boot.SpringApplication.refresh(SpringApplication.java:753)
	at org.springframework.boot.SpringApplication.refreshContext(SpringApplication.java:455)
	at org.springframework.boot.SpringApplication.run(SpringApplication.java:323)
	at org.springframework.boot.SpringApplication.run(SpringApplication.java:1342)
	at org.springframework.boot.SpringApplication.run(SpringApplication.java:1331)
	at com.plants.api.ApiApplication.main(ApiApplication.java:10)
Caused by: org.springframework.boot.web.server.WebServerException: Unable to start embedded Tomcat
	at org.springframework.boot.web.embedded.tomcat.TomcatWebServer.initialize(TomcatWebServer.java:142)
	at org.springframework.boot.web.embedded.tomcat.TomcatWebServer.<init>(TomcatWebServer.java:104)
	at org.springframework.boot.web.embedded.tomcat.TomcatServletWebServerFactory.getTomcatWebServer(TomcatServletWebServerFactory.java:501)
	at org.springframework.boot.web.embedded.tomcat.TomcatServletWebServerFactory.getWebServer(TomcatServletWebServerFactory.java:218)
	at org.springframework.boot.web.servlet.context.ServletWebServerApplicationContext.createWebServer(ServletWebServerApplicationContext.java:188)
	at org.springframework.boot.web.servlet.context.ServletWebServerApplicationContext.onRefresh(ServletWebServerApplicationContext.java:162)
	... 8 common frames omitted
Caused by: org.springframework.beans.factory.UnsatisfiedDependencyException: Error creating bean with name 'jwtAuthenticationFilter' defined in file [C:\Users\kader\plants-medicinales-SaaS\target\classes\com\plants\api\security\JwtAuthenticationFilter.class]: Unsatisfied dependency expressed through constructor parameter 1: Error creating bean with name 'customUserDetailsService' defined in file [C:\Users\kader\plants-medicinales-SaaS\target\classes\com\plants\api\security\CustomUserDetailsService.class]: Unsatisfied dependency expressed through constructor parameter 0: Error creating bean with name 'userRepository' defined in com.plants.api.repositories.UserRepository defined in @EnableJpaRepositories declared on JpaRepositoriesRegistrar.EnableJpaRepositoriesConfiguration: Cannot resolve reference to bean 'jpaSharedEM_entityManagerFactory' while setting bean property 'entityManager'
	at org.springframework.beans.factory.support.ConstructorResolver.createArgumentArray(ConstructorResolver.java:802)
	at org.springframework.beans.factory.support.ConstructorResolver.autowireConstructor(ConstructorResolver.java:241)
	at org.springframework.beans.factory.support.AbstractAutowireCapableBeanFactory.autowireConstructor(AbstractAutowireCapableBeanFactory.java:1356)
	at org.springframework.beans.factory.support.AbstractAutowireCapableBeanFactory.createBeanInstance(AbstractAutowireCapableBeanFactory.java:1193)
	at org.springframework.beans.factory.support.AbstractAutowireCapableBeanFactory.doCreateBean(AbstractAutowireCapableBeanFactory.java:563)
	at org.springframework.beans.factory.support.AbstractAutowireCapableBeanFactory.createBean(AbstractAutowireCapableBeanFactory.java:523)
	at org.springframework.beans.factory.support.AbstractBeanFactory.lambda$doGetBean$0(AbstractBeanFactory.java:325)
	at org.springframework.beans.factory.support.DefaultSingletonBeanRegistry.getSingleton(DefaultSingletonBeanRegistry.java:234)
	at org.springframework.beans.factory.support.AbstractBeanFactory.doGetBean(AbstractBeanFactory.java:323)
	at org.springframework.beans.factory.support.AbstractBeanFactory.getBean(AbstractBeanFactory.java:204)
	at org.springframework.boot.web.servlet.ServletContextInitializerBeans.getOrderedBeansOfType(ServletContextInitializerBeans.java:210)
	at org.springframework.boot.web.servlet.ServletContextInitializerBeans.addAsRegistrationBean(ServletContextInitializerBeans.java:173)
	at org.springframework.boot.web.servlet.ServletContextInitializerBeans.addAsRegistrationBean(ServletContextInitializerBeans.java:168)
	at org.springframework.boot.web.servlet.ServletContextInitializerBeans.addAdaptableBeans(ServletContextInitializerBeans.java:153)
	at org.springframework.boot.web.servlet.ServletContextInitializerBeans.<init>(ServletContextInitializerBeans.java:86)
	at org.springframework.boot.web.servlet.context.ServletWebServerApplicationContext.getServletContextInitializerBeans(ServletWebServerApplicationContext.java:266)
	at org.springframework.boot.web.servlet.context.ServletWebServerApplicationContext.selfInitialize(ServletWebServerApplicationContext.java:240)
	at org.springframework.boot.web.embedded.tomcat.TomcatStarter.onStartup(TomcatStarter.java:52)
	at org.apache.catalina.core.StandardContext.startInternal(StandardContext.java:4850)
	at org.apache.catalina.util.LifecycleBase.start(LifecycleBase.java:171)
	at org.apache.catalina.core.ContainerBase$StartChild.call(ContainerBase.java:1332)
	at org.apache.catalina.core.ContainerBase$StartChild.call(ContainerBase.java:1322)
	at java.base/java.util.concurrent.FutureTask.run(FutureTask.java:317)
	at org.apache.tomcat.util.threads.InlineExecutorService.execute(InlineExecutorService.java:75)
	at java.base/java.util.concurrent.AbstractExecutorService.submit(AbstractExecutorService.java:145)
	at org.apache.catalina.core.ContainerBase.startInternal(ContainerBase.java:866)
	at org.apache.catalina.core.StandardHost.startInternal(StandardHost.java:845)
	at org.apache.catalina.util.LifecycleBase.start(LifecycleBase.java:171)
	at org.apache.catalina.core.ContainerBase$StartChild.call(ContainerBase.java:1332)
	at org.apache.catalina.core.ContainerBase$StartChild.call(ContainerBase.java:1322)
	at java.base/java.util.concurrent.FutureTask.run(FutureTask.java:317)
	at org.apache.tomcat.util.threads.InlineExecutorService.execute(InlineExecutorService.java:75)
	at java.base/java.util.concurrent.AbstractExecutorService.submit(AbstractExecutorService.java:145)
	at org.apache.catalina.core.ContainerBase.startInternal(ContainerBase.java:866)
	at org.apache.catalina.core.StandardEngine.startInternal(StandardEngine.java:240)
	at org.apache.catalina.util.LifecycleBase.start(LifecycleBase.java:171)
	at org.apache.catalina.core.StandardService.startInternal(StandardService.java:433)
	at org.apache.catalina.util.LifecycleBase.start(LifecycleBase.java:171)
	at org.apache.catalina.core.StandardServer.startInternal(StandardServer.java:917)
	at org.apache.catalina.util.LifecycleBase.start(LifecycleBase.java:171)
	at org.apache.catalina.startup.Tomcat.start(Tomcat.java:488)
	at org.springframework.boot.web.embedded.tomcat.TomcatWebServer.initialize(TomcatWebServer.java:123)
	... 13 common frames omitted
Caused by: org.springframework.beans.factory.UnsatisfiedDependencyException: Error creating bean with name 'customUserDetailsService' defined in file [C:\Users\kader\plants-medicinales-SaaS\target\classes\com\plants\api\security\CustomUserDetailsService.class]: Unsatisfied dependency expressed through constructor parameter 0: Error creating bean with name 'userRepository' defined in com.plants.api.repositories.UserRepository defined in @EnableJpaRepositories declared on JpaRepositoriesRegistrar.EnableJpaRepositoriesConfiguration: Cannot resolve reference to bean 'jpaSharedEM_entityManagerFactory' while setting bean property 'entityManager'
	at org.springframework.beans.factory.support.ConstructorResolver.createArgumentArray(ConstructorResolver.java:802)
	at org.springframework.beans.factory.support.ConstructorResolver.autowireConstructor(ConstructorResolver.java:241)
	at org.springframework.beans.factory.support.AbstractAutowireCapableBeanFactory.autowireConstructor(AbstractAutowireCapableBeanFactory.java:1356)
	at org.springframework.beans.factory.support.AbstractAutowireCapableBeanFactory.createBeanInstance(AbstractAutowireCapableBeanFactory.java:1193)
	at org.springframework.beans.factory.support.AbstractAutowireCapableBeanFactory.doCreateBean(AbstractAutowireCapableBeanFactory.java:563)
	at org.springframework.beans.factory.support.AbstractAutowireCapableBeanFactory.createBean(AbstractAutowireCapableBeanFactory.java:523)
	at org.springframework.beans.factory.support.AbstractBeanFactory.lambda$doGetBean$0(AbstractBeanFactory.java:325)
	at org.springframework.beans.factory.support.DefaultSingletonBeanRegistry.getSingleton(DefaultSingletonBeanRegistry.java:234)
	at org.springframework.beans.factory.support.AbstractBeanFactory.doGetBean(AbstractBeanFactory.java:323)
	at org.springframework.beans.factory.support.AbstractBeanFactory.getBean(AbstractBeanFactory.java:199)
	at org.springframework.beans.factory.config.DependencyDescriptor.resolveCandidate(DependencyDescriptor.java:254)
	at org.springframework.beans.factory.support.DefaultListableBeanFactory.doResolveDependency(DefaultListableBeanFactory.java:1441)
	at org.springframework.beans.factory.support.DefaultListableBeanFactory.resolveDependency(DefaultListableBeanFactory.java:1348)
	at org.springframework.beans.factory.support.ConstructorResolver.resolveAutowiredArgument(ConstructorResolver.java:911)
	at org.springframework.beans.factory.support.ConstructorResolver.createArgumentArray(ConstructorResolver.java:789)
	... 54 common frames omitted
Caused by: org.springframework.beans.factory.BeanCreationException: Error creating bean with name 'userRepository' defined in com.plants.api.repositories.UserRepository defined in @EnableJpaRepositories declared on JpaRepositoriesRegistrar.EnableJpaRepositoriesConfiguration: Cannot resolve reference to bean 'jpaSharedEM_entityManagerFactory' while setting bean property 'entityManager'
	at org.springframework.beans.factory.support.BeanDefinitionValueResolver.resolveReference(BeanDefinitionValueResolver.java:377)
	at org.springframework.beans.factory.support.BeanDefinitionValueResolver.resolveValueIfNecessary(BeanDefinitionValueResolver.java:135)
	at org.springframework.beans.factory.support.AbstractAutowireCapableBeanFactory.applyPropertyValues(AbstractAutowireCapableBeanFactory.java:1686)
	at org.springframework.beans.factory.support.AbstractAutowireCapableBeanFactory.populateBean(AbstractAutowireCapableBeanFactory.java:1435)
	at org.springframework.beans.factory.support.AbstractAutowireCapableBeanFactory.doCreateBean(AbstractAutowireCapableBeanFactory.java:600)
	at org.springframework.beans.factory.support.AbstractAutowireCapableBeanFactory.createBean(AbstractAutowireCapableBeanFactory.java:523)
	at org.springframework.beans.factory.support.AbstractBeanFactory.lambda$doGetBean$0(AbstractBeanFactory.java:325)
	at org.springframework.beans.factory.support.DefaultSingletonBeanRegistry.getSingleton(DefaultSingletonBeanRegistry.java:234)
	at org.springframework.beans.factory.support.AbstractBeanFactory.doGetBean(AbstractBeanFactory.java:323)
	at org.springframework.beans.factory.support.AbstractBeanFactory.getBean(AbstractBeanFactory.java:199)
	at org.springframework.beans.factory.config.DependencyDescriptor.resolveCandidate(DependencyDescriptor.java:254)
	at org.springframework.beans.factory.support.DefaultListableBeanFactory.doResolveDependency(DefaultListableBeanFactory.java:1441)
	at org.springframework.beans.factory.support.DefaultListableBeanFactory.resolveDependency(DefaultListableBeanFactory.java:1348)
	at org.springframework.beans.factory.support.ConstructorResolver.resolveAutowiredArgument(ConstructorResolver.java:911)
	at org.springframework.beans.factory.support.ConstructorResolver.createArgumentArray(ConstructorResolver.java:789)
	... 68 common frames omitted
Caused by: org.springframework.beans.factory.BeanCreationException: Error creating bean with name 'jpaSharedEM_entityManagerFactory': Cannot resolve reference to bean 'entityManagerFactory' while setting constructor argument
	at org.springframework.beans.factory.support.BeanDefinitionValueResolver.resolveReference(BeanDefinitionValueResolver.java:377)
	at org.springframework.beans.factory.support.BeanDefinitionValueResolver.resolveValueIfNecessary(BeanDefinitionValueResolver.java:135)
	at org.springframework.beans.factory.support.ConstructorResolver.resolveConstructorArguments(ConstructorResolver.java:689)
	at org.springframework.beans.factory.support.ConstructorResolver.instantiateUsingFactoryMethod(ConstructorResolver.java:513)
	at org.springframework.beans.factory.support.AbstractAutowireCapableBeanFactory.instantiateUsingFactoryMethod(AbstractAutowireCapableBeanFactory.java:1336)
	at org.springframework.beans.factory.support.AbstractAutowireCapableBeanFactory.createBeanInstance(AbstractAutowireCapableBeanFactory.java:1166)
	at org.springframework.beans.factory.support.AbstractAutowireCapableBeanFactory.doCreateBean(AbstractAutowireCapableBeanFactory.java:563)
	at org.springframework.beans.factory.support.AbstractAutowireCapableBeanFactory.createBean(AbstractAutowireCapableBeanFactory.java:523)
	at org.springframework.beans.factory.support.AbstractBeanFactory.lambda$doGetBean$0(AbstractBeanFactory.java:325)
	at org.springframework.beans.factory.support.DefaultSingletonBeanRegistry.getSingleton(DefaultSingletonBeanRegistry.java:234)
	at org.springframework.beans.factory.support.AbstractBeanFactory.doGetBean(AbstractBeanFactory.java:323)
	at org.springframework.beans.factory.support.AbstractBeanFactory.getBean(AbstractBeanFactory.java:199)
	at org.springframework.beans.factory.support.BeanDefinitionValueResolver.resolveReference(BeanDefinitionValueResolver.java:365)
	... 82 common frames omitted
Caused by: org.springframework.beans.factory.BeanCreationException: Error creating bean with name 'entityManagerFactory' defined in class path resource [org/springframework/boot/autoconfigure/orm/jpa/HibernateJpaConfiguration.class]: Collection 'com.plants.api.entities.Oil.favoriteUsers' is 'mappedBy' a property named 'favoriteOils' which does not exist in the target entity 'com.plants.api.entities.User'
	at org.springframework.beans.factory.support.AbstractAutowireCapableBeanFactory.initializeBean(AbstractAutowireCapableBeanFactory.java:1775)
	at org.springframework.beans.factory.support.AbstractAutowireCapableBeanFactory.doCreateBean(AbstractAutowireCapableBeanFactory.java:601)
	at org.springframework.beans.factory.support.AbstractAutowireCapableBeanFactory.createBean(AbstractAutowireCapableBeanFactory.java:523)
	at org.springframework.beans.factory.support.AbstractBeanFactory.lambda$doGetBean$0(AbstractBeanFactory.java:325)
	at org.springframework.beans.factory.support.DefaultSingletonBeanRegistry.getSingleton(DefaultSingletonBeanRegistry.java:234)
	at org.springframework.beans.factory.support.AbstractBeanFactory.doGetBean(AbstractBeanFactory.java:323)
	at org.springframework.beans.factory.support.AbstractBeanFactory.getBean(AbstractBeanFactory.java:199)
	at org.springframework.beans.factory.support.BeanDefinitionValueResolver.resolveReference(BeanDefinitionValueResolver.java:365)
	... 94 common frames omitted
Caused by: org.hibernate.AnnotationException: Collection 'com.plants.api.entities.Oil.favoriteUsers' is 'mappedBy' a property named 'favoriteOils' which does not exist in the target entity 'com.plants.api.entities.User'
	at org.hibernate.boot.model.internal.CollectionBinder.isReversePropertyInJoin(CollectionBinder.java:1611)
	at org.hibernate.boot.model.internal.CollectionBinder.noAssociationTable(CollectionBinder.java:1625)
	at org.hibernate.boot.model.internal.CollectionBinder.bindStarToManySecondPass(CollectionBinder.java:1586)
	at org.hibernate.boot.model.internal.CollectionBinder$1.secondPass(CollectionBinder.java:1577)
	at org.hibernate.boot.model.internal.CollectionSecondPass.doSecondPass(CollectionSecondPass.java:45)
	at org.hibernate.boot.internal.InFlightMetadataCollectorImpl.processSecondPasses(InFlightMetadataCollectorImpl.java:1815)
	at org.hibernate.boot.internal.InFlightMetadataCollectorImpl.processSecondPasses(InFlightMetadataCollectorImpl.java:1774)
	at org.hibernate.boot.model.process.spi.MetadataBuildingProcess.complete(MetadataBuildingProcess.java:331)
	at org.hibernate.jpa.boot.internal.EntityManagerFactoryBuilderImpl.metadata(EntityManagerFactoryBuilderImpl.java:1432)
	at org.hibernate.jpa.boot.internal.EntityManagerFactoryBuilderImpl.build(EntityManagerFactoryBuilderImpl.java:1503)
	at org.springframework.orm.jpa.vendor.SpringHibernateJpaPersistenceProvider.createContainerEntityManagerFactory(SpringHibernateJpaPersistenceProvider.java:75)
	at org.springframework.orm.jpa.LocalContainerEntityManagerFactoryBean.createNativeEntityManagerFactory(LocalContainerEntityManagerFactoryBean.java:376)
	at org.springframework.orm.jpa.AbstractEntityManagerFactoryBean.buildNativeEntityManagerFactory(AbstractEntityManagerFactoryBean.java:409)
	at org.springframework.orm.jpa.AbstractEntityManagerFactoryBean.afterPropertiesSet(AbstractEntityManagerFactoryBean.java:396)
	at org.springframework.orm.jpa.LocalContainerEntityManagerFactoryBean.afterPropertiesSet(LocalContainerEntityManagerFactoryBean.java:352)
	at org.springframework.beans.factory.support.AbstractAutowireCapableBeanFactory.invokeInitMethods(AbstractAutowireCapableBeanFactory.java:1822)
	at org.springframework.beans.factory.support.AbstractAutowireCapableBeanFactory.initializeBean(AbstractAutowireCapableBeanFactory.java:1771)
	... 101 common frames omitted
2026-05-20 17:53:53 INFO  [background-preinit] o.h.validator.internal.util.Version - HV000001: Hibernate Validator 8.0.1.Final
2026-05-20 17:53:53 INFO  [main] com.plants.api.ApiApplication - Starting ApiApplication using Java 21.0.11 with PID 34352 (C:\Users\kader\plants-medicinales-SaaS\target\classes started by kader in C:\Users\kader\plants-medicinales-SaaS)
2026-05-20 17:53:53 DEBUG [main] com.plants.api.ApiApplication - Running with Spring Boot v3.2.0, Spring v6.1.1
2026-05-20 17:53:53 INFO  [main] com.plants.api.ApiApplication - The following 1 profile is active: "dev"
2026-05-20 17:53:54 INFO  [main] o.s.d.r.c.RepositoryConfigurationDelegate - Multiple Spring Data modules found, entering strict repository configuration mode
2026-05-20 17:53:54 INFO  [main] o.s.d.r.c.RepositoryConfigurationDelegate - Bootstrapping Spring Data JPA repositories in DEFAULT mode.
2026-05-20 17:53:54 INFO  [main] o.s.d.r.c.RepositoryConfigurationDelegate - Finished Spring Data repository scanning in 119 ms. Found 8 JPA repository interfaces.
2026-05-20 17:53:54 INFO  [main] o.s.d.r.c.RepositoryConfigurationDelegate - Multiple Spring Data modules found, entering strict repository configuration mode
2026-05-20 17:53:54 INFO  [main] o.s.d.r.c.RepositoryConfigurationDelegate - Bootstrapping Spring Data Redis repositories in DEFAULT mode.
2026-05-20 17:53:54 INFO  [main] o.s.d.r.c.RepositoryConfigurationExtensionSupport - Spring Data Redis - Could not safely identify store assignment for repository candidate interface com.plants.api.repositories.AffiliateClickRepository; If you want this repository to be a Redis repository, consider annotating your entities with one of these annotations: org.springframework.data.redis.core.RedisHash (preferred), or consider extending one of the following types with your repository: org.springframework.data.keyvalue.repository.KeyValueRepository
2026-05-20 17:53:54 INFO  [main] o.s.d.r.c.RepositoryConfigurationExtensionSupport - Spring Data Redis - Could not safely identify store assignment for repository candidate interface com.plants.api.repositories.AffiliateProductRepository; If you want this repository to be a Redis repository, consider annotating your entities with one of these annotations: org.springframework.data.redis.core.RedisHash (preferred), or consider extending one of the following types with your repository: org.springframework.data.keyvalue.repository.KeyValueRepository
2026-05-20 17:53:54 INFO  [main] o.s.d.r.c.RepositoryConfigurationExtensionSupport - Spring Data Redis - Could not safely identify store assignment for repository candidate interface com.plants.api.repositories.ArticleRepository; If you want this repository to be a Redis repository, consider annotating your entities with one of these annotations: org.springframework.data.redis.core.RedisHash (preferred), or consider extending one of the following types with your repository: org.springframework.data.keyvalue.repository.KeyValueRepository
2026-05-20 17:53:54 INFO  [main] o.s.d.r.c.RepositoryConfigurationExtensionSupport - Spring Data Redis - Could not safely identify store assignment for repository candidate interface com.plants.api.repositories.CommentRepository; If you want this repository to be a Redis repository, consider annotating your entities with one of these annotations: org.springframework.data.redis.core.RedisHash (preferred), or consider extending one of the following types with your repository: org.springframework.data.keyvalue.repository.KeyValueRepository
2026-05-20 17:53:54 INFO  [main] o.s.d.r.c.RepositoryConfigurationExtensionSupport - Spring Data Redis - Could not safely identify store assignment for repository candidate interface com.plants.api.repositories.FavoriteRepository; If you want this repository to be a Redis repository, consider annotating your entities with one of these annotations: org.springframework.data.redis.core.RedisHash (preferred), or consider extending one of the following types with your repository: org.springframework.data.keyvalue.repository.KeyValueRepository
2026-05-20 17:53:54 INFO  [main] o.s.d.r.c.RepositoryConfigurationExtensionSupport - Spring Data Redis - Could not safely identify store assignment for repository candidate interface com.plants.api.repositories.OilRepository; If you want this repository to be a Redis repository, consider annotating your entities with one of these annotations: org.springframework.data.redis.core.RedisHash (preferred), or consider extending one of the following types with your repository: org.springframework.data.keyvalue.repository.KeyValueRepository
2026-05-20 17:53:54 INFO  [main] o.s.d.r.c.RepositoryConfigurationExtensionSupport - Spring Data Redis - Could not safely identify store assignment for repository candidate interface com.plants.api.repositories.PlantRepository; If you want this repository to be a Redis repository, consider annotating your entities with one of these annotations: org.springframework.data.redis.core.RedisHash (preferred), or consider extending one of the following types with your repository: org.springframework.data.keyvalue.repository.KeyValueRepository
2026-05-20 17:53:54 INFO  [main] o.s.d.r.c.RepositoryConfigurationExtensionSupport - Spring Data Redis - Could not safely identify store assignment for repository candidate interface com.plants.api.repositories.UserRepository; If you want this repository to be a Redis repository, consider annotating your entities with one of these annotations: org.springframework.data.redis.core.RedisHash (preferred), or consider extending one of the following types with your repository: org.springframework.data.keyvalue.repository.KeyValueRepository
2026-05-20 17:53:54 INFO  [main] o.s.d.r.c.RepositoryConfigurationDelegate - Finished Spring Data repository scanning in 6 ms. Found 0 Redis repository interfaces.
2026-05-20 17:53:54 INFO  [main] o.s.b.w.e.tomcat.TomcatWebServer - Tomcat initialized with port 8080 (http)
2026-05-20 17:53:54 INFO  [main] o.a.coyote.http11.Http11NioProtocol - Initializing ProtocolHandler ["http-nio-8080"]
2026-05-20 17:53:54 INFO  [main] o.a.catalina.core.StandardService - Starting service [Tomcat]
2026-05-20 17:53:54 INFO  [main] o.a.catalina.core.StandardEngine - Starting Servlet engine: [Apache Tomcat/10.1.16]
2026-05-20 17:53:54 INFO  [main] o.a.c.c.C.[Tomcat].[localhost].[/] - Initializing Spring embedded WebApplicationContext
2026-05-20 17:53:54 INFO  [main] o.s.b.w.s.c.ServletWebServerApplicationContext - Root WebApplicationContext: initialization completed in 1675 ms
2026-05-20 17:53:55 INFO  [main] o.h.jpa.internal.util.LogHelper - HHH000204: Processing PersistenceUnitInfo [name: default]
2026-05-20 17:53:55 INFO  [main] org.hibernate.Version - HHH000412: Hibernate ORM core version 6.3.1.Final
2026-05-20 17:53:55 INFO  [main] o.h.c.i.RegionFactoryInitiator - HHH000026: Second-level cache disabled
2026-05-20 17:53:55 INFO  [main] o.s.o.j.p.SpringPersistenceUnitInfo - No LoadTimeWeaver setup: ignoring JPA class transformer
2026-05-20 17:53:55 INFO  [main] com.zaxxer.hikari.HikariDataSource - HikariPool-1 - Starting...
2026-05-20 17:53:55 INFO  [main] com.zaxxer.hikari.pool.HikariPool - HikariPool-1 - Added connection org.postgresql.jdbc.PgConnection@646bf8a6
2026-05-20 17:53:55 INFO  [main] com.zaxxer.hikari.HikariDataSource - HikariPool-1 - Start completed.
2026-05-20 17:53:55 WARN  [main] org.hibernate.orm.deprecation - HHH90000025: PostgreSQLDialect does not need to be specified explicitly using 'hibernate.dialect' (remove the property setting and it will be selected by default)
2026-05-20 17:53:56 INFO  [main] o.h.e.t.j.p.i.JtaPlatformInitiator - HHH000489: No JTA platform available (set 'hibernate.transaction.jta.platform' to enable JTA platform integration)
2026-05-20 17:53:56 INFO  [main] o.s.o.j.LocalContainerEntityManagerFactoryBean - Initialized JPA EntityManagerFactory for persistence unit 'default'
2026-05-20 17:53:56 DEBUG [main] c.p.a.s.JwtAuthenticationFilter - Filter 'jwtAuthenticationFilter' configured for use
2026-05-20 17:53:56 DEBUG [main] o.s.w.f.ServerHttpObservationFilter - Filter 'webMvcObservationFilter' configured for use
2026-05-20 17:53:56 INFO  [main] o.s.d.j.r.query.QueryEnhancerFactory - Hibernate is in classpath; If applicable, HQL parser will be used.
2026-05-20 17:53:56 WARN  [main] o.s.b.w.s.c.AnnotationConfigServletWebServerApplicationContext - Exception encountered during context initialization - cancelling refresh attempt: org.springframework.beans.factory.UnsatisfiedDependencyException: Error creating bean with name 'adminDashboardController' defined in file [C:\Users\kader\plants-medicinales-SaaS\target\classes\com\plants\api\controllers\AdminDashboardController.class]: Unsatisfied dependency expressed through constructor parameter 0: Error creating bean with name 'adminDashboardService' defined in file [C:\Users\kader\plants-medicinales-SaaS\target\classes\com\plants\api\services\AdminDashboardService.class]: Unsatisfied dependency expressed through constructor parameter 0: Error creating bean with name 'plantRepository' defined in com.plants.api.repositories.PlantRepository defined in @EnableJpaRepositories declared on JpaRepositoriesRegistrar.EnableJpaRepositoriesConfiguration: Could not create query for public abstract java.util.List com.plants.api.repositories.PlantRepository.findTopPlantsByPopularity(org.springframework.data.domain.Pageable); Reason: Validation failed for query for method public abstract java.util.List com.plants.api.repositories.PlantRepository.findTopPlantsByPopularity(org.springframework.data.domain.Pageable)
2026-05-20 17:53:56 INFO  [main] o.s.o.j.LocalContainerEntityManagerFactoryBean - Closing JPA EntityManagerFactory for persistence unit 'default'
2026-05-20 17:53:56 INFO  [main] com.zaxxer.hikari.HikariDataSource - HikariPool-1 - Shutdown initiated...
2026-05-20 17:53:56 INFO  [main] com.zaxxer.hikari.HikariDataSource - HikariPool-1 - Shutdown completed.
2026-05-20 17:53:56 INFO  [main] o.a.catalina.core.StandardService - Stopping service [Tomcat]
2026-05-20 17:53:56 INFO  [main] o.s.b.a.l.ConditionEvaluationReportLogger - 

Error starting ApplicationContext. To display the condition evaluation report re-run your application with 'debug' enabled.
2026-05-20 17:53:56 ERROR [main] o.s.boot.SpringApplication - Application run failed
org.springframework.beans.factory.UnsatisfiedDependencyException: Error creating bean with name 'adminDashboardController' defined in file [C:\Users\kader\plants-medicinales-SaaS\target\classes\com\plants\api\controllers\AdminDashboardController.class]: Unsatisfied dependency expressed through constructor parameter 0: Error creating bean with name 'adminDashboardService' defined in file [C:\Users\kader\plants-medicinales-SaaS\target\classes\com\plants\api\services\AdminDashboardService.class]: Unsatisfied dependency expressed through constructor parameter 0: Error creating bean with name 'plantRepository' defined in com.plants.api.repositories.PlantRepository defined in @EnableJpaRepositories declared on JpaRepositoriesRegistrar.EnableJpaRepositoriesConfiguration: Could not create query for public abstract java.util.List com.plants.api.repositories.PlantRepository.findTopPlantsByPopularity(org.springframework.data.domain.Pageable); Reason: Validation failed for query for method public abstract java.util.List com.plants.api.repositories.PlantRepository.findTopPlantsByPopularity(org.springframework.data.domain.Pageable)
	at org.springframework.beans.factory.support.ConstructorResolver.createArgumentArray(ConstructorResolver.java:802)
	at org.springframework.beans.factory.support.ConstructorResolver.autowireConstructor(ConstructorResolver.java:241)
	at org.springframework.beans.factory.support.AbstractAutowireCapableBeanFactory.autowireConstructor(AbstractAutowireCapableBeanFactory.java:1356)
	at org.springframework.beans.factory.support.AbstractAutowireCapableBeanFactory.createBeanInstance(AbstractAutowireCapableBeanFactory.java:1193)
	at org.springframework.beans.factory.support.AbstractAutowireCapableBeanFactory.doCreateBean(AbstractAutowireCapableBeanFactory.java:563)
	at org.springframework.beans.factory.support.AbstractAutowireCapableBeanFactory.createBean(AbstractAutowireCapableBeanFactory.java:523)
	at org.springframework.beans.factory.support.AbstractBeanFactory.lambda$doGetBean$0(AbstractBeanFactory.java:325)
	at org.springframework.beans.factory.support.DefaultSingletonBeanRegistry.getSingleton(DefaultSingletonBeanRegistry.java:234)
	at org.springframework.beans.factory.support.AbstractBeanFactory.doGetBean(AbstractBeanFactory.java:323)
	at org.springframework.beans.factory.support.AbstractBeanFactory.getBean(AbstractBeanFactory.java:199)
	at org.springframework.beans.factory.support.DefaultListableBeanFactory.preInstantiateSingletons(DefaultListableBeanFactory.java:973)
	at org.springframework.context.support.AbstractApplicationContext.finishBeanFactoryInitialization(AbstractApplicationContext.java:946)
	at org.springframework.context.support.AbstractApplicationContext.refresh(AbstractApplicationContext.java:616)
	at org.springframework.boot.web.servlet.context.ServletWebServerApplicationContext.refresh(ServletWebServerApplicationContext.java:146)
	at org.springframework.boot.SpringApplication.refresh(SpringApplication.java:753)
	at org.springframework.boot.SpringApplication.refreshContext(SpringApplication.java:455)
	at org.springframework.boot.SpringApplication.run(SpringApplication.java:323)
	at org.springframework.boot.SpringApplication.run(SpringApplication.java:1342)
	at org.springframework.boot.SpringApplication.run(SpringApplication.java:1331)
	at com.plants.api.ApiApplication.main(ApiApplication.java:10)
Caused by: org.springframework.beans.factory.UnsatisfiedDependencyException: Error creating bean with name 'adminDashboardService' defined in file [C:\Users\kader\plants-medicinales-SaaS\target\classes\com\plants\api\services\AdminDashboardService.class]: Unsatisfied dependency expressed through constructor parameter 0: Error creating bean with name 'plantRepository' defined in com.plants.api.repositories.PlantRepository defined in @EnableJpaRepositories declared on JpaRepositoriesRegistrar.EnableJpaRepositoriesConfiguration: Could not create query for public abstract java.util.List com.plants.api.repositories.PlantRepository.findTopPlantsByPopularity(org.springframework.data.domain.Pageable); Reason: Validation failed for query for method public abstract java.util.List com.plants.api.repositories.PlantRepository.findTopPlantsByPopularity(org.springframework.data.domain.Pageable)
	at org.springframework.beans.factory.support.ConstructorResolver.createArgumentArray(ConstructorResolver.java:802)
	at org.springframework.beans.factory.support.ConstructorResolver.autowireConstructor(ConstructorResolver.java:241)
	at org.springframework.beans.factory.support.AbstractAutowireCapableBeanFactory.autowireConstructor(AbstractAutowireCapableBeanFactory.java:1356)
	at org.springframework.beans.factory.support.AbstractAutowireCapableBeanFactory.createBeanInstance(AbstractAutowireCapableBeanFactory.java:1193)
	at org.springframework.beans.factory.support.AbstractAutowireCapableBeanFactory.doCreateBean(AbstractAutowireCapableBeanFactory.java:563)
	at org.springframework.beans.factory.support.AbstractAutowireCapableBeanFactory.createBean(AbstractAutowireCapableBeanFactory.java:523)
	at org.springframework.beans.factory.support.AbstractBeanFactory.lambda$doGetBean$0(AbstractBeanFactory.java:325)
	at org.springframework.beans.factory.support.DefaultSingletonBeanRegistry.getSingleton(DefaultSingletonBeanRegistry.java:234)
	at org.springframework.beans.factory.support.AbstractBeanFactory.doGetBean(AbstractBeanFactory.java:323)
	at org.springframework.beans.factory.support.AbstractBeanFactory.getBean(AbstractBeanFactory.java:199)
	at org.springframework.beans.factory.config.DependencyDescriptor.resolveCandidate(DependencyDescriptor.java:254)
	at org.springframework.beans.factory.support.DefaultListableBeanFactory.doResolveDependency(DefaultListableBeanFactory.java:1441)
	at org.springframework.beans.factory.support.DefaultListableBeanFactory.resolveDependency(DefaultListableBeanFactory.java:1348)
	at org.springframework.beans.factory.support.ConstructorResolver.resolveAutowiredArgument(ConstructorResolver.java:911)
	at org.springframework.beans.factory.support.ConstructorResolver.createArgumentArray(ConstructorResolver.java:789)
	... 19 common frames omitted
Caused by: org.springframework.beans.factory.BeanCreationException: Error creating bean with name 'plantRepository' defined in com.plants.api.repositories.PlantRepository defined in @EnableJpaRepositories declared on JpaRepositoriesRegistrar.EnableJpaRepositoriesConfiguration: Could not create query for public abstract java.util.List com.plants.api.repositories.PlantRepository.findTopPlantsByPopularity(org.springframework.data.domain.Pageable); Reason: Validation failed for query for method public abstract java.util.List com.plants.api.repositories.PlantRepository.findTopPlantsByPopularity(org.springframework.data.domain.Pageable)
	at org.springframework.beans.factory.support.AbstractAutowireCapableBeanFactory.initializeBean(AbstractAutowireCapableBeanFactory.java:1775)
	at org.springframework.beans.factory.support.AbstractAutowireCapableBeanFactory.doCreateBean(AbstractAutowireCapableBeanFactory.java:601)
	at org.springframework.beans.factory.support.AbstractAutowireCapableBeanFactory.createBean(AbstractAutowireCapableBeanFactory.java:523)
	at org.springframework.beans.factory.support.AbstractBeanFactory.lambda$doGetBean$0(AbstractBeanFactory.java:325)
	at org.springframework.beans.factory.support.DefaultSingletonBeanRegistry.getSingleton(DefaultSingletonBeanRegistry.java:234)
	at org.springframework.beans.factory.support.AbstractBeanFactory.doGetBean(AbstractBeanFactory.java:323)
	at org.springframework.beans.factory.support.AbstractBeanFactory.getBean(AbstractBeanFactory.java:199)
	at org.springframework.beans.factory.config.DependencyDescriptor.resolveCandidate(DependencyDescriptor.java:254)
	at org.springframework.beans.factory.support.DefaultListableBeanFactory.doResolveDependency(DefaultListableBeanFactory.java:1441)
	at org.springframework.beans.factory.support.DefaultListableBeanFactory.resolveDependency(DefaultListableBeanFactory.java:1348)
	at org.springframework.beans.factory.support.ConstructorResolver.resolveAutowiredArgument(ConstructorResolver.java:911)
	at org.springframework.beans.factory.support.ConstructorResolver.createArgumentArray(ConstructorResolver.java:789)
	... 33 common frames omitted
Caused by: org.springframework.data.repository.query.QueryCreationException: Could not create query for public abstract java.util.List com.plants.api.repositories.PlantRepository.findTopPlantsByPopularity(org.springframework.data.domain.Pageable); Reason: Validation failed for query for method public abstract java.util.List com.plants.api.repositories.PlantRepository.findTopPlantsByPopularity(org.springframework.data.domain.Pageable)
	at org.springframework.data.repository.query.QueryCreationException.create(QueryCreationException.java:101)
	at org.springframework.data.repository.core.support.QueryExecutorMethodInterceptor.lookupQuery(QueryExecutorMethodInterceptor.java:115)
	at org.springframework.data.repository.core.support.QueryExecutorMethodInterceptor.mapMethodsToQuery(QueryExecutorMethodInterceptor.java:99)
	at org.springframework.data.repository.core.support.QueryExecutorMethodInterceptor.lambda$new$0(QueryExecutorMethodInterceptor.java:88)
	at java.base/java.util.Optional.map(Optional.java:260)
	at org.springframework.data.repository.core.support.QueryExecutorMethodInterceptor.<init>(QueryExecutorMethodInterceptor.java:88)
	at org.springframework.data.repository.core.support.RepositoryFactorySupport.getRepository(RepositoryFactorySupport.java:357)
	at org.springframework.data.repository.core.support.RepositoryFactoryBeanSupport.lambda$afterPropertiesSet$5(RepositoryFactoryBeanSupport.java:279)
	at org.springframework.data.util.Lazy.getNullable(Lazy.java:135)
	at org.springframework.data.util.Lazy.get(Lazy.java:113)
	at org.springframework.data.repository.core.support.RepositoryFactoryBeanSupport.afterPropertiesSet(RepositoryFactoryBeanSupport.java:285)
	at org.springframework.data.jpa.repository.support.JpaRepositoryFactoryBean.afterPropertiesSet(JpaRepositoryFactoryBean.java:132)
	at org.springframework.beans.factory.support.AbstractAutowireCapableBeanFactory.invokeInitMethods(AbstractAutowireCapableBeanFactory.java:1822)
	at org.springframework.beans.factory.support.AbstractAutowireCapableBeanFactory.initializeBean(AbstractAutowireCapableBeanFactory.java:1771)
	... 44 common frames omitted
Caused by: java.lang.IllegalArgumentException: Validation failed for query for method public abstract java.util.List com.plants.api.repositories.PlantRepository.findTopPlantsByPopularity(org.springframework.data.domain.Pageable)
	at org.springframework.data.jpa.repository.query.SimpleJpaQuery.validateQuery(SimpleJpaQuery.java:100)
	at org.springframework.data.jpa.repository.query.SimpleJpaQuery.<init>(SimpleJpaQuery.java:70)
	at org.springframework.data.jpa.repository.query.JpaQueryFactory.fromMethodWithQueryString(JpaQueryFactory.java:60)
	at org.springframework.data.jpa.repository.query.JpaQueryLookupStrategy$DeclaredQueryLookupStrategy.resolveQuery(JpaQueryLookupStrategy.java:170)
	at org.springframework.data.jpa.repository.query.JpaQueryLookupStrategy$CreateIfNotFoundQueryLookupStrategy.resolveQuery(JpaQueryLookupStrategy.java:252)
	at org.springframework.data.jpa.repository.query.JpaQueryLookupStrategy$AbstractQueryLookupStrategy.resolveQuery(JpaQueryLookupStrategy.java:95)
	at org.springframework.data.repository.core.support.QueryExecutorMethodInterceptor.lookupQuery(QueryExecutorMethodInterceptor.java:111)
	... 56 common frames omitted
Caused by: java.lang.IllegalArgumentException: org.hibernate.query.sqm.UnknownPathException: Could not resolve attribute 'favoriteUsers' of 'com.plants.api.entities.Plant' [SELECT p FROM Plant p ORDER BY SIZE(p.favoriteUsers) DESC]
	at org.hibernate.internal.ExceptionConverterImpl.convert(ExceptionConverterImpl.java:143)
	at org.hibernate.internal.ExceptionConverterImpl.convert(ExceptionConverterImpl.java:167)
	at org.hibernate.internal.ExceptionConverterImpl.convert(ExceptionConverterImpl.java:173)
	at org.hibernate.internal.AbstractSharedSessionContract.createQuery(AbstractSharedSessionContract.java:802)
	at org.hibernate.internal.AbstractSharedSessionContract.createQuery(AbstractSharedSessionContract.java:707)
	at org.hibernate.internal.AbstractSharedSessionContract.createQuery(AbstractSharedSessionContract.java:132)
	at java.base/jdk.internal.reflect.DirectMethodHandleAccessor.invoke(DirectMethodHandleAccessor.java:103)
	at java.base/java.lang.reflect.Method.invoke(Method.java:580)
	at org.springframework.orm.jpa.ExtendedEntityManagerCreator$ExtendedEntityManagerInvocationHandler.invoke(ExtendedEntityManagerCreator.java:360)
	at jdk.proxy2/jdk.proxy2.$Proxy157.createQuery(Unknown Source)
	at org.springframework.data.jpa.repository.query.SimpleJpaQuery.validateQuery(SimpleJpaQuery.java:94)
	... 62 common frames omitted
Caused by: org.hibernate.query.sqm.UnknownPathException: Could not resolve attribute 'favoriteUsers' of 'com.plants.api.entities.Plant' [SELECT p FROM Plant p ORDER BY SIZE(p.favoriteUsers) DESC]
	at org.hibernate.query.hql.internal.StandardHqlTranslator.translate(StandardHqlTranslator.java:87)
	at org.hibernate.query.internal.QueryInterpretationCacheStandardImpl.createHqlInterpretation(QueryInterpretationCacheStandardImpl.java:165)
	at org.hibernate.query.internal.QueryInterpretationCacheStandardImpl.resolveHqlInterpretation(QueryInterpretationCacheStandardImpl.java:147)
	at org.hibernate.internal.AbstractSharedSessionContract.interpretHql(AbstractSharedSessionContract.java:744)
	at org.hibernate.internal.AbstractSharedSessionContract.createQuery(AbstractSharedSessionContract.java:794)
	... 69 common frames omitted
Caused by: org.hibernate.query.sqm.PathElementException: Could not resolve attribute 'favoriteUsers' of 'com.plants.api.entities.Plant'
	at org.hibernate.query.sqm.SqmPathSource.getSubPathSource(SqmPathSource.java:95)
	at org.hibernate.query.sqm.tree.domain.AbstractSqmPath.get(AbstractSqmPath.java:195)
	at org.hibernate.query.sqm.tree.domain.AbstractSqmFrom.resolvePathPart(AbstractSqmFrom.java:196)
	at org.hibernate.query.hql.internal.DomainPathPart.resolvePathPart(DomainPathPart.java:42)
	at org.hibernate.query.hql.internal.BasicDotIdentifierConsumer.consumeIdentifier(BasicDotIdentifierConsumer.java:91)
	at org.hibernate.query.hql.internal.SemanticQueryBuilder.visitSimplePath(SemanticQueryBuilder.java:5010)
	at org.hibernate.query.hql.internal.SemanticQueryBuilder.visitIndexedPathAccessFragment(SemanticQueryBuilder.java:4959)
	at org.hibernate.query.hql.internal.SemanticQueryBuilder.visitGeneralPathFragment(SemanticQueryBuilder.java:4934)
	at org.hibernate.query.hql.internal.SemanticQueryBuilder.visitGeneralPathFragment(SemanticQueryBuilder.java:268)
	at org.hibernate.grammars.hql.HqlParser$GeneralPathFragmentContext.accept(HqlParser.java:4390)
	at org.hibernate.query.hql.internal.SemanticQueryBuilder.visitPath(SemanticQueryBuilder.java:4925)
	at org.hibernate.query.hql.internal.SemanticQueryBuilder.visitPath(SemanticQueryBuilder.java:268)
	at org.hibernate.grammars.hql.HqlParser$PathContext.accept(HqlParser.java:4188)
	at org.hibernate.query.hql.internal.SemanticQueryBuilder.consumeDomainPath(SemanticQueryBuilder.java:5246)
	at org.hibernate.query.hql.internal.SemanticQueryBuilder.visitCollectionSizeFunction(SemanticQueryBuilder.java:4740)
	at org.hibernate.query.hql.internal.SemanticQueryBuilder.visitCollectionSizeFunction(SemanticQueryBuilder.java:268)
	at org.hibernate.grammars.hql.HqlParser$CollectionSizeFunctionContext.accept(HqlParser.java:12095)
	at org.antlr.v4.runtime.tree.AbstractParseTreeVisitor.visitChildren(AbstractParseTreeVisitor.java:46)
	at org.hibernate.grammars.hql.HqlParserBaseVisitor.visitFunction(HqlParserBaseVisitor.java:1287)
	at org.hibernate.grammars.hql.HqlParser$FunctionContext.accept(HqlParser.java:11424)
	at org.hibernate.query.hql.internal.SemanticQueryBuilder.visitFunctionExpression(SemanticQueryBuilder.java:1786)
	at org.hibernate.query.hql.internal.SemanticQueryBuilder.visitFunctionExpression(SemanticQueryBuilder.java:268)
	at org.hibernate.grammars.hql.HqlParser$FunctionExpressionContext.accept(HqlParser.java:7457)
	at org.antlr.v4.runtime.tree.AbstractParseTreeVisitor.visitChildren(AbstractParseTreeVisitor.java:46)
	at org.hibernate.grammars.hql.HqlParserBaseVisitor.visitBarePrimaryExpression(HqlParserBaseVisitor.java:755)
	at org.hibernate.grammars.hql.HqlParser$BarePrimaryExpressionContext.accept(HqlParser.java:7045)
	at org.hibernate.query.hql.internal.SemanticQueryBuilder.resolveOrderByOrGroupByExpression(SemanticQueryBuilder.java:1597)
	at org.hibernate.query.hql.internal.SemanticQueryBuilder.visitSortExpression(SemanticQueryBuilder.java:1680)
	at org.hibernate.query.hql.internal.SemanticQueryBuilder.visitSortSpecification(SemanticQueryBuilder.java:1640)
	at org.hibernate.query.hql.internal.SemanticQueryBuilder.visitOrderByClause(SemanticQueryBuilder.java:1623)
	at org.hibernate.query.hql.internal.SemanticQueryBuilder.visitOrderByClause(SemanticQueryBuilder.java:1612)
	at org.hibernate.query.hql.internal.SemanticQueryBuilder.visitQueryOrder(SemanticQueryBuilder.java:1094)
	at org.hibernate.query.hql.internal.SemanticQueryBuilder.visitQuerySpecExpression(SemanticQueryBuilder.java:943)
	at org.hibernate.query.hql.internal.SemanticQueryBuilder.visitQuerySpecExpression(SemanticQueryBuilder.java:268)
	at org.hibernate.grammars.hql.HqlParser$QuerySpecExpressionContext.accept(HqlParser.java:1844)
	at org.hibernate.query.hql.internal.SemanticQueryBuilder.visitSimpleQueryGroup(SemanticQueryBuilder.java:925)
	at org.hibernate.query.hql.internal.SemanticQueryBuilder.visitSimpleQueryGroup(SemanticQueryBuilder.java:268)
	at org.hibernate.grammars.hql.HqlParser$SimpleQueryGroupContext.accept(HqlParser.java:1718)
	at org.hibernate.query.hql.internal.SemanticQueryBuilder.visitSelectStatement(SemanticQueryBuilder.java:442)
	at org.hibernate.query.hql.internal.SemanticQueryBuilder.visitStatement(SemanticQueryBuilder.java:401)
	at org.hibernate.query.hql.internal.SemanticQueryBuilder.buildSemanticModel(SemanticQueryBuilder.java:310)
	at org.hibernate.query.hql.internal.StandardHqlTranslator.translate(StandardHqlTranslator.java:71)
	... 73 common frames omitted
2026-05-20 18:02:08 INFO  [background-preinit] o.h.validator.internal.util.Version - HV000001: Hibernate Validator 8.0.1.Final
2026-05-20 18:02:08 INFO  [main] com.plants.api.ApiApplication - Starting ApiApplication using Java 21.0.11 with PID 8656 (C:\Users\kader\plants-medicinales-SaaS\target\classes started by kader in C:\Users\kader\plants-medicinales-SaaS)
2026-05-20 18:02:08 DEBUG [main] com.plants.api.ApiApplication - Running with Spring Boot v3.2.0, Spring v6.1.1
2026-05-20 18:02:08 INFO  [main] com.plants.api.ApiApplication - The following 1 profile is active: "dev"
2026-05-20 18:02:09 INFO  [main] o.s.d.r.c.RepositoryConfigurationDelegate - Multiple Spring Data modules found, entering strict repository configuration mode
2026-05-20 18:02:09 INFO  [main] o.s.d.r.c.RepositoryConfigurationDelegate - Bootstrapping Spring Data JPA repositories in DEFAULT mode.
2026-05-20 18:02:09 INFO  [main] o.s.d.r.c.RepositoryConfigurationDelegate - Finished Spring Data repository scanning in 100 ms. Found 8 JPA repository interfaces.
2026-05-20 18:02:09 INFO  [main] o.s.d.r.c.RepositoryConfigurationDelegate - Multiple Spring Data modules found, entering strict repository configuration mode
2026-05-20 18:02:09 INFO  [main] o.s.d.r.c.RepositoryConfigurationDelegate - Bootstrapping Spring Data Redis repositories in DEFAULT mode.
2026-05-20 18:02:09 INFO  [main] o.s.d.r.c.RepositoryConfigurationExtensionSupport - Spring Data Redis - Could not safely identify store assignment for repository candidate interface com.plants.api.repositories.AffiliateClickRepository; If you want this repository to be a Redis repository, consider annotating your entities with one of these annotations: org.springframework.data.redis.core.RedisHash (preferred), or consider extending one of the following types with your repository: org.springframework.data.keyvalue.repository.KeyValueRepository
2026-05-20 18:02:09 INFO  [main] o.s.d.r.c.RepositoryConfigurationExtensionSupport - Spring Data Redis - Could not safely identify store assignment for repository candidate interface com.plants.api.repositories.AffiliateProductRepository; If you want this repository to be a Redis repository, consider annotating your entities with one of these annotations: org.springframework.data.redis.core.RedisHash (preferred), or consider extending one of the following types with your repository: org.springframework.data.keyvalue.repository.KeyValueRepository
2026-05-20 18:02:09 INFO  [main] o.s.d.r.c.RepositoryConfigurationExtensionSupport - Spring Data Redis - Could not safely identify store assignment for repository candidate interface com.plants.api.repositories.ArticleRepository; If you want this repository to be a Redis repository, consider annotating your entities with one of these annotations: org.springframework.data.redis.core.RedisHash (preferred), or consider extending one of the following types with your repository: org.springframework.data.keyvalue.repository.KeyValueRepository
2026-05-20 18:02:09 INFO  [main] o.s.d.r.c.RepositoryConfigurationExtensionSupport - Spring Data Redis - Could not safely identify store assignment for repository candidate interface com.plants.api.repositories.CommentRepository; If you want this repository to be a Redis repository, consider annotating your entities with one of these annotations: org.springframework.data.redis.core.RedisHash (preferred), or consider extending one of the following types with your repository: org.springframework.data.keyvalue.repository.KeyValueRepository
2026-05-20 18:02:09 INFO  [main] o.s.d.r.c.RepositoryConfigurationExtensionSupport - Spring Data Redis - Could not safely identify store assignment for repository candidate interface com.plants.api.repositories.FavoriteRepository; If you want this repository to be a Redis repository, consider annotating your entities with one of these annotations: org.springframework.data.redis.core.RedisHash (preferred), or consider extending one of the following types with your repository: org.springframework.data.keyvalue.repository.KeyValueRepository
2026-05-20 18:02:09 INFO  [main] o.s.d.r.c.RepositoryConfigurationExtensionSupport - Spring Data Redis - Could not safely identify store assignment for repository candidate interface com.plants.api.repositories.OilRepository; If you want this repository to be a Redis repository, consider annotating your entities with one of these annotations: org.springframework.data.redis.core.RedisHash (preferred), or consider extending one of the following types with your repository: org.springframework.data.keyvalue.repository.KeyValueRepository
2026-05-20 18:02:09 INFO  [main] o.s.d.r.c.RepositoryConfigurationExtensionSupport - Spring Data Redis - Could not safely identify store assignment for repository candidate interface com.plants.api.repositories.PlantRepository; If you want this repository to be a Redis repository, consider annotating your entities with one of these annotations: org.springframework.data.redis.core.RedisHash (preferred), or consider extending one of the following types with your repository: org.springframework.data.keyvalue.repository.KeyValueRepository
2026-05-20 18:02:09 INFO  [main] o.s.d.r.c.RepositoryConfigurationExtensionSupport - Spring Data Redis - Could not safely identify store assignment for repository candidate interface com.plants.api.repositories.UserRepository; If you want this repository to be a Redis repository, consider annotating your entities with one of these annotations: org.springframework.data.redis.core.RedisHash (preferred), or consider extending one of the following types with your repository: org.springframework.data.keyvalue.repository.KeyValueRepository
2026-05-20 18:02:09 INFO  [main] o.s.d.r.c.RepositoryConfigurationDelegate - Finished Spring Data repository scanning in 6 ms. Found 0 Redis repository interfaces.
2026-05-20 18:02:10 INFO  [main] o.s.b.w.e.tomcat.TomcatWebServer - Tomcat initialized with port 8080 (http)
2026-05-20 18:02:10 INFO  [main] o.a.coyote.http11.Http11NioProtocol - Initializing ProtocolHandler ["http-nio-8080"]
2026-05-20 18:02:10 INFO  [main] o.a.catalina.core.StandardService - Starting service [Tomcat]
2026-05-20 18:02:10 INFO  [main] o.a.catalina.core.StandardEngine - Starting Servlet engine: [Apache Tomcat/10.1.16]
2026-05-20 18:02:10 INFO  [main] o.a.c.c.C.[Tomcat].[localhost].[/] - Initializing Spring embedded WebApplicationContext
2026-05-20 18:02:10 INFO  [main] o.s.b.w.s.c.ServletWebServerApplicationContext - Root WebApplicationContext: initialization completed in 1686 ms
2026-05-20 18:02:10 INFO  [main] o.h.jpa.internal.util.LogHelper - HHH000204: Processing PersistenceUnitInfo [name: default]
2026-05-20 18:02:10 INFO  [main] org.hibernate.Version - HHH000412: Hibernate ORM core version 6.3.1.Final
2026-05-20 18:02:10 INFO  [main] o.h.c.i.RegionFactoryInitiator - HHH000026: Second-level cache disabled
2026-05-20 18:02:11 INFO  [main] o.s.o.j.p.SpringPersistenceUnitInfo - No LoadTimeWeaver setup: ignoring JPA class transformer
2026-05-20 18:02:11 INFO  [main] com.zaxxer.hikari.HikariDataSource - HikariPool-1 - Starting...
2026-05-20 18:02:11 INFO  [main] com.zaxxer.hikari.pool.HikariPool - HikariPool-1 - Added connection org.postgresql.jdbc.PgConnection@33563147
2026-05-20 18:02:11 INFO  [main] com.zaxxer.hikari.HikariDataSource - HikariPool-1 - Start completed.
2026-05-20 18:02:11 WARN  [main] org.hibernate.orm.deprecation - HHH90000025: PostgreSQLDialect does not need to be specified explicitly using 'hibernate.dialect' (remove the property setting and it will be selected by default)
2026-05-20 18:02:11 INFO  [main] o.h.e.t.j.p.i.JtaPlatformInitiator - HHH000489: No JTA platform available (set 'hibernate.transaction.jta.platform' to enable JTA platform integration)
2026-05-20 18:02:12 INFO  [main] o.s.o.j.LocalContainerEntityManagerFactoryBean - Initialized JPA EntityManagerFactory for persistence unit 'default'
2026-05-20 18:02:12 DEBUG [main] c.p.a.s.JwtAuthenticationFilter - Filter 'jwtAuthenticationFilter' configured for use
2026-05-20 18:02:12 DEBUG [main] o.s.w.f.ServerHttpObservationFilter - Filter 'webMvcObservationFilter' configured for use
2026-05-20 18:02:12 INFO  [main] o.s.d.j.r.query.QueryEnhancerFactory - Hibernate is in classpath; If applicable, HQL parser will be used.
2026-05-20 18:02:13 WARN  [main] o.s.b.a.o.j.JpaBaseConfiguration$JpaWebConfiguration - spring.jpa.open-in-view is enabled by default. Therefore, database queries may be performed during view rendering. Explicitly configure spring.jpa.open-in-view to disable this warning
2026-05-20 18:02:13 DEBUG [main] o.s.w.s.m.m.a.RequestMappingHandlerMapping - 60 mappings in 'requestMappingHandlerMapping'
2026-05-20 18:02:13 DEBUG [main] o.s.w.s.h.SimpleUrlHandlerMapping - Patterns [/swagger-ui*/*swagger-initializer.js, /swagger-ui*/**] in 'resourceHandlerMapping'
2026-05-20 18:02:13 DEBUG [main] o.s.w.s.m.m.a.RequestMappingHandlerAdapter - ControllerAdvice beans: 0 @ModelAttribute, 0 @InitBinder, 1 RequestBodyAdvice, 1 ResponseBodyAdvice
2026-05-20 18:02:13 DEBUG [main] o.s.w.s.m.m.a.ExceptionHandlerExceptionResolver - ControllerAdvice beans: 2 @ExceptionHandler, 1 ResponseBodyAdvice
2026-05-20 18:02:13 INFO  [main] o.s.b.a.e.web.EndpointLinksResolver - Exposing 1 endpoint(s) beneath base path '/actuator'
2026-05-20 18:02:13 INFO  [main] o.s.s.web.DefaultSecurityFilterChain - Will secure any request with [org.springframework.security.web.session.DisableEncodeUrlFilter@6f4249cb, org.springframework.security.web.context.request.async.WebAsyncManagerIntegrationFilter@37d05d32, org.springframework.security.web.context.SecurityContextHolderFilter@6415a53d, org.springframework.security.web.header.HeaderWriterFilter@7d151d89, org.springframework.web.filter.CorsFilter@38f4c6af, org.springframework.security.web.authentication.logout.LogoutFilter@63d478a7, com.plants.api.security.JwtAuthenticationFilter@4d57fc11, org.springframework.security.web.savedrequest.RequestCacheAwareFilter@359a972e, org.springframework.security.web.servletapi.SecurityContextHolderAwareRequestFilter@2e13c72b, org.springframework.security.web.authentication.AnonymousAuthenticationFilter@19c47103, org.springframework.security.web.session.SessionManagementFilter@400a5164, org.springframework.security.web.access.ExceptionTranslationFilter@411d3b5e, org.springframework.security.web.access.intercept.AuthorizationFilter@50ad030a]
2026-05-20 18:02:14 WARN  [main] o.s.b.w.s.c.AnnotationConfigServletWebServerApplicationContext - Exception encountered during context initialization - cancelling refresh attempt: org.springframework.beans.factory.BeanCreationException: Error creating bean with name 'dataSourceScriptDatabaseInitializer' defined in class path resource [org/springframework/boot/autoconfigure/sql/init/DataSourceInitializationConfiguration.class]: Failed to execute SQL script statement #9 of class path resource [data.sql]: INSERT INTO affiliate_products (id, name, url, vendor, image_url, price, category, associated_plant_id) VALUES (1, 'Huile essentielle de Lavande Bio 10ml', 'https://amazon.fr/huile-lavande', 'Amazon', 'https://example.com/prod-lavande.jpg', 8.99, 'Huiles essentielles', 1), (2, 'Menthe poivrée Bio – Flacon 10ml', 'https://amazon.fr/huile-menthe', 'Amazon', 'https://example.com/prod-menthe.jpg', 7.49, 'Huiles essentielles', 2), (3, 'Camomille Matricaire – Infusion Bio', 'https://amazon.fr/camomille-bio', 'Amazon', 'https://example.com/prod-camomille.jpg', 5.99, 'Infusions', 3), (4, 'Thym Bio – Sachets infusion', 'https://amazon.fr/thym-bio', 'Amazon', 'https://example.com/prod-thym.jpg', 4.99, 'Infusions', 4), (5, 'Romarin Bio – Huile essentielle 10ml', 'https://amazon.fr/huile-romarin', 'Amazon', 'https://example.com/prod-romarin.jpg', 9.49, 'Huiles essentielles', 5), (6, 'Gel Aloe Vera Pur 99%', 'https://amazon.fr/aloe-vera-gel', 'Amazon', 'https://example.com/prod-aloe.jpg', 12.99, 'Soins naturels', 6), (7, 'Gingembre en poudre Bio 200g', 'https://amazon.fr/gingembre-poudre', 'Amazon', 'https://example.com/prod-gingembre.jpg', 6.49, 'Épices', 7), (8, 'Curcuma Bio 200g', 'https://amazon.fr/curcuma-bio', 'Amazon', 'https://example.com/prod-curcuma.jpg', 6.99, 'Épices', 8), (9, 'Eucalyptus – Huile essentielle 10ml', 'https://amazon.fr/huile-eucalyptus', 'Amazon', 'https://example.com/prod-eucalyptus.jpg', 7.99, 'Huiles essentielles', 9), (10, 'Ortie Bio – Complément alimentaire', 'https://amazon.fr/ortie-bio', 'Amazon', 'https://example.com/prod-ortie.jpg', 14.99, 'Compléments', 10)
2026-05-20 18:02:14 INFO  [main] o.s.o.j.LocalContainerEntityManagerFactoryBean - Closing JPA EntityManagerFactory for persistence unit 'default'
2026-05-20 18:02:14 INFO  [main] com.zaxxer.hikari.HikariDataSource - HikariPool-1 - Shutdown initiated...
2026-05-20 18:02:14 INFO  [main] com.zaxxer.hikari.HikariDataSource - HikariPool-1 - Shutdown completed.
2026-05-20 18:02:14 INFO  [main] o.a.catalina.core.StandardService - Stopping service [Tomcat]
2026-05-20 18:02:14 INFO  [main] o.s.b.a.l.ConditionEvaluationReportLogger - 

Error starting ApplicationContext. To display the condition evaluation report re-run your application with 'debug' enabled.
2026-05-20 18:02:14 ERROR [main] o.s.boot.SpringApplication - Application run failed
org.springframework.beans.factory.BeanCreationException: Error creating bean with name 'dataSourceScriptDatabaseInitializer' defined in class path resource [org/springframework/boot/autoconfigure/sql/init/DataSourceInitializationConfiguration.class]: Failed to execute SQL script statement #9 of class path resource [data.sql]: INSERT INTO affiliate_products (id, name, url, vendor, image_url, price, category, associated_plant_id) VALUES (1, 'Huile essentielle de Lavande Bio 10ml', 'https://amazon.fr/huile-lavande', 'Amazon', 'https://example.com/prod-lavande.jpg', 8.99, 'Huiles essentielles', 1), (2, 'Menthe poivrée Bio – Flacon 10ml', 'https://amazon.fr/huile-menthe', 'Amazon', 'https://example.com/prod-menthe.jpg', 7.49, 'Huiles essentielles', 2), (3, 'Camomille Matricaire – Infusion Bio', 'https://amazon.fr/camomille-bio', 'Amazon', 'https://example.com/prod-camomille.jpg', 5.99, 'Infusions', 3), (4, 'Thym Bio – Sachets infusion', 'https://amazon.fr/thym-bio', 'Amazon', 'https://example.com/prod-thym.jpg', 4.99, 'Infusions', 4), (5, 'Romarin Bio – Huile essentielle 10ml', 'https://amazon.fr/huile-romarin', 'Amazon', 'https://example.com/prod-romarin.jpg', 9.49, 'Huiles essentielles', 5), (6, 'Gel Aloe Vera Pur 99%', 'https://amazon.fr/aloe-vera-gel', 'Amazon', 'https://example.com/prod-aloe.jpg', 12.99, 'Soins naturels', 6), (7, 'Gingembre en poudre Bio 200g', 'https://amazon.fr/gingembre-poudre', 'Amazon', 'https://example.com/prod-gingembre.jpg', 6.49, 'Épices', 7), (8, 'Curcuma Bio 200g', 'https://amazon.fr/curcuma-bio', 'Amazon', 'https://example.com/prod-curcuma.jpg', 6.99, 'Épices', 8), (9, 'Eucalyptus – Huile essentielle 10ml', 'https://amazon.fr/huile-eucalyptus', 'Amazon', 'https://example.com/prod-eucalyptus.jpg', 7.99, 'Huiles essentielles', 9), (10, 'Ortie Bio – Complément alimentaire', 'https://amazon.fr/ortie-bio', 'Amazon', 'https://example.com/prod-ortie.jpg', 14.99, 'Compléments', 10)
	at org.springframework.beans.factory.support.AbstractAutowireCapableBeanFactory.initializeBean(AbstractAutowireCapableBeanFactory.java:1775)
	at org.springframework.beans.factory.support.AbstractAutowireCapableBeanFactory.doCreateBean(AbstractAutowireCapableBeanFactory.java:601)
	at org.springframework.beans.factory.support.AbstractAutowireCapableBeanFactory.createBean(AbstractAutowireCapableBeanFactory.java:523)
	at org.springframework.beans.factory.support.AbstractBeanFactory.lambda$doGetBean$0(AbstractBeanFactory.java:325)
	at org.springframework.beans.factory.support.DefaultSingletonBeanRegistry.getSingleton(DefaultSingletonBeanRegistry.java:234)
	at org.springframework.beans.factory.support.AbstractBeanFactory.doGetBean(AbstractBeanFactory.java:323)
	at org.springframework.beans.factory.support.AbstractBeanFactory.getBean(AbstractBeanFactory.java:199)
	at org.springframework.beans.factory.support.AbstractBeanFactory.doGetBean(AbstractBeanFactory.java:312)
	at org.springframework.beans.factory.support.AbstractBeanFactory.getBean(AbstractBeanFactory.java:199)
	at org.springframework.beans.factory.support.DefaultListableBeanFactory.preInstantiateSingletons(DefaultListableBeanFactory.java:973)
	at org.springframework.context.support.AbstractApplicationContext.finishBeanFactoryInitialization(AbstractApplicationContext.java:946)
	at org.springframework.context.support.AbstractApplicationContext.refresh(AbstractApplicationContext.java:616)
	at org.springframework.boot.web.servlet.context.ServletWebServerApplicationContext.refresh(ServletWebServerApplicationContext.java:146)
	at org.springframework.boot.SpringApplication.refresh(SpringApplication.java:753)
	at org.springframework.boot.SpringApplication.refreshContext(SpringApplication.java:455)
	at org.springframework.boot.SpringApplication.run(SpringApplication.java:323)
	at org.springframework.boot.SpringApplication.run(SpringApplication.java:1342)
	at org.springframework.boot.SpringApplication.run(SpringApplication.java:1331)
	at com.plants.api.ApiApplication.main(ApiApplication.java:10)
Caused by: org.springframework.jdbc.datasource.init.ScriptStatementFailedException: Failed to execute SQL script statement #9 of class path resource [data.sql]: INSERT INTO affiliate_products (id, name, url, vendor, image_url, price, category, associated_plant_id) VALUES (1, 'Huile essentielle de Lavande Bio 10ml', 'https://amazon.fr/huile-lavande', 'Amazon', 'https://example.com/prod-lavande.jpg', 8.99, 'Huiles essentielles', 1), (2, 'Menthe poivrée Bio – Flacon 10ml', 'https://amazon.fr/huile-menthe', 'Amazon', 'https://example.com/prod-menthe.jpg', 7.49, 'Huiles essentielles', 2), (3, 'Camomille Matricaire – Infusion Bio', 'https://amazon.fr/camomille-bio', 'Amazon', 'https://example.com/prod-camomille.jpg', 5.99, 'Infusions', 3), (4, 'Thym Bio – Sachets infusion', 'https://amazon.fr/thym-bio', 'Amazon', 'https://example.com/prod-thym.jpg', 4.99, 'Infusions', 4), (5, 'Romarin Bio – Huile essentielle 10ml', 'https://amazon.fr/huile-romarin', 'Amazon', 'https://example.com/prod-romarin.jpg', 9.49, 'Huiles essentielles', 5), (6, 'Gel Aloe Vera Pur 99%', 'https://amazon.fr/aloe-vera-gel', 'Amazon', 'https://example.com/prod-aloe.jpg', 12.99, 'Soins naturels', 6), (7, 'Gingembre en poudre Bio 200g', 'https://amazon.fr/gingembre-poudre', 'Amazon', 'https://example.com/prod-gingembre.jpg', 6.49, 'Épices', 7), (8, 'Curcuma Bio 200g', 'https://amazon.fr/curcuma-bio', 'Amazon', 'https://example.com/prod-curcuma.jpg', 6.99, 'Épices', 8), (9, 'Eucalyptus – Huile essentielle 10ml', 'https://amazon.fr/huile-eucalyptus', 'Amazon', 'https://example.com/prod-eucalyptus.jpg', 7.99, 'Huiles essentielles', 9), (10, 'Ortie Bio – Complément alimentaire', 'https://amazon.fr/ortie-bio', 'Amazon', 'https://example.com/prod-ortie.jpg', 14.99, 'Compléments', 10)
	at org.springframework.jdbc.datasource.init.ScriptUtils.executeSqlScript(ScriptUtils.java:282)
	at org.springframework.jdbc.datasource.init.ResourceDatabasePopulator.populate(ResourceDatabasePopulator.java:254)
	at org.springframework.jdbc.datasource.init.DatabasePopulatorUtils.execute(DatabasePopulatorUtils.java:54)
	at org.springframework.boot.jdbc.init.DataSourceScriptDatabaseInitializer.runScripts(DataSourceScriptDatabaseInitializer.java:87)
	at org.springframework.boot.sql.init.AbstractScriptDatabaseInitializer.runScripts(AbstractScriptDatabaseInitializer.java:146)
	at org.springframework.boot.sql.init.AbstractScriptDatabaseInitializer.applyScripts(AbstractScriptDatabaseInitializer.java:108)
	at org.springframework.boot.sql.init.AbstractScriptDatabaseInitializer.applyDataScripts(AbstractScriptDatabaseInitializer.java:102)
	at org.springframework.boot.sql.init.AbstractScriptDatabaseInitializer.initializeDatabase(AbstractScriptDatabaseInitializer.java:77)
	at org.springframework.boot.sql.init.AbstractScriptDatabaseInitializer.afterPropertiesSet(AbstractScriptDatabaseInitializer.java:66)
	at org.springframework.beans.factory.support.AbstractAutowireCapableBeanFactory.invokeInitMethods(AbstractAutowireCapableBeanFactory.java:1822)
	at org.springframework.beans.factory.support.AbstractAutowireCapableBeanFactory.initializeBean(AbstractAutowireCapableBeanFactory.java:1771)
	... 18 common frames omitted
Caused by: org.postgresql.util.PSQLException: ERROR: duplicate key value violates unique constraint "affiliate_products_pkey"
  Détail : Key (id)=(1) already exists.
	at org.postgresql.core.v3.QueryExecutorImpl.receiveErrorResponse(QueryExecutorImpl.java:2713)
	at org.postgresql.core.v3.QueryExecutorImpl.processResults(QueryExecutorImpl.java:2401)
	at org.postgresql.core.v3.QueryExecutorImpl.execute(QueryExecutorImpl.java:368)
	at org.postgresql.jdbc.PgStatement.executeInternal(PgStatement.java:498)
	at org.postgresql.jdbc.PgStatement.execute(PgStatement.java:415)
	at org.postgresql.jdbc.PgStatement.executeWithFlags(PgStatement.java:335)
	at org.postgresql.jdbc.PgStatement.executeCachedSql(PgStatement.java:321)
	at org.postgresql.jdbc.PgStatement.executeWithFlags(PgStatement.java:297)
	at org.postgresql.jdbc.PgStatement.execute(PgStatement.java:292)
	at com.zaxxer.hikari.pool.ProxyStatement.execute(ProxyStatement.java:94)
	at com.zaxxer.hikari.pool.HikariProxyStatement.execute(HikariProxyStatement.java)
	at org.springframework.jdbc.datasource.init.ScriptUtils.executeSqlScript(ScriptUtils.java:261)
	... 28 common frames omitted
2026-05-20 18:04:41 INFO  [background-preinit] o.h.validator.internal.util.Version - HV000001: Hibernate Validator 8.0.1.Final
2026-05-20 18:04:41 INFO  [main] com.plants.api.ApiApplication - Starting ApiApplication using Java 21.0.11 with PID 19600 (C:\Users\kader\plants-medicinales-SaaS\target\classes started by kader in C:\Users\kader\plants-medicinales-SaaS)
2026-05-20 18:04:41 DEBUG [main] com.plants.api.ApiApplication - Running with Spring Boot v3.2.0, Spring v6.1.1
2026-05-20 18:04:41 INFO  [main] com.plants.api.ApiApplication - The following 1 profile is active: "dev"
2026-05-20 18:04:42 INFO  [main] o.s.d.r.c.RepositoryConfigurationDelegate - Multiple Spring Data modules found, entering strict repository configuration mode
2026-05-20 18:04:42 INFO  [main] o.s.d.r.c.RepositoryConfigurationDelegate - Bootstrapping Spring Data JPA repositories in DEFAULT mode.
2026-05-20 18:04:42 INFO  [main] o.s.d.r.c.RepositoryConfigurationDelegate - Finished Spring Data repository scanning in 130 ms. Found 8 JPA repository interfaces.
2026-05-20 18:04:42 INFO  [main] o.s.d.r.c.RepositoryConfigurationDelegate - Multiple Spring Data modules found, entering strict repository configuration mode
2026-05-20 18:04:42 INFO  [main] o.s.d.r.c.RepositoryConfigurationDelegate - Bootstrapping Spring Data Redis repositories in DEFAULT mode.
2026-05-20 18:04:42 INFO  [main] o.s.d.r.c.RepositoryConfigurationExtensionSupport - Spring Data Redis - Could not safely identify store assignment for repository candidate interface com.plants.api.repositories.AffiliateClickRepository; If you want this repository to be a Redis repository, consider annotating your entities with one of these annotations: org.springframework.data.redis.core.RedisHash (preferred), or consider extending one of the following types with your repository: org.springframework.data.keyvalue.repository.KeyValueRepository
2026-05-20 18:04:42 INFO  [main] o.s.d.r.c.RepositoryConfigurationExtensionSupport - Spring Data Redis - Could not safely identify store assignment for repository candidate interface com.plants.api.repositories.AffiliateProductRepository; If you want this repository to be a Redis repository, consider annotating your entities with one of these annotations: org.springframework.data.redis.core.RedisHash (preferred), or consider extending one of the following types with your repository: org.springframework.data.keyvalue.repository.KeyValueRepository
2026-05-20 18:04:42 INFO  [main] o.s.d.r.c.RepositoryConfigurationExtensionSupport - Spring Data Redis - Could not safely identify store assignment for repository candidate interface com.plants.api.repositories.ArticleRepository; If you want this repository to be a Redis repository, consider annotating your entities with one of these annotations: org.springframework.data.redis.core.RedisHash (preferred), or consider extending one of the following types with your repository: org.springframework.data.keyvalue.repository.KeyValueRepository
2026-05-20 18:04:42 INFO  [main] o.s.d.r.c.RepositoryConfigurationExtensionSupport - Spring Data Redis - Could not safely identify store assignment for repository candidate interface com.plants.api.repositories.CommentRepository; If you want this repository to be a Redis repository, consider annotating your entities with one of these annotations: org.springframework.data.redis.core.RedisHash (preferred), or consider extending one of the following types with your repository: org.springframework.data.keyvalue.repository.KeyValueRepository
2026-05-20 18:04:42 INFO  [main] o.s.d.r.c.RepositoryConfigurationExtensionSupport - Spring Data Redis - Could not safely identify store assignment for repository candidate interface com.plants.api.repositories.FavoriteRepository; If you want this repository to be a Redis repository, consider annotating your entities with one of these annotations: org.springframework.data.redis.core.RedisHash (preferred), or consider extending one of the following types with your repository: org.springframework.data.keyvalue.repository.KeyValueRepository
2026-05-20 18:04:42 INFO  [main] o.s.d.r.c.RepositoryConfigurationExtensionSupport - Spring Data Redis - Could not safely identify store assignment for repository candidate interface com.plants.api.repositories.OilRepository; If you want this repository to be a Redis repository, consider annotating your entities with one of these annotations: org.springframework.data.redis.core.RedisHash (preferred), or consider extending one of the following types with your repository: org.springframework.data.keyvalue.repository.KeyValueRepository
2026-05-20 18:04:42 INFO  [main] o.s.d.r.c.RepositoryConfigurationExtensionSupport - Spring Data Redis - Could not safely identify store assignment for repository candidate interface com.plants.api.repositories.PlantRepository; If you want this repository to be a Redis repository, consider annotating your entities with one of these annotations: org.springframework.data.redis.core.RedisHash (preferred), or consider extending one of the following types with your repository: org.springframework.data.keyvalue.repository.KeyValueRepository
2026-05-20 18:04:42 INFO  [main] o.s.d.r.c.RepositoryConfigurationExtensionSupport - Spring Data Redis - Could not safely identify store assignment for repository candidate interface com.plants.api.repositories.UserRepository; If you want this repository to be a Redis repository, consider annotating your entities with one of these annotations: org.springframework.data.redis.core.RedisHash (preferred), or consider extending one of the following types with your repository: org.springframework.data.keyvalue.repository.KeyValueRepository
2026-05-20 18:04:42 INFO  [main] o.s.d.r.c.RepositoryConfigurationDelegate - Finished Spring Data repository scanning in 7 ms. Found 0 Redis repository interfaces.
2026-05-20 18:04:43 INFO  [main] o.s.b.w.e.tomcat.TomcatWebServer - Tomcat initialized with port 8080 (http)
2026-05-20 18:04:43 INFO  [main] o.a.coyote.http11.Http11NioProtocol - Initializing ProtocolHandler ["http-nio-8080"]
2026-05-20 18:04:43 INFO  [main] o.a.catalina.core.StandardService - Starting service [Tomcat]
2026-05-20 18:04:43 INFO  [main] o.a.catalina.core.StandardEngine - Starting Servlet engine: [Apache Tomcat/10.1.16]
2026-05-20 18:04:43 INFO  [main] o.a.c.c.C.[Tomcat].[localhost].[/] - Initializing Spring embedded WebApplicationContext
2026-05-20 18:04:43 INFO  [main] o.s.b.w.s.c.ServletWebServerApplicationContext - Root WebApplicationContext: initialization completed in 1857 ms
2026-05-20 18:04:44 INFO  [main] o.h.jpa.internal.util.LogHelper - HHH000204: Processing PersistenceUnitInfo [name: default]
2026-05-20 18:04:44 INFO  [main] org.hibernate.Version - HHH000412: Hibernate ORM core version 6.3.1.Final
2026-05-20 18:04:44 INFO  [main] o.h.c.i.RegionFactoryInitiator - HHH000026: Second-level cache disabled
2026-05-20 18:04:44 INFO  [main] o.s.o.j.p.SpringPersistenceUnitInfo - No LoadTimeWeaver setup: ignoring JPA class transformer
2026-05-20 18:04:44 INFO  [main] com.zaxxer.hikari.HikariDataSource - HikariPool-1 - Starting...
2026-05-20 18:04:44 INFO  [main] com.zaxxer.hikari.pool.HikariPool - HikariPool-1 - Added connection org.postgresql.jdbc.PgConnection@3c2188f
2026-05-20 18:04:44 INFO  [main] com.zaxxer.hikari.HikariDataSource - HikariPool-1 - Start completed.
2026-05-20 18:04:44 WARN  [main] org.hibernate.orm.deprecation - HHH90000025: PostgreSQLDialect does not need to be specified explicitly using 'hibernate.dialect' (remove the property setting and it will be selected by default)
2026-05-20 18:04:45 INFO  [main] o.h.e.t.j.p.i.JtaPlatformInitiator - HHH000489: No JTA platform available (set 'hibernate.transaction.jta.platform' to enable JTA platform integration)
2026-05-20 18:04:45 INFO  [main] o.s.o.j.LocalContainerEntityManagerFactoryBean - Initialized JPA EntityManagerFactory for persistence unit 'default'
2026-05-20 18:04:46 DEBUG [main] c.p.a.s.JwtAuthenticationFilter - Filter 'jwtAuthenticationFilter' configured for use
2026-05-20 18:04:46 DEBUG [main] o.s.w.f.ServerHttpObservationFilter - Filter 'webMvcObservationFilter' configured for use
2026-05-20 18:04:46 INFO  [main] o.s.d.j.r.query.QueryEnhancerFactory - Hibernate is in classpath; If applicable, HQL parser will be used.
2026-05-20 18:04:47 WARN  [main] o.s.b.a.o.j.JpaBaseConfiguration$JpaWebConfiguration - spring.jpa.open-in-view is enabled by default. Therefore, database queries may be performed during view rendering. Explicitly configure spring.jpa.open-in-view to disable this warning
2026-05-20 18:04:47 DEBUG [main] o.s.w.s.m.m.a.RequestMappingHandlerMapping - 60 mappings in 'requestMappingHandlerMapping'
2026-05-20 18:04:47 DEBUG [main] o.s.w.s.h.SimpleUrlHandlerMapping - Patterns [/swagger-ui*/*swagger-initializer.js, /swagger-ui*/**] in 'resourceHandlerMapping'
2026-05-20 18:04:47 DEBUG [main] o.s.w.s.m.m.a.RequestMappingHandlerAdapter - ControllerAdvice beans: 0 @ModelAttribute, 0 @InitBinder, 1 RequestBodyAdvice, 1 ResponseBodyAdvice
2026-05-20 18:04:47 DEBUG [main] o.s.w.s.m.m.a.ExceptionHandlerExceptionResolver - ControllerAdvice beans: 2 @ExceptionHandler, 1 ResponseBodyAdvice
2026-05-20 18:04:47 INFO  [main] o.s.b.a.e.web.EndpointLinksResolver - Exposing 1 endpoint(s) beneath base path '/actuator'
2026-05-20 18:04:48 INFO  [main] o.s.s.web.DefaultSecurityFilterChain - Will secure any request with [org.springframework.security.web.session.DisableEncodeUrlFilter@2c956132, org.springframework.security.web.context.request.async.WebAsyncManagerIntegrationFilter@5ed0d352, org.springframework.security.web.context.SecurityContextHolderFilter@3672ba7d, org.springframework.security.web.header.HeaderWriterFilter@159d2313, org.springframework.web.filter.CorsFilter@66dd3ed1, org.springframework.security.web.authentication.logout.LogoutFilter@7476c5c2, com.plants.api.security.JwtAuthenticationFilter@3bc82aa3, org.springframework.security.web.savedrequest.RequestCacheAwareFilter@3d862f5c, org.springframework.security.web.servletapi.SecurityContextHolderAwareRequestFilter@29abba49, org.springframework.security.web.authentication.AnonymousAuthenticationFilter@68d93913, org.springframework.security.web.session.SessionManagementFilter@f116270, org.springframework.security.web.access.ExceptionTranslationFilter@7c9745ae, org.springframework.security.web.access.intercept.AuthorizationFilter@5c2fd20c]
2026-05-20 18:04:48 INFO  [main] o.a.coyote.http11.Http11NioProtocol - Starting ProtocolHandler ["http-nio-8080"]
2026-05-20 18:04:48 INFO  [main] o.s.b.w.e.tomcat.TomcatWebServer - Tomcat started on port 8080 (http) with context path ''
2026-05-20 18:04:48 INFO  [main] com.plants.api.ApiApplication - Started ApiApplication in 7.5 seconds (process running for 8.118)
2026-05-20 18:04:49 INFO  [RMI TCP Connection(4)-192.168.1.118] o.a.c.c.C.[Tomcat].[localhost].[/] - Initializing Spring DispatcherServlet 'dispatcherServlet'
2026-05-20 18:04:49 INFO  [RMI TCP Connection(4)-192.168.1.118] o.s.web.servlet.DispatcherServlet - Initializing Servlet 'dispatcherServlet'
2026-05-20 18:04:49 DEBUG [RMI TCP Connection(4)-192.168.1.118] o.s.web.servlet.DispatcherServlet - Detected StandardServletMultipartResolver
2026-05-20 18:04:49 DEBUG [RMI TCP Connection(4)-192.168.1.118] o.s.web.servlet.DispatcherServlet - Detected AcceptHeaderLocaleResolver
2026-05-20 18:04:49 DEBUG [RMI TCP Connection(4)-192.168.1.118] o.s.web.servlet.DispatcherServlet - Detected FixedThemeResolver
2026-05-20 18:04:49 DEBUG [RMI TCP Connection(4)-192.168.1.118] o.s.web.servlet.DispatcherServlet - Detected org.springframework.web.servlet.view.DefaultRequestToViewNameTranslator@20bc4c09
2026-05-20 18:04:49 DEBUG [RMI TCP Connection(4)-192.168.1.118] o.s.web.servlet.DispatcherServlet - Detected org.springframework.web.servlet.support.SessionFlashMapManager@5766f830
2026-05-20 18:04:49 DEBUG [RMI TCP Connection(4)-192.168.1.118] o.s.web.servlet.DispatcherServlet - enableLoggingRequestDetails='false': request parameters and headers will be masked to prevent unsafe logging of potentially sensitive data
2026-05-20 18:04:49 INFO  [RMI TCP Connection(4)-192.168.1.118] o.s.web.servlet.DispatcherServlet - Completed initialization in 2 ms
2026-05-20 18:35:26 INFO  [SpringApplicationShutdownHook] o.s.o.j.LocalContainerEntityManagerFactoryBean - Closing JPA EntityManagerFactory for persistence unit 'default'
2026-05-20 18:35:26 INFO  [SpringApplicationShutdownHook] com.zaxxer.hikari.HikariDataSource - HikariPool-1 - Shutdown initiated...
2026-05-20 18:35:26 INFO  [SpringApplicationShutdownHook] com.zaxxer.hikari.HikariDataSource - HikariPool-1 - Shutdown completed.
2026-05-20 18:39:59 INFO  [background-preinit] o.h.validator.internal.util.Version - HV000001: Hibernate Validator 8.0.1.Final
2026-05-20 18:39:59 INFO  [main] com.plants.api.ApiApplication - Starting ApiApplication using Java 21.0.11 with PID 18620 (C:\Users\kader\plants-medicinales-SaaS\target\classes started by kader in C:\Users\kader\plants-medicinales-SaaS)
2026-05-20 18:39:59 DEBUG [main] com.plants.api.ApiApplication - Running with Spring Boot v3.2.0, Spring v6.1.1
2026-05-20 18:39:59 INFO  [main] com.plants.api.ApiApplication - The following 1 profile is active: "dev"
2026-05-20 18:40:00 INFO  [main] o.s.d.r.c.RepositoryConfigurationDelegate - Multiple Spring Data modules found, entering strict repository configuration mode
2026-05-20 18:40:00 INFO  [main] o.s.d.r.c.RepositoryConfigurationDelegate - Bootstrapping Spring Data JPA repositories in DEFAULT mode.
2026-05-20 18:40:00 INFO  [main] o.s.d.r.c.RepositoryConfigurationDelegate - Finished Spring Data repository scanning in 155 ms. Found 8 JPA repository interfaces.
2026-05-20 18:40:00 INFO  [main] o.s.d.r.c.RepositoryConfigurationDelegate - Multiple Spring Data modules found, entering strict repository configuration mode
2026-05-20 18:40:00 INFO  [main] o.s.d.r.c.RepositoryConfigurationDelegate - Bootstrapping Spring Data Redis repositories in DEFAULT mode.
2026-05-20 18:40:00 INFO  [main] o.s.d.r.c.RepositoryConfigurationExtensionSupport - Spring Data Redis - Could not safely identify store assignment for repository candidate interface com.plants.api.repositories.AffiliateClickRepository; If you want this repository to be a Redis repository, consider annotating your entities with one of these annotations: org.springframework.data.redis.core.RedisHash (preferred), or consider extending one of the following types with your repository: org.springframework.data.keyvalue.repository.KeyValueRepository
2026-05-20 18:40:00 INFO  [main] o.s.d.r.c.RepositoryConfigurationExtensionSupport - Spring Data Redis - Could not safely identify store assignment for repository candidate interface com.plants.api.repositories.AffiliateProductRepository; If you want this repository to be a Redis repository, consider annotating your entities with one of these annotations: org.springframework.data.redis.core.RedisHash (preferred), or consider extending one of the following types with your repository: org.springframework.data.keyvalue.repository.KeyValueRepository
2026-05-20 18:40:00 INFO  [main] o.s.d.r.c.RepositoryConfigurationExtensionSupport - Spring Data Redis - Could not safely identify store assignment for repository candidate interface com.plants.api.repositories.ArticleRepository; If you want this repository to be a Redis repository, consider annotating your entities with one of these annotations: org.springframework.data.redis.core.RedisHash (preferred), or consider extending one of the following types with your repository: org.springframework.data.keyvalue.repository.KeyValueRepository
2026-05-20 18:40:00 INFO  [main] o.s.d.r.c.RepositoryConfigurationExtensionSupport - Spring Data Redis - Could not safely identify store assignment for repository candidate interface com.plants.api.repositories.CommentRepository; If you want this repository to be a Redis repository, consider annotating your entities with one of these annotations: org.springframework.data.redis.core.RedisHash (preferred), or consider extending one of the following types with your repository: org.springframework.data.keyvalue.repository.KeyValueRepository
2026-05-20 18:40:00 INFO  [main] o.s.d.r.c.RepositoryConfigurationExtensionSupport - Spring Data Redis - Could not safely identify store assignment for repository candidate interface com.plants.api.repositories.FavoriteRepository; If you want this repository to be a Redis repository, consider annotating your entities with one of these annotations: org.springframework.data.redis.core.RedisHash (preferred), or consider extending one of the following types with your repository: org.springframework.data.keyvalue.repository.KeyValueRepository
2026-05-20 18:40:00 INFO  [main] o.s.d.r.c.RepositoryConfigurationExtensionSupport - Spring Data Redis - Could not safely identify store assignment for repository candidate interface com.plants.api.repositories.OilRepository; If you want this repository to be a Redis repository, consider annotating your entities with one of these annotations: org.springframework.data.redis.core.RedisHash (preferred), or consider extending one of the following types with your repository: org.springframework.data.keyvalue.repository.KeyValueRepository
2026-05-20 18:40:00 INFO  [main] o.s.d.r.c.RepositoryConfigurationExtensionSupport - Spring Data Redis - Could not safely identify store assignment for repository candidate interface com.plants.api.repositories.PlantRepository; If you want this repository to be a Redis repository, consider annotating your entities with one of these annotations: org.springframework.data.redis.core.RedisHash (preferred), or consider extending one of the following types with your repository: org.springframework.data.keyvalue.repository.KeyValueRepository
2026-05-20 18:40:00 INFO  [main] o.s.d.r.c.RepositoryConfigurationExtensionSupport - Spring Data Redis - Could not safely identify store assignment for repository candidate interface com.plants.api.repositories.UserRepository; If you want this repository to be a Redis repository, consider annotating your entities with one of these annotations: org.springframework.data.redis.core.RedisHash (preferred), or consider extending one of the following types with your repository: org.springframework.data.keyvalue.repository.KeyValueRepository
2026-05-20 18:40:00 INFO  [main] o.s.d.r.c.RepositoryConfigurationDelegate - Finished Spring Data repository scanning in 7 ms. Found 0 Redis repository interfaces.
2026-05-20 18:40:01 INFO  [main] o.s.b.w.e.tomcat.TomcatWebServer - Tomcat initialized with port 8080 (http)
2026-05-20 18:40:01 INFO  [main] o.a.coyote.http11.Http11NioProtocol - Initializing ProtocolHandler ["http-nio-8080"]
2026-05-20 18:40:01 INFO  [main] o.a.catalina.core.StandardService - Starting service [Tomcat]
2026-05-20 18:40:01 INFO  [main] o.a.catalina.core.StandardEngine - Starting Servlet engine: [Apache Tomcat/10.1.16]
2026-05-20 18:40:01 INFO  [main] o.a.c.c.C.[Tomcat].[localhost].[/] - Initializing Spring embedded WebApplicationContext
2026-05-20 18:40:01 INFO  [main] o.s.b.w.s.c.ServletWebServerApplicationContext - Root WebApplicationContext: initialization completed in 2361 ms
2026-05-20 18:40:01 INFO  [main] o.h.jpa.internal.util.LogHelper - HHH000204: Processing PersistenceUnitInfo [name: default]
2026-05-20 18:40:01 INFO  [main] org.hibernate.Version - HHH000412: Hibernate ORM core version 6.3.1.Final
2026-05-20 18:40:01 INFO  [main] o.h.c.i.RegionFactoryInitiator - HHH000026: Second-level cache disabled
2026-05-20 18:40:02 INFO  [main] o.s.o.j.p.SpringPersistenceUnitInfo - No LoadTimeWeaver setup: ignoring JPA class transformer
2026-05-20 18:40:02 INFO  [main] com.zaxxer.hikari.HikariDataSource - HikariPool-1 - Starting...
2026-05-20 18:40:02 INFO  [main] com.zaxxer.hikari.pool.HikariPool - HikariPool-1 - Added connection org.postgresql.jdbc.PgConnection@61d61b0e
2026-05-20 18:40:02 INFO  [main] com.zaxxer.hikari.HikariDataSource - HikariPool-1 - Start completed.
2026-05-20 18:40:02 WARN  [main] org.hibernate.orm.deprecation - HHH90000025: PostgreSQLDialect does not need to be specified explicitly using 'hibernate.dialect' (remove the property setting and it will be selected by default)
2026-05-20 18:40:03 INFO  [main] o.h.e.t.j.p.i.JtaPlatformInitiator - HHH000489: No JTA platform available (set 'hibernate.transaction.jta.platform' to enable JTA platform integration)
2026-05-20 18:40:03 INFO  [main] o.s.o.j.LocalContainerEntityManagerFactoryBean - Initialized JPA EntityManagerFactory for persistence unit 'default'
2026-05-20 18:40:03 DEBUG [main] c.p.a.s.JwtAuthenticationFilter - Filter 'jwtAuthenticationFilter' configured for use
2026-05-20 18:40:03 DEBUG [main] o.s.w.f.ServerHttpObservationFilter - Filter 'webMvcObservationFilter' configured for use
2026-05-20 18:40:04 INFO  [main] o.s.d.j.r.query.QueryEnhancerFactory - Hibernate is in classpath; If applicable, HQL parser will be used.
2026-05-20 18:40:05 WARN  [main] o.s.b.a.o.j.JpaBaseConfiguration$JpaWebConfiguration - spring.jpa.open-in-view is enabled by default. Therefore, database queries may be performed during view rendering. Explicitly configure spring.jpa.open-in-view to disable this warning
2026-05-20 18:40:05 DEBUG [main] o.s.w.s.m.m.a.RequestMappingHandlerMapping - 60 mappings in 'requestMappingHandlerMapping'
2026-05-20 18:40:05 DEBUG [main] o.s.w.s.h.SimpleUrlHandlerMapping - Patterns [/swagger-ui*/*swagger-initializer.js, /swagger-ui*/**] in 'resourceHandlerMapping'
2026-05-20 18:40:05 DEBUG [main] o.s.w.s.m.m.a.RequestMappingHandlerAdapter - ControllerAdvice beans: 0 @ModelAttribute, 0 @InitBinder, 1 RequestBodyAdvice, 1 ResponseBodyAdvice
2026-05-20 18:40:05 DEBUG [main] o.s.w.s.m.m.a.ExceptionHandlerExceptionResolver - ControllerAdvice beans: 2 @ExceptionHandler, 1 ResponseBodyAdvice
2026-05-20 18:40:05 INFO  [main] o.s.b.a.e.web.EndpointLinksResolver - Exposing 1 endpoint(s) beneath base path '/actuator'
2026-05-20 18:40:05 INFO  [main] o.s.s.web.DefaultSecurityFilterChain - Will secure any request with [org.springframework.security.web.session.DisableEncodeUrlFilter@65d26881, org.springframework.security.web.context.request.async.WebAsyncManagerIntegrationFilter@a2dfad, org.springframework.security.web.context.SecurityContextHolderFilter@5643c4b4, org.springframework.security.web.header.HeaderWriterFilter@73cb4016, org.springframework.web.filter.CorsFilter@7ffb99da, org.springframework.security.web.authentication.logout.LogoutFilter@59ae4a6f, com.plants.api.security.JwtAuthenticationFilter@4a0e3bd, org.springframework.security.web.savedrequest.RequestCacheAwareFilter@6820dd90, org.springframework.security.web.servletapi.SecurityContextHolderAwareRequestFilter@4f9e42c4, org.springframework.security.web.authentication.AnonymousAuthenticationFilter@14fd1bc, org.springframework.security.web.session.SessionManagementFilter@17319443, org.springframework.security.web.access.ExceptionTranslationFilter@25ce4114, org.springframework.security.web.access.intercept.AuthorizationFilter@7f5a3e41]
2026-05-20 18:40:06 INFO  [main] o.a.coyote.http11.Http11NioProtocol - Starting ProtocolHandler ["http-nio-8080"]
2026-05-20 18:40:06 INFO  [main] o.s.b.w.e.tomcat.TomcatWebServer - Tomcat started on port 8080 (http) with context path ''
2026-05-20 18:40:06 INFO  [main] com.plants.api.ApiApplication - Started ApiApplication in 8.269 seconds (process running for 9.065)
2026-05-20 18:40:07 INFO  [RMI TCP Connection(4)-192.168.1.118] o.a.c.c.C.[Tomcat].[localhost].[/] - Initializing Spring DispatcherServlet 'dispatcherServlet'
2026-05-20 18:40:07 INFO  [RMI TCP Connection(4)-192.168.1.118] o.s.web.servlet.DispatcherServlet - Initializing Servlet 'dispatcherServlet'
2026-05-20 18:40:07 DEBUG [RMI TCP Connection(4)-192.168.1.118] o.s.web.servlet.DispatcherServlet - Detected StandardServletMultipartResolver
2026-05-20 18:40:07 DEBUG [RMI TCP Connection(4)-192.168.1.118] o.s.web.servlet.DispatcherServlet - Detected AcceptHeaderLocaleResolver
2026-05-20 18:40:07 DEBUG [RMI TCP Connection(4)-192.168.1.118] o.s.web.servlet.DispatcherServlet - Detected FixedThemeResolver
2026-05-20 18:40:07 DEBUG [RMI TCP Connection(4)-192.168.1.118] o.s.web.servlet.DispatcherServlet - Detected org.springframework.web.servlet.view.DefaultRequestToViewNameTranslator@1f0b2ffb
2026-05-20 18:40:07 DEBUG [RMI TCP Connection(4)-192.168.1.118] o.s.web.servlet.DispatcherServlet - Detected org.springframework.web.servlet.support.SessionFlashMapManager@7bf96c4e
2026-05-20 18:40:07 DEBUG [RMI TCP Connection(4)-192.168.1.118] o.s.web.servlet.DispatcherServlet - enableLoggingRequestDetails='false': request parameters and headers will be masked to prevent unsafe logging of potentially sensitive data
2026-05-20 18:40:07 INFO  [RMI TCP Connection(4)-192.168.1.118] o.s.web.servlet.DispatcherServlet - Completed initialization in 6 ms
2026-05-20 18:42:52 WARN  [http-nio-8080-exec-1] o.s.w.s.h.HandlerMappingIntrospector - Cache miss for REQUEST dispatch to '/swagger-ui/index.html' (previous null). Performing MatchableHandlerMapping lookup. This is logged once only at WARN level, and every time at TRACE.
2026-05-20 18:42:52 DEBUG [http-nio-8080-exec-1] o.s.web.servlet.DispatcherServlet - GET "/swagger-ui/index.html?urls.primaryName=Huiles", parameters={masked}
2026-05-20 18:42:52 DEBUG [http-nio-8080-exec-1] o.s.w.s.h.SimpleUrlHandlerMapping - Mapped to ResourceHttpRequestHandler [classpath [META-INF/resources/webjars/]]
2026-05-20 18:42:52 DEBUG [http-nio-8080-exec-1] o.s.web.servlet.DispatcherServlet - Completed 200 OK
2026-05-20 18:42:52 DEBUG [http-nio-8080-exec-2] o.s.web.servlet.DispatcherServlet - GET "/swagger-ui/swagger-ui.css", parameters={}
2026-05-20 18:42:52 DEBUG [http-nio-8080-exec-2] o.s.w.s.h.SimpleUrlHandlerMapping - Mapped to ResourceHttpRequestHandler [classpath [META-INF/resources/webjars/]]
2026-05-20 18:42:52 DEBUG [http-nio-8080-exec-3] o.s.web.servlet.DispatcherServlet - GET "/swagger-ui/index.css", parameters={}
2026-05-20 18:42:52 DEBUG [http-nio-8080-exec-4] o.s.web.servlet.DispatcherServlet - GET "/swagger-ui/swagger-ui-bundle.js", parameters={}
2026-05-20 18:42:52 DEBUG [http-nio-8080-exec-7] o.s.web.servlet.DispatcherServlet - GET "/swagger-ui/swagger-ui-standalone-preset.js", parameters={}
2026-05-20 18:42:52 DEBUG [http-nio-8080-exec-7] o.s.w.s.h.SimpleUrlHandlerMapping - Mapped to ResourceHttpRequestHandler [classpath [META-INF/resources/webjars/]]
2026-05-20 18:42:52 DEBUG [http-nio-8080-exec-4] o.s.w.s.h.SimpleUrlHandlerMapping - Mapped to ResourceHttpRequestHandler [classpath [META-INF/resources/webjars/]]
2026-05-20 18:42:52 DEBUG [http-nio-8080-exec-3] o.s.w.s.h.SimpleUrlHandlerMapping - Mapped to ResourceHttpRequestHandler [classpath [META-INF/resources/webjars/]]
2026-05-20 18:42:52 DEBUG [http-nio-8080-exec-6] o.s.web.servlet.DispatcherServlet - GET "/swagger-ui/swagger-initializer.js", parameters={}
2026-05-20 18:42:52 DEBUG [http-nio-8080-exec-3] o.s.web.servlet.DispatcherServlet - Completed 200 OK
2026-05-20 18:42:52 DEBUG [http-nio-8080-exec-6] o.s.w.s.h.SimpleUrlHandlerMapping - Mapped to ResourceHttpRequestHandler [classpath [META-INF/resources/webjars/]]
2026-05-20 18:42:52 DEBUG [http-nio-8080-exec-2] o.s.web.servlet.DispatcherServlet - Completed 200 OK
2026-05-20 18:42:52 DEBUG [http-nio-8080-exec-7] o.s.web.servlet.DispatcherServlet - Completed 200 OK
2026-05-20 18:42:52 DEBUG [http-nio-8080-exec-6] o.s.web.servlet.DispatcherServlet - Completed 200 OK
2026-05-20 18:42:52 DEBUG [http-nio-8080-exec-4] o.s.web.servlet.DispatcherServlet - Completed 200 OK
2026-05-20 18:42:53 DEBUG [http-nio-8080-exec-5] o.s.web.servlet.DispatcherServlet - GET "/swagger-ui/swagger-ui-standalone-preset.js", parameters={}
2026-05-20 18:42:53 DEBUG [http-nio-8080-exec-5] o.s.w.s.h.SimpleUrlHandlerMapping - Mapped to ResourceHttpRequestHandler [classpath [META-INF/resources/webjars/]]
2026-05-20 18:42:53 DEBUG [http-nio-8080-exec-8] o.s.web.servlet.DispatcherServlet - GET "/swagger-ui/swagger-ui-bundle.js", parameters={}
2026-05-20 18:42:53 DEBUG [http-nio-8080-exec-8] o.s.w.s.h.SimpleUrlHandlerMapping - Mapped to ResourceHttpRequestHandler [classpath [META-INF/resources/webjars/]]
2026-05-20 18:42:53 DEBUG [http-nio-8080-exec-10] o.s.web.servlet.DispatcherServlet - GET "/swagger-ui/swagger-initializer.js", parameters={}
2026-05-20 18:42:53 DEBUG [http-nio-8080-exec-10] o.s.w.s.h.SimpleUrlHandlerMapping - Mapped to ResourceHttpRequestHandler [classpath [META-INF/resources/webjars/]]
2026-05-20 18:42:53 DEBUG [http-nio-8080-exec-5] o.s.web.servlet.DispatcherServlet - Completed 200 OK
2026-05-20 18:42:53 DEBUG [http-nio-8080-exec-10] o.s.web.servlet.DispatcherServlet - Completed 200 OK
2026-05-20 18:42:53 DEBUG [http-nio-8080-exec-8] o.s.web.servlet.DispatcherServlet - Completed 200 OK
2026-05-20 18:42:53 DEBUG [http-nio-8080-exec-9] o.s.web.servlet.DispatcherServlet - GET "/v3/api-docs/swagger-config", parameters={}
2026-05-20 18:42:53 DEBUG [http-nio-8080-exec-9] o.s.w.s.m.m.a.RequestMappingHandlerMapping - Mapped to org.springdoc.webmvc.ui.SwaggerConfigResource#openapiJson(HttpServletRequest)
2026-05-20 18:42:53 DEBUG [http-nio-8080-exec-1] o.s.web.servlet.DispatcherServlet - GET "/swagger-ui/favicon-32x32.png", parameters={}
2026-05-20 18:42:53 DEBUG [http-nio-8080-exec-1] o.s.w.s.h.SimpleUrlHandlerMapping - Mapped to ResourceHttpRequestHandler [classpath [META-INF/resources/webjars/]]
2026-05-20 18:42:53 DEBUG [http-nio-8080-exec-9] o.s.w.s.m.m.a.RequestResponseBodyMethodProcessor - Using 'application/json', given [*/*] and supported [application/json]
2026-05-20 18:42:53 DEBUG [http-nio-8080-exec-1] o.s.web.servlet.DispatcherServlet - Completed 200 OK
2026-05-20 18:42:53 DEBUG [http-nio-8080-exec-9] o.s.w.s.m.m.a.RequestResponseBodyMethodProcessor - Writing [{configUrl=/v3/api-docs/swagger-config, oauth2RedirectUrl=http://localhost:8080/swagger-ui/oauth2-re (truncated)...]
2026-05-20 18:42:53 DEBUG [http-nio-8080-exec-9] o.s.web.servlet.DispatcherServlet - Completed 200 OK
2026-05-20 18:42:54 DEBUG [http-nio-8080-exec-3] o.s.web.servlet.DispatcherServlet - GET "/v3/api-docs/Huiles", parameters={}
2026-05-20 18:42:54 DEBUG [http-nio-8080-exec-3] o.s.w.s.m.m.a.RequestMappingHandlerMapping - Mapped to org.springdoc.webmvc.api.MultipleOpenApiWebMvcResource#openapiJson(HttpServletRequest, String, String, Locale)
2026-05-20 18:42:54 INFO  [http-nio-8080-exec-3] o.s.api.AbstractOpenApiResource - Init duration for springdoc-openapi is: 776 ms
2026-05-20 18:42:55 DEBUG [http-nio-8080-exec-3] o.s.w.s.m.m.a.RequestResponseBodyMethodProcessor - Using 'application/json', given [application/json, */*] and supported [application/json]
2026-05-20 18:42:55 DEBUG [http-nio-8080-exec-3] o.s.w.s.m.m.a.RequestResponseBodyMethodProcessor - Writing [{123, 34, 111, 112, 101, 110, 97, 112, 105, 34, 58, 34, 51, 46, 48, 46, 49, 34, 44, 34, 105, 110, 10 (truncated)...]
2026-05-20 18:42:55 DEBUG [http-nio-8080-exec-3] o.s.web.servlet.DispatcherServlet - Completed 200 OK
2026-05-20 18:43:02 DEBUG [http-nio-8080-exec-2] o.s.web.servlet.DispatcherServlet - GET "/v3/api-docs/Admin", parameters={}
2026-05-20 18:43:02 DEBUG [http-nio-8080-exec-2] o.s.w.s.m.m.a.RequestMappingHandlerMapping - Mapped to org.springdoc.webmvc.api.MultipleOpenApiWebMvcResource#openapiJson(HttpServletRequest, String, String, Locale)
2026-05-20 18:43:02 INFO  [http-nio-8080-exec-2] o.s.api.AbstractOpenApiResource - Init duration for springdoc-openapi is: 229 ms
2026-05-20 18:43:02 DEBUG [http-nio-8080-exec-2] o.s.w.s.m.m.a.RequestResponseBodyMethodProcessor - Using 'application/json', given [application/json, */*] and supported [application/json]
2026-05-20 18:43:02 DEBUG [http-nio-8080-exec-2] o.s.w.s.m.m.a.RequestResponseBodyMethodProcessor - Writing [{123, 34, 111, 112, 101, 110, 97, 112, 105, 34, 58, 34, 51, 46, 48, 46, 49, 34, 44, 34, 105, 110, 10 (truncated)...]
2026-05-20 18:43:02 DEBUG [http-nio-8080-exec-2] o.s.web.servlet.DispatcherServlet - Completed 200 OK
2026-05-20 18:43:05 DEBUG [http-nio-8080-exec-7] o.s.web.servlet.DispatcherServlet - GET "/v3/api-docs/Affiliation", parameters={}
2026-05-20 18:43:05 DEBUG [http-nio-8080-exec-7] o.s.w.s.m.m.a.RequestMappingHandlerMapping - Mapped to org.springdoc.webmvc.api.MultipleOpenApiWebMvcResource#openapiJson(HttpServletRequest, String, String, Locale)
2026-05-20 18:43:06 INFO  [http-nio-8080-exec-7] o.s.api.AbstractOpenApiResource - Init duration for springdoc-openapi is: 274 ms
2026-05-20 18:43:06 DEBUG [http-nio-8080-exec-7] o.s.w.s.m.m.a.RequestResponseBodyMethodProcessor - Using 'application/json', given [application/json, */*] and supported [application/json]
2026-05-20 18:43:06 DEBUG [http-nio-8080-exec-7] o.s.w.s.m.m.a.RequestResponseBodyMethodProcessor - Writing [{123, 34, 111, 112, 101, 110, 97, 112, 105, 34, 58, 34, 51, 46, 48, 46, 49, 34, 44, 34, 105, 110, 10 (truncated)...]
2026-05-20 18:43:06 DEBUG [http-nio-8080-exec-7] o.s.web.servlet.DispatcherServlet - Completed 200 OK
2026-05-20 18:43:09 DEBUG [http-nio-8080-exec-4] o.s.web.servlet.DispatcherServlet - GET "/v3/api-docs/Articles", parameters={}
2026-05-20 18:43:09 DEBUG [http-nio-8080-exec-4] o.s.w.s.m.m.a.RequestMappingHandlerMapping - Mapped to org.springdoc.webmvc.api.MultipleOpenApiWebMvcResource#openapiJson(HttpServletRequest, String, String, Locale)
2026-05-20 18:43:09 INFO  [http-nio-8080-exec-4] o.s.api.AbstractOpenApiResource - Init duration for springdoc-openapi is: 249 ms
2026-05-20 18:43:09 DEBUG [http-nio-8080-exec-4] o.s.w.s.m.m.a.RequestResponseBodyMethodProcessor - Using 'application/json', given [application/json, */*] and supported [application/json]
2026-05-20 18:43:09 DEBUG [http-nio-8080-exec-4] o.s.w.s.m.m.a.RequestResponseBodyMethodProcessor - Writing [{123, 34, 111, 112, 101, 110, 97, 112, 105, 34, 58, 34, 51, 46, 48, 46, 49, 34, 44, 34, 105, 110, 10 (truncated)...]
2026-05-20 18:43:09 DEBUG [http-nio-8080-exec-4] o.s.web.servlet.DispatcherServlet - Completed 200 OK
2026-05-20 18:43:15 DEBUG [http-nio-8080-exec-6] o.s.web.servlet.DispatcherServlet - GET "/v3/api-docs/Favoris", parameters={}
2026-05-20 18:43:15 DEBUG [http-nio-8080-exec-6] o.s.w.s.m.m.a.RequestMappingHandlerMapping - Mapped to org.springdoc.webmvc.api.MultipleOpenApiWebMvcResource#openapiJson(HttpServletRequest, String, String, Locale)
2026-05-20 18:43:15 INFO  [http-nio-8080-exec-6] o.s.api.AbstractOpenApiResource - Init duration for springdoc-openapi is: 207 ms
2026-05-20 18:43:15 DEBUG [http-nio-8080-exec-6] o.s.w.s.m.m.a.RequestResponseBodyMethodProcessor - Using 'application/json', given [application/json, */*] and supported [application/json]
2026-05-20 18:43:15 DEBUG [http-nio-8080-exec-6] o.s.w.s.m.m.a.RequestResponseBodyMethodProcessor - Writing [{123, 34, 111, 112, 101, 110, 97, 112, 105, 34, 58, 34, 51, 46, 48, 46, 49, 34, 44, 34, 105, 110, 10 (truncated)...]
2026-05-20 18:43:15 DEBUG [http-nio-8080-exec-6] o.s.web.servlet.DispatcherServlet - Completed 200 OK
2026-05-20 23:12:34 INFO  [SpringApplicationShutdownHook] o.s.o.j.LocalContainerEntityManagerFactoryBean - Closing JPA EntityManagerFactory for persistence unit 'default'
2026-05-20 23:12:34 INFO  [SpringApplicationShutdownHook] com.zaxxer.hikari.HikariDataSource - HikariPool-1 - Shutdown initiated...
2026-05-20 23:12:34 INFO  [SpringApplicationShutdownHook] com.zaxxer.hikari.HikariDataSource - HikariPool-1 - Shutdown completed.
2026-05-20 23:21:48 INFO  [background-preinit] o.h.validator.internal.util.Version - HV000001: Hibernate Validator 8.0.1.Final
2026-05-20 23:21:48 INFO  [main] com.plants.api.ApiApplication - Starting ApiApplication using Java 21.0.11 with PID 44904 (C:\Users\kader\plants-medicinales-SaaS\target\classes started by kader in C:\Users\kader\plants-medicinales-SaaS)
2026-05-20 23:21:48 DEBUG [main] com.plants.api.ApiApplication - Running with Spring Boot v3.2.0, Spring v6.1.1
2026-05-20 23:21:48 INFO  [main] com.plants.api.ApiApplication - The following 1 profile is active: "dev"
2026-05-20 23:21:49 INFO  [main] o.s.d.r.c.RepositoryConfigurationDelegate - Multiple Spring Data modules found, entering strict repository configuration mode
2026-05-20 23:21:49 INFO  [main] o.s.d.r.c.RepositoryConfigurationDelegate - Bootstrapping Spring Data JPA repositories in DEFAULT mode.
2026-05-20 23:21:49 INFO  [main] o.s.d.r.c.RepositoryConfigurationDelegate - Finished Spring Data repository scanning in 179 ms. Found 8 JPA repository interfaces.
2026-05-20 23:21:49 INFO  [main] o.s.d.r.c.RepositoryConfigurationDelegate - Multiple Spring Data modules found, entering strict repository configuration mode
2026-05-20 23:21:49 INFO  [main] o.s.d.r.c.RepositoryConfigurationDelegate - Bootstrapping Spring Data Redis repositories in DEFAULT mode.
2026-05-20 23:21:49 INFO  [main] o.s.d.r.c.RepositoryConfigurationExtensionSupport - Spring Data Redis - Could not safely identify store assignment for repository candidate interface com.plants.api.repositories.AffiliateClickRepository; If you want this repository to be a Redis repository, consider annotating your entities with one of these annotations: org.springframework.data.redis.core.RedisHash (preferred), or consider extending one of the following types with your repository: org.springframework.data.keyvalue.repository.KeyValueRepository
2026-05-20 23:21:49 INFO  [main] o.s.d.r.c.RepositoryConfigurationExtensionSupport - Spring Data Redis - Could not safely identify store assignment for repository candidate interface com.plants.api.repositories.AffiliateProductRepository; If you want this repository to be a Redis repository, consider annotating your entities with one of these annotations: org.springframework.data.redis.core.RedisHash (preferred), or consider extending one of the following types with your repository: org.springframework.data.keyvalue.repository.KeyValueRepository
2026-05-20 23:21:49 INFO  [main] o.s.d.r.c.RepositoryConfigurationExtensionSupport - Spring Data Redis - Could not safely identify store assignment for repository candidate interface com.plants.api.repositories.ArticleRepository; If you want this repository to be a Redis repository, consider annotating your entities with one of these annotations: org.springframework.data.redis.core.RedisHash (preferred), or consider extending one of the following types with your repository: org.springframework.data.keyvalue.repository.KeyValueRepository
2026-05-20 23:21:49 INFO  [main] o.s.d.r.c.RepositoryConfigurationExtensionSupport - Spring Data Redis - Could not safely identify store assignment for repository candidate interface com.plants.api.repositories.CommentRepository; If you want this repository to be a Redis repository, consider annotating your entities with one of these annotations: org.springframework.data.redis.core.RedisHash (preferred), or consider extending one of the following types with your repository: org.springframework.data.keyvalue.repository.KeyValueRepository
2026-05-20 23:21:49 INFO  [main] o.s.d.r.c.RepositoryConfigurationExtensionSupport - Spring Data Redis - Could not safely identify store assignment for repository candidate interface com.plants.api.repositories.FavoriteRepository; If you want this repository to be a Redis repository, consider annotating your entities with one of these annotations: org.springframework.data.redis.core.RedisHash (preferred), or consider extending one of the following types with your repository: org.springframework.data.keyvalue.repository.KeyValueRepository
2026-05-20 23:21:49 INFO  [main] o.s.d.r.c.RepositoryConfigurationExtensionSupport - Spring Data Redis - Could not safely identify store assignment for repository candidate interface com.plants.api.repositories.OilRepository; If you want this repository to be a Redis repository, consider annotating your entities with one of these annotations: org.springframework.data.redis.core.RedisHash (preferred), or consider extending one of the following types with your repository: org.springframework.data.keyvalue.repository.KeyValueRepository
2026-05-20 23:21:49 INFO  [main] o.s.d.r.c.RepositoryConfigurationExtensionSupport - Spring Data Redis - Could not safely identify store assignment for repository candidate interface com.plants.api.repositories.PlantRepository; If you want this repository to be a Redis repository, consider annotating your entities with one of these annotations: org.springframework.data.redis.core.RedisHash (preferred), or consider extending one of the following types with your repository: org.springframework.data.keyvalue.repository.KeyValueRepository
2026-05-20 23:21:49 INFO  [main] o.s.d.r.c.RepositoryConfigurationExtensionSupport - Spring Data Redis - Could not safely identify store assignment for repository candidate interface com.plants.api.repositories.UserRepository; If you want this repository to be a Redis repository, consider annotating your entities with one of these annotations: org.springframework.data.redis.core.RedisHash (preferred), or consider extending one of the following types with your repository: org.springframework.data.keyvalue.repository.KeyValueRepository
2026-05-20 23:21:49 INFO  [main] o.s.d.r.c.RepositoryConfigurationDelegate - Finished Spring Data repository scanning in 7 ms. Found 0 Redis repository interfaces.
2026-05-20 23:21:50 INFO  [main] o.s.b.w.e.tomcat.TomcatWebServer - Tomcat initialized with port 8080 (http)
2026-05-20 23:21:50 INFO  [main] o.a.coyote.http11.Http11NioProtocol - Initializing ProtocolHandler ["http-nio-8080"]
2026-05-20 23:21:50 INFO  [main] o.a.catalina.core.StandardService - Starting service [Tomcat]
2026-05-20 23:21:50 INFO  [main] o.a.catalina.core.StandardEngine - Starting Servlet engine: [Apache Tomcat/10.1.16]
2026-05-20 23:21:50 INFO  [main] o.a.c.c.C.[Tomcat].[localhost].[/] - Initializing Spring embedded WebApplicationContext
2026-05-20 23:21:50 INFO  [main] o.s.b.w.s.c.ServletWebServerApplicationContext - Root WebApplicationContext: initialization completed in 2445 ms
2026-05-20 23:21:50 INFO  [main] o.h.jpa.internal.util.LogHelper - HHH000204: Processing PersistenceUnitInfo [name: default]
2026-05-20 23:21:50 INFO  [main] org.hibernate.Version - HHH000412: Hibernate ORM core version 6.3.1.Final
2026-05-20 23:21:50 INFO  [main] o.h.c.i.RegionFactoryInitiator - HHH000026: Second-level cache disabled
2026-05-20 23:21:51 INFO  [main] o.s.o.j.p.SpringPersistenceUnitInfo - No LoadTimeWeaver setup: ignoring JPA class transformer
2026-05-20 23:21:51 INFO  [main] com.zaxxer.hikari.HikariDataSource - HikariPool-1 - Starting...
2026-05-20 23:21:51 INFO  [main] com.zaxxer.hikari.pool.HikariPool - HikariPool-1 - Added connection org.postgresql.jdbc.PgConnection@24a7725d
2026-05-20 23:21:51 INFO  [main] com.zaxxer.hikari.HikariDataSource - HikariPool-1 - Start completed.
2026-05-20 23:21:51 WARN  [main] org.hibernate.orm.deprecation - HHH90000025: PostgreSQLDialect does not need to be specified explicitly using 'hibernate.dialect' (remove the property setting and it will be selected by default)
2026-05-20 23:21:52 INFO  [main] o.h.e.t.j.p.i.JtaPlatformInitiator - HHH000489: No JTA platform available (set 'hibernate.transaction.jta.platform' to enable JTA platform integration)
2026-05-20 23:21:52 INFO  [main] o.s.o.j.LocalContainerEntityManagerFactoryBean - Initialized JPA EntityManagerFactory for persistence unit 'default'
2026-05-20 23:21:52 DEBUG [main] c.p.a.s.JwtAuthenticationFilter - Filter 'jwtAuthenticationFilter' configured for use
2026-05-20 23:21:52 DEBUG [main] o.s.w.f.ServerHttpObservationFilter - Filter 'webMvcObservationFilter' configured for use
2026-05-20 23:21:53 INFO  [main] o.s.d.j.r.query.QueryEnhancerFactory - Hibernate is in classpath; If applicable, HQL parser will be used.
2026-05-20 23:21:54 WARN  [main] o.s.b.a.o.j.JpaBaseConfiguration$JpaWebConfiguration - spring.jpa.open-in-view is enabled by default. Therefore, database queries may be performed during view rendering. Explicitly configure spring.jpa.open-in-view to disable this warning
2026-05-20 23:21:54 DEBUG [main] o.s.w.s.m.m.a.RequestMappingHandlerMapping - 60 mappings in 'requestMappingHandlerMapping'
2026-05-20 23:21:54 DEBUG [main] o.s.w.s.h.SimpleUrlHandlerMapping - Patterns [/swagger-ui*/*swagger-initializer.js, /swagger-ui*/**] in 'resourceHandlerMapping'
2026-05-20 23:21:54 DEBUG [main] o.s.w.s.m.m.a.RequestMappingHandlerAdapter - ControllerAdvice beans: 0 @ModelAttribute, 0 @InitBinder, 1 RequestBodyAdvice, 1 ResponseBodyAdvice
2026-05-20 23:21:54 DEBUG [main] o.s.w.s.m.m.a.ExceptionHandlerExceptionResolver - ControllerAdvice beans: 2 @ExceptionHandler, 1 ResponseBodyAdvice
2026-05-20 23:21:54 INFO  [main] o.s.b.a.e.web.EndpointLinksResolver - Exposing 1 endpoint(s) beneath base path '/actuator'
2026-05-20 23:21:54 INFO  [main] o.s.s.web.DefaultSecurityFilterChain - Will secure any request with [org.springframework.security.web.session.DisableEncodeUrlFilter@40f6e092, org.springframework.security.web.context.request.async.WebAsyncManagerIntegrationFilter@3030edcc, org.springframework.security.web.context.SecurityContextHolderFilter@413e4756, org.springframework.security.web.header.HeaderWriterFilter@a739cd9, org.springframework.web.filter.CorsFilter@7bc27f7e, org.springframework.security.web.authentication.logout.LogoutFilter@9def6d, com.plants.api.security.JwtAuthenticationFilter@4eb0ed44, org.springframework.security.web.savedrequest.RequestCacheAwareFilter@6af4c74e, org.springframework.security.web.servletapi.SecurityContextHolderAwareRequestFilter@104b145b, org.springframework.security.web.authentication.AnonymousAuthenticationFilter@702189aa, org.springframework.security.web.session.SessionManagementFilter@4f13e602, org.springframework.security.web.access.ExceptionTranslationFilter@4ba7a9e4, org.springframework.security.web.access.intercept.AuthorizationFilter@7d2410af]
2026-05-20 23:21:55 INFO  [main] o.a.coyote.http11.Http11NioProtocol - Starting ProtocolHandler ["http-nio-8080"]
2026-05-20 23:21:55 INFO  [main] o.s.b.w.e.tomcat.TomcatWebServer - Tomcat started on port 8080 (http) with context path ''
2026-05-20 23:21:55 INFO  [main] com.plants.api.ApiApplication - Started ApiApplication in 8.433 seconds (process running for 9.518)
2026-05-20 23:21:56 INFO  [RMI TCP Connection(4)-192.168.1.118] o.a.c.c.C.[Tomcat].[localhost].[/] - Initializing Spring DispatcherServlet 'dispatcherServlet'
2026-05-20 23:21:56 INFO  [RMI TCP Connection(4)-192.168.1.118] o.s.web.servlet.DispatcherServlet - Initializing Servlet 'dispatcherServlet'
2026-05-20 23:21:56 DEBUG [RMI TCP Connection(4)-192.168.1.118] o.s.web.servlet.DispatcherServlet - Detected StandardServletMultipartResolver
2026-05-20 23:21:56 DEBUG [RMI TCP Connection(4)-192.168.1.118] o.s.web.servlet.DispatcherServlet - Detected AcceptHeaderLocaleResolver
2026-05-20 23:21:56 DEBUG [RMI TCP Connection(4)-192.168.1.118] o.s.web.servlet.DispatcherServlet - Detected FixedThemeResolver
2026-05-20 23:21:56 DEBUG [RMI TCP Connection(4)-192.168.1.118] o.s.web.servlet.DispatcherServlet - Detected org.springframework.web.servlet.view.DefaultRequestToViewNameTranslator@1355d2a0
2026-05-20 23:21:56 DEBUG [RMI TCP Connection(4)-192.168.1.118] o.s.web.servlet.DispatcherServlet - Detected org.springframework.web.servlet.support.SessionFlashMapManager@7740d2c
2026-05-20 23:21:56 DEBUG [RMI TCP Connection(4)-192.168.1.118] o.s.web.servlet.DispatcherServlet - enableLoggingRequestDetails='false': request parameters and headers will be masked to prevent unsafe logging of potentially sensitive data
2026-05-20 23:21:56 INFO  [RMI TCP Connection(4)-192.168.1.118] o.s.web.servlet.DispatcherServlet - Completed initialization in 4 ms
2026-05-20 23:41:43 INFO  [SpringApplicationShutdownHook] o.s.o.j.LocalContainerEntityManagerFactoryBean - Closing JPA EntityManagerFactory for persistence unit 'default'
2026-05-20 23:41:43 INFO  [SpringApplicationShutdownHook] com.zaxxer.hikari.HikariDataSource - HikariPool-1 - Shutdown initiated...
2026-05-20 23:41:43 INFO  [SpringApplicationShutdownHook] com.zaxxer.hikari.HikariDataSource - HikariPool-1 - Shutdown completed.
