2026-05-18 11:35:07 INFO  [background-preinit] o.h.validator.internal.util.Version - HV000001: Hibernate Validator 8.0.1.Final
2026-05-18 11:35:07 INFO  [main] com.plants.api.ApiApplication - Starting ApiApplication using Java 21.0.11 with PID 29020 (C:\Users\kader\plants-medicinales-SaaS\target\classes started by kader in C:\Users\kader\plants-medicinales-SaaS)
2026-05-18 11:35:07 DEBUG [main] com.plants.api.ApiApplication - Running with Spring Boot v3.2.0, Spring v6.1.1
2026-05-18 11:35:07 INFO  [main] com.plants.api.ApiApplication - The following 1 profile is active: "dev"
2026-05-18 11:35:08 INFO  [main] o.s.d.r.c.RepositoryConfigurationDelegate - Multiple Spring Data modules found, entering strict repository configuration mode
2026-05-18 11:35:08 INFO  [main] o.s.d.r.c.RepositoryConfigurationDelegate - Bootstrapping Spring Data JPA repositories in DEFAULT mode.
2026-05-18 11:35:09 INFO  [main] o.s.d.r.c.RepositoryConfigurationDelegate - Finished Spring Data repository scanning in 171 ms. Found 6 JPA repository interfaces.
2026-05-18 11:35:09 INFO  [main] o.s.d.r.c.RepositoryConfigurationDelegate - Multiple Spring Data modules found, entering strict repository configuration mode
2026-05-18 11:35:09 INFO  [main] o.s.d.r.c.RepositoryConfigurationDelegate - Bootstrapping Spring Data Redis repositories in DEFAULT mode.
2026-05-18 11:35:09 INFO  [main] o.s.d.r.c.RepositoryConfigurationExtensionSupport - Spring Data Redis - Could not safely identify store assignment for repository candidate interface com.plants.api.repositories.AffiliateClickRepository; If you want this repository to be a Redis repository, consider annotating your entities with one of these annotations: org.springframework.data.redis.core.RedisHash (preferred), or consider extending one of the following types with your repository: org.springframework.data.keyvalue.repository.KeyValueRepository
2026-05-18 11:35:09 INFO  [main] o.s.d.r.c.RepositoryConfigurationExtensionSupport - Spring Data Redis - Could not safely identify store assignment for repository candidate interface com.plants.api.repositories.AffiliateProductRepository; If you want this repository to be a Redis repository, consider annotating your entities with one of these annotations: org.springframework.data.redis.core.RedisHash (preferred), or consider extending one of the following types with your repository: org.springframework.data.keyvalue.repository.KeyValueRepository
2026-05-18 11:35:09 INFO  [main] o.s.d.r.c.RepositoryConfigurationExtensionSupport - Spring Data Redis - Could not safely identify store assignment for repository candidate interface com.plants.api.repositories.ArticleRepository; If you want this repository to be a Redis repository, consider annotating your entities with one of these annotations: org.springframework.data.redis.core.RedisHash (preferred), or consider extending one of the following types with your repository: org.springframework.data.keyvalue.repository.KeyValueRepository
2026-05-18 11:35:09 INFO  [main] o.s.d.r.c.RepositoryConfigurationExtensionSupport - Spring Data Redis - Could not safely identify store assignment for repository candidate interface com.plants.api.repositories.OilRepository; If you want this repository to be a Redis repository, consider annotating your entities with one of these annotations: org.springframework.data.redis.core.RedisHash (preferred), or consider extending one of the following types with your repository: org.springframework.data.keyvalue.repository.KeyValueRepository
2026-05-18 11:35:09 INFO  [main] o.s.d.r.c.RepositoryConfigurationExtensionSupport - Spring Data Redis - Could not safely identify store assignment for repository candidate interface com.plants.api.repositories.PlantRepository; If you want this repository to be a Redis repository, consider annotating your entities with one of these annotations: org.springframework.data.redis.core.RedisHash (preferred), or consider extending one of the following types with your repository: org.springframework.data.keyvalue.repository.KeyValueRepository
2026-05-18 11:35:09 INFO  [main] o.s.d.r.c.RepositoryConfigurationExtensionSupport - Spring Data Redis - Could not safely identify store assignment for repository candidate interface com.plants.api.repositories.UserRepository; If you want this repository to be a Redis repository, consider annotating your entities with one of these annotations: org.springframework.data.redis.core.RedisHash (preferred), or consider extending one of the following types with your repository: org.springframework.data.keyvalue.repository.KeyValueRepository
2026-05-18 11:35:09 INFO  [main] o.s.d.r.c.RepositoryConfigurationDelegate - Finished Spring Data repository scanning in 6 ms. Found 0 Redis repository interfaces.
2026-05-18 11:35:10 INFO  [main] o.s.b.w.e.tomcat.TomcatWebServer - Tomcat initialized with port 8080 (http)
2026-05-18 11:35:10 INFO  [main] o.a.coyote.http11.Http11NioProtocol - Initializing ProtocolHandler ["http-nio-8080"]
2026-05-18 11:35:10 INFO  [main] o.a.catalina.core.StandardService - Starting service [Tomcat]
2026-05-18 11:35:10 INFO  [main] o.a.catalina.core.StandardEngine - Starting Servlet engine: [Apache Tomcat/10.1.16]
2026-05-18 11:35:10 INFO  [main] o.a.c.c.C.[Tomcat].[localhost].[/] - Initializing Spring embedded WebApplicationContext
2026-05-18 11:35:10 INFO  [main] o.s.b.w.s.c.ServletWebServerApplicationContext - Root WebApplicationContext: initialization completed in 2578 ms
2026-05-18 11:35:10 INFO  [main] com.zaxxer.hikari.HikariDataSource - HikariPool-1 - Starting...
2026-05-18 11:35:10 INFO  [main] com.zaxxer.hikari.pool.HikariPool - HikariPool-1 - Added connection org.postgresql.jdbc.PgConnection@111cbcda
2026-05-18 11:35:10 INFO  [main] com.zaxxer.hikari.HikariDataSource - HikariPool-1 - Start completed.
2026-05-18 11:35:10 INFO  [main] o.f.c.i.license.VersionPrinter - Flyway Community Edition 9.22.3 by Redgate
2026-05-18 11:35:10 INFO  [main] o.f.c.i.license.VersionPrinter - See release notes here: https://rd.gt/416ObMi
2026-05-18 11:35:10 INFO  [main] o.f.c.i.license.VersionPrinter - 
2026-05-18 11:35:10 INFO  [main] org.flywaydb.core.FlywayExecutor - Database: jdbc:postgresql://localhost:5432/api_dev (PostgreSQL 18.1)
2026-05-18 11:35:10 WARN  [main] o.f.c.i.database.base.Database - Flyway upgrade recommended: PostgreSQL 18.1 is newer than this version of Flyway and support has not been tested. The latest supported version of PostgreSQL is 15.
2026-05-18 11:35:10 INFO  [main] o.f.core.internal.command.DbValidate - Successfully validated 1 migration (execution time 00:00.032s)
2026-05-18 11:35:10 INFO  [main] o.f.core.internal.command.DbMigrate - Current version of schema "public": 1
2026-05-18 11:35:10 INFO  [main] o.f.core.internal.command.DbMigrate - Schema "public" is up to date. No migration necessary.
2026-05-18 11:35:10 INFO  [main] o.h.jpa.internal.util.LogHelper - HHH000204: Processing PersistenceUnitInfo [name: default]
2026-05-18 11:35:10 INFO  [main] org.hibernate.Version - HHH000412: Hibernate ORM core version 6.3.1.Final
2026-05-18 11:35:10 INFO  [main] o.h.c.i.RegionFactoryInitiator - HHH000026: Second-level cache disabled
2026-05-18 11:35:11 INFO  [main] o.s.o.j.p.SpringPersistenceUnitInfo - No LoadTimeWeaver setup: ignoring JPA class transformer
2026-05-18 11:35:11 WARN  [main] org.hibernate.orm.deprecation - HHH90000025: PostgreSQLDialect does not need to be specified explicitly using 'hibernate.dialect' (remove the property setting and it will be selected by default)
2026-05-18 11:35:12 INFO  [main] o.h.e.t.j.p.i.JtaPlatformInitiator - HHH000489: No JTA platform available (set 'hibernate.transaction.jta.platform' to enable JTA platform integration)
2026-05-18 11:35:12 INFO  [main] o.s.o.j.LocalContainerEntityManagerFactoryBean - Initialized JPA EntityManagerFactory for persistence unit 'default'
2026-05-18 11:35:12 DEBUG [main] c.p.a.s.JwtAuthenticationFilter - Filter 'jwtAuthenticationFilter' configured for use
2026-05-18 11:35:12 DEBUG [main] o.s.w.f.ServerHttpObservationFilter - Filter 'webMvcObservationFilter' configured for use
2026-05-18 11:35:12 DEBUG [main] o.s.web.filter.CorsFilter - Filter 'corsFilter' configured for use
2026-05-18 11:35:12 INFO  [main] o.s.d.j.r.query.QueryEnhancerFactory - Hibernate is in classpath; If applicable, HQL parser will be used.
2026-05-18 11:35:13 WARN  [main] o.s.b.a.o.j.JpaBaseConfiguration$JpaWebConfiguration - spring.jpa.open-in-view is enabled by default. Therefore, database queries may be performed during view rendering. Explicitly configure spring.jpa.open-in-view to disable this warning
2026-05-18 11:35:14 DEBUG [main] o.s.w.s.m.m.a.RequestMappingHandlerMapping - 58 mappings in 'requestMappingHandlerMapping'
2026-05-18 11:35:14 DEBUG [main] o.s.w.s.h.SimpleUrlHandlerMapping - Patterns [/swagger-ui*/*swagger-initializer.js, /swagger-ui*/**] in 'resourceHandlerMapping'
2026-05-18 11:35:14 DEBUG [main] o.s.w.s.m.m.a.RequestMappingHandlerAdapter - ControllerAdvice beans: 0 @ModelAttribute, 0 @InitBinder, 1 RequestBodyAdvice, 1 ResponseBodyAdvice
2026-05-18 11:35:14 DEBUG [main] o.s.w.s.m.m.a.ExceptionHandlerExceptionResolver - ControllerAdvice beans: 2 @ExceptionHandler, 1 ResponseBodyAdvice
2026-05-18 11:35:14 INFO  [main] o.s.s.web.DefaultSecurityFilterChain - Will secure any request with [org.springframework.security.web.session.DisableEncodeUrlFilter@254ed9ba, org.springframework.security.web.context.request.async.WebAsyncManagerIntegrationFilter@3693deae, org.springframework.security.web.context.SecurityContextHolderFilter@157f284b, org.springframework.security.web.header.HeaderWriterFilter@1c8ab147, org.springframework.security.web.csrf.CsrfFilter@65450878, org.springframework.security.web.authentication.logout.LogoutFilter@b51d862, org.springframework.security.web.savedrequest.RequestCacheAwareFilter@40889699, org.springframework.security.web.servletapi.SecurityContextHolderAwareRequestFilter@54557dd8, org.springframework.security.web.authentication.AnonymousAuthenticationFilter@6f3af541, org.springframework.security.web.access.ExceptionTranslationFilter@da87122]
2026-05-18 11:35:14 INFO  [main] o.s.b.a.e.web.EndpointLinksResolver - Exposing 1 endpoint(s) beneath base path '/actuator'
2026-05-18 11:35:14 INFO  [main] o.s.s.web.DefaultSecurityFilterChain - Will secure any request with [org.springframework.security.web.session.DisableEncodeUrlFilter@76ba2139, org.springframework.security.web.context.request.async.WebAsyncManagerIntegrationFilter@ec4e9e4, org.springframework.security.web.context.SecurityContextHolderFilter@310bf0ed, org.springframework.security.web.header.HeaderWriterFilter@505c675a, org.springframework.web.filter.CorsFilter@53a49745, org.springframework.security.web.authentication.logout.LogoutFilter@554d0ec1, com.plants.api.config.RateLimitingFilter@1a4cbcc6, com.plants.api.security.JwtAuthenticationFilter@4698ae6, org.springframework.security.web.savedrequest.RequestCacheAwareFilter@551a7123, org.springframework.security.web.servletapi.SecurityContextHolderAwareRequestFilter@19f31c85, org.springframework.security.web.authentication.AnonymousAuthenticationFilter@3ec75472, org.springframework.security.web.session.SessionManagementFilter@4063af6, org.springframework.security.web.access.ExceptionTranslationFilter@22445d8e, org.springframework.security.web.access.intercept.AuthorizationFilter@7843efc5]
2026-05-18 11:35:15 INFO  [main] o.a.coyote.http11.Http11NioProtocol - Starting ProtocolHandler ["http-nio-8080"]
2026-05-18 11:35:15 INFO  [main] o.s.b.w.e.tomcat.TomcatWebServer - Tomcat started on port 8080 (http) with context path ''
2026-05-18 11:35:15 INFO  [main] com.plants.api.ApiApplication - Started ApiApplication in 8.842 seconds (process running for 10.032)
2026-05-18 11:35:16 INFO  [RMI TCP Connection(3)-192.168.1.118] o.a.c.c.C.[Tomcat].[localhost].[/] - Initializing Spring DispatcherServlet 'dispatcherServlet'
2026-05-18 11:35:16 INFO  [RMI TCP Connection(3)-192.168.1.118] o.s.web.servlet.DispatcherServlet - Initializing Servlet 'dispatcherServlet'
2026-05-18 11:35:16 DEBUG [RMI TCP Connection(3)-192.168.1.118] o.s.web.servlet.DispatcherServlet - Detected StandardServletMultipartResolver
2026-05-18 11:35:16 DEBUG [RMI TCP Connection(3)-192.168.1.118] o.s.web.servlet.DispatcherServlet - Detected AcceptHeaderLocaleResolver
2026-05-18 11:35:16 DEBUG [RMI TCP Connection(3)-192.168.1.118] o.s.web.servlet.DispatcherServlet - Detected FixedThemeResolver
2026-05-18 11:35:16 DEBUG [RMI TCP Connection(3)-192.168.1.118] o.s.web.servlet.DispatcherServlet - Detected org.springframework.web.servlet.view.DefaultRequestToViewNameTranslator@11092844
2026-05-18 11:35:16 DEBUG [RMI TCP Connection(3)-192.168.1.118] o.s.web.servlet.DispatcherServlet - Detected org.springframework.web.servlet.support.SessionFlashMapManager@1818c0a0
2026-05-18 11:35:16 DEBUG [RMI TCP Connection(3)-192.168.1.118] o.s.web.servlet.DispatcherServlet - enableLoggingRequestDetails='false': request parameters and headers will be masked to prevent unsafe logging of potentially sensitive data
2026-05-18 11:35:16 INFO  [RMI TCP Connection(3)-192.168.1.118] o.s.web.servlet.DispatcherServlet - Completed initialization in 3 ms
2026-05-18 11:35:16 WARN  [boundedElastic-1] o.s.b.a.d.r.RedisReactiveHealthIndicator - Redis health check failed
org.springframework.data.redis.RedisConnectionFailureException: Unable to connect to Redis
	at org.springframework.data.redis.connection.lettuce.LettuceConnectionFactory$ExceptionTranslatingConnectionProvider.translateException(LettuceConnectionFactory.java:1805)
	at org.springframework.data.redis.connection.lettuce.LettuceConnectionFactory$ExceptionTranslatingConnectionProvider.getConnection(LettuceConnectionFactory.java:1736)
	at org.springframework.data.redis.connection.lettuce.LettuceConnectionFactory$SharedConnection.getNativeConnection(LettuceConnectionFactory.java:1538)
	at org.springframework.data.redis.connection.lettuce.LettuceConnectionFactory$SharedConnection.lambda$getConnection$0(LettuceConnectionFactory.java:1518)
	at org.springframework.data.redis.connection.lettuce.LettuceConnectionFactory.doInLock(LettuceConnectionFactory.java:1478)
	at org.springframework.data.redis.connection.lettuce.LettuceConnectionFactory$SharedConnection.getConnection(LettuceConnectionFactory.java:1515)
	at org.springframework.data.redis.connection.lettuce.LettuceConnectionFactory.getSharedReactiveConnection(LettuceConnectionFactory.java:1224)
	at org.springframework.data.redis.connection.lettuce.LettuceConnectionFactory.getReactiveConnection(LettuceConnectionFactory.java:1099)
	at org.springframework.data.redis.connection.lettuce.LettuceConnectionFactory.getReactiveConnection(LettuceConnectionFactory.java:130)
	at reactor.core.publisher.MonoSupplier.call(MonoSupplier.java:67)
	at reactor.core.publisher.FluxSubscribeOnCallable$CallableSubscribeOnSubscription.run(FluxSubscribeOnCallable.java:228)
	at reactor.core.scheduler.SchedulerTask.call(SchedulerTask.java:68)
	at reactor.core.scheduler.SchedulerTask.call(SchedulerTask.java:28)
	at java.base/java.util.concurrent.FutureTask.run(FutureTask.java:317)
	at java.base/java.util.concurrent.ScheduledThreadPoolExecutor$ScheduledFutureTask.run(ScheduledThreadPoolExecutor.java:304)
	at java.base/java.util.concurrent.ThreadPoolExecutor.runWorker(ThreadPoolExecutor.java:1144)
	at java.base/java.util.concurrent.ThreadPoolExecutor$Worker.run(ThreadPoolExecutor.java:642)
	at java.base/java.lang.Thread.run(Thread.java:1583)
Caused by: io.lettuce.core.RedisConnectionException: Unable to connect to localhost/<unresolved>:6379
	at io.lettuce.core.RedisConnectionException.create(RedisConnectionException.java:78)
	at io.lettuce.core.RedisConnectionException.create(RedisConnectionException.java:56)
	at io.lettuce.core.AbstractRedisClient.getConnection(AbstractRedisClient.java:350)
	at io.lettuce.core.RedisClient.connect(RedisClient.java:215)
	at org.springframework.data.redis.connection.lettuce.StandaloneConnectionProvider.lambda$getConnection$1(StandaloneConnectionProvider.java:112)
	at java.base/java.util.Optional.orElseGet(Optional.java:364)
	at org.springframework.data.redis.connection.lettuce.StandaloneConnectionProvider.getConnection(StandaloneConnectionProvider.java:112)
	at org.springframework.data.redis.connection.lettuce.LettuceConnectionFactory$ExceptionTranslatingConnectionProvider.getConnection(LettuceConnectionFactory.java:1734)
	... 16 common frames omitted
Caused by: io.netty.channel.AbstractChannel$AnnotatedConnectException: Connection refused: getsockopt: localhost/127.0.0.1:6379
Caused by: java.net.ConnectException: Connection refused: getsockopt
	at java.base/sun.nio.ch.Net.pollConnect(Native Method)
	at java.base/sun.nio.ch.Net.pollConnectNow(Net.java:694)
	at java.base/sun.nio.ch.SocketChannelImpl.finishConnect(SocketChannelImpl.java:973)
	at io.netty.channel.socket.nio.NioSocketChannel.doFinishConnect(NioSocketChannel.java:337)
	at io.netty.channel.nio.AbstractNioChannel$AbstractNioUnsafe.finishConnect(AbstractNioChannel.java:334)
	at io.netty.channel.nio.NioEventLoop.processSelectedKey(NioEventLoop.java:776)
	at io.netty.channel.nio.NioEventLoop.processSelectedKeysOptimized(NioEventLoop.java:724)
	at io.netty.channel.nio.NioEventLoop.processSelectedKeys(NioEventLoop.java:650)
	at io.netty.channel.nio.NioEventLoop.run(NioEventLoop.java:562)
	at io.netty.util.concurrent.SingleThreadEventExecutor$4.run(SingleThreadEventExecutor.java:997)
	at io.netty.util.internal.ThreadExecutorMap$2.run(ThreadExecutorMap.java:74)
	at io.netty.util.concurrent.FastThreadLocalRunnable.run(FastThreadLocalRunnable.java:30)
	at java.base/java.lang.Thread.run(Thread.java:1583)
2026-05-18 11:37:04 DEBUG [http-nio-8080-exec-1] o.s.web.servlet.DispatcherServlet - GET "/swagger-ui/index.html?urls.primaryName=Authentification", parameters={masked}
2026-05-18 11:37:04 DEBUG [http-nio-8080-exec-1] o.s.w.s.h.SimpleUrlHandlerMapping - Mapped to ResourceHttpRequestHandler [classpath [META-INF/resources/webjars/]]
2026-05-18 11:37:04 DEBUG [http-nio-8080-exec-1] o.s.web.servlet.DispatcherServlet - Completed 200 OK
2026-05-18 11:37:04 DEBUG [http-nio-8080-exec-5] o.s.web.servlet.DispatcherServlet - GET "/swagger-ui/swagger-ui.css", parameters={}
2026-05-18 11:37:04 DEBUG [http-nio-8080-exec-5] o.s.w.s.h.SimpleUrlHandlerMapping - Mapped to ResourceHttpRequestHandler [classpath [META-INF/resources/webjars/]]
2026-05-18 11:37:04 DEBUG [http-nio-8080-exec-2] o.s.web.servlet.DispatcherServlet - GET "/swagger-ui/index.css", parameters={}
2026-05-18 11:37:04 DEBUG [http-nio-8080-exec-4] o.s.web.servlet.DispatcherServlet - GET "/swagger-ui/swagger-ui-bundle.js", parameters={}
2026-05-18 11:37:04 DEBUG [http-nio-8080-exec-3] o.s.web.servlet.DispatcherServlet - GET "/swagger-ui/swagger-ui-standalone-preset.js", parameters={}
2026-05-18 11:37:04 DEBUG [http-nio-8080-exec-2] o.s.w.s.h.SimpleUrlHandlerMapping - Mapped to ResourceHttpRequestHandler [classpath [META-INF/resources/webjars/]]
2026-05-18 11:37:04 DEBUG [http-nio-8080-exec-4] o.s.w.s.h.SimpleUrlHandlerMapping - Mapped to ResourceHttpRequestHandler [classpath [META-INF/resources/webjars/]]
2026-05-18 11:37:04 DEBUG [http-nio-8080-exec-3] o.s.w.s.h.SimpleUrlHandlerMapping - Mapped to ResourceHttpRequestHandler [classpath [META-INF/resources/webjars/]]
2026-05-18 11:37:04 DEBUG [http-nio-8080-exec-2] o.s.web.servlet.DispatcherServlet - Completed 200 OK
2026-05-18 11:37:04 DEBUG [http-nio-8080-exec-5] o.s.web.servlet.DispatcherServlet - Completed 200 OK
2026-05-18 11:37:04 DEBUG [http-nio-8080-exec-2] o.s.web.servlet.DispatcherServlet - GET "/swagger-ui/swagger-initializer.js", parameters={}
2026-05-18 11:37:04 DEBUG [http-nio-8080-exec-3] o.s.web.servlet.DispatcherServlet - Completed 200 OK
2026-05-18 11:37:04 DEBUG [http-nio-8080-exec-2] o.s.w.s.h.SimpleUrlHandlerMapping - Mapped to ResourceHttpRequestHandler [classpath [META-INF/resources/webjars/]]
2026-05-18 11:37:04 DEBUG [http-nio-8080-exec-4] o.s.web.servlet.DispatcherServlet - Completed 200 OK
2026-05-18 11:37:04 DEBUG [http-nio-8080-exec-2] o.s.web.servlet.DispatcherServlet - Completed 200 OK
2026-05-18 11:37:05 DEBUG [http-nio-8080-exec-6] o.s.web.servlet.DispatcherServlet - GET "/swagger-ui/swagger-ui-standalone-preset.js", parameters={}
2026-05-18 11:37:05 DEBUG [http-nio-8080-exec-7] o.s.web.servlet.DispatcherServlet - GET "/swagger-ui/swagger-ui-bundle.js", parameters={}
2026-05-18 11:37:05 DEBUG [http-nio-8080-exec-8] o.s.web.servlet.DispatcherServlet - GET "/swagger-ui/swagger-initializer.js", parameters={}
2026-05-18 11:37:05 DEBUG [http-nio-8080-exec-6] o.s.w.s.h.SimpleUrlHandlerMapping - Mapped to ResourceHttpRequestHandler [classpath [META-INF/resources/webjars/]]
2026-05-18 11:37:05 DEBUG [http-nio-8080-exec-7] o.s.w.s.h.SimpleUrlHandlerMapping - Mapped to ResourceHttpRequestHandler [classpath [META-INF/resources/webjars/]]
2026-05-18 11:37:05 DEBUG [http-nio-8080-exec-8] o.s.w.s.h.SimpleUrlHandlerMapping - Mapped to ResourceHttpRequestHandler [classpath [META-INF/resources/webjars/]]
2026-05-18 11:37:05 DEBUG [http-nio-8080-exec-8] o.s.web.servlet.DispatcherServlet - Completed 200 OK
2026-05-18 11:37:05 DEBUG [http-nio-8080-exec-6] o.s.web.servlet.DispatcherServlet - Completed 200 OK
2026-05-18 11:37:05 DEBUG [http-nio-8080-exec-7] o.s.web.servlet.DispatcherServlet - Completed 200 OK
2026-05-18 11:37:06 DEBUG [http-nio-8080-exec-9] o.s.web.servlet.DispatcherServlet - GET "/v3/api-docs/swagger-config", parameters={}
2026-05-18 11:37:06 DEBUG [http-nio-8080-exec-9] o.s.w.s.m.m.a.RequestMappingHandlerMapping - Mapped to org.springdoc.webmvc.ui.SwaggerConfigResource#openapiJson(HttpServletRequest)
2026-05-18 11:37:06 DEBUG [http-nio-8080-exec-9] o.s.w.s.m.m.a.RequestResponseBodyMethodProcessor - Using 'application/json', given [*/*] and supported [application/json]
2026-05-18 11:37:06 DEBUG [http-nio-8080-exec-10] o.s.web.servlet.DispatcherServlet - GET "/swagger-ui/favicon-32x32.png", parameters={}
2026-05-18 11:37:06 DEBUG [http-nio-8080-exec-9] o.s.w.s.m.m.a.RequestResponseBodyMethodProcessor - Writing [{configUrl=/v3/api-docs/swagger-config, oauth2RedirectUrl=http://localhost:8080/swagger-ui/oauth2-re (truncated)...]
2026-05-18 11:37:06 DEBUG [http-nio-8080-exec-10] o.s.w.s.h.SimpleUrlHandlerMapping - Mapped to ResourceHttpRequestHandler [classpath [META-INF/resources/webjars/]]
2026-05-18 11:37:06 DEBUG [http-nio-8080-exec-10] o.s.web.servlet.DispatcherServlet - Completed 200 OK
2026-05-18 11:37:06 DEBUG [http-nio-8080-exec-9] o.s.web.servlet.DispatcherServlet - Completed 200 OK
2026-05-18 11:37:06 DEBUG [http-nio-8080-exec-1] o.s.web.servlet.DispatcherServlet - GET "/v3/api-docs/Authentification", parameters={}
2026-05-18 11:37:06 DEBUG [http-nio-8080-exec-1] o.s.w.s.m.m.a.RequestMappingHandlerMapping - Mapped to org.springdoc.webmvc.api.MultipleOpenApiWebMvcResource#openapiJson(HttpServletRequest, String, String, Locale)
2026-05-18 11:37:07 INFO  [http-nio-8080-exec-1] o.s.api.AbstractOpenApiResource - Init duration for springdoc-openapi is: 769 ms
2026-05-18 11:37:07 DEBUG [http-nio-8080-exec-1] o.s.w.s.m.m.a.RequestResponseBodyMethodProcessor - Using 'application/json', given [application/json, */*] and supported [application/json]
2026-05-18 11:37:07 DEBUG [http-nio-8080-exec-1] o.s.w.s.m.m.a.RequestResponseBodyMethodProcessor - Writing [{123, 34, 111, 112, 101, 110, 97, 112, 105, 34, 58, 34, 51, 46, 48, 46, 49, 34, 44, 34, 105, 110, 10 (truncated)...]
2026-05-18 11:37:07 DEBUG [http-nio-8080-exec-1] o.s.web.servlet.DispatcherServlet - Completed 200 OK
2026-05-18 11:37:34 DEBUG [http-nio-8080-exec-5] o.s.web.servlet.DispatcherServlet - "ERROR" dispatch for POST "/error", parameters={}
2026-05-18 11:37:34 DEBUG [http-nio-8080-exec-5] o.s.w.s.m.m.a.RequestMappingHandlerMapping - Mapped to org.springframework.boot.autoconfigure.web.servlet.error.BasicErrorController#error(HttpServletRequest)
2026-05-18 11:37:34 DEBUG [http-nio-8080-exec-5] o.s.w.s.m.m.a.HttpEntityMethodProcessor - Using 'application/json', given [*/*] and supported [application/json, application/*+json]
2026-05-18 11:37:34 DEBUG [http-nio-8080-exec-5] o.s.w.s.m.m.a.HttpEntityMethodProcessor - Writing [{timestamp=Mon May 18 11:37:34 CEST 2026, status=403, error=Forbidden, path=/api/auth/register}]
2026-05-18 11:37:34 DEBUG [http-nio-8080-exec-5] o.s.web.servlet.DispatcherServlet - Exiting from "ERROR" dispatch, status 403
2026-05-18 11:38:02 DEBUG [http-nio-8080-exec-3] o.s.web.servlet.DispatcherServlet - GET "/v3/api-docs/Plantes", parameters={}
2026-05-18 11:38:02 DEBUG [http-nio-8080-exec-3] o.s.w.s.m.m.a.RequestMappingHandlerMapping - Mapped to org.springdoc.webmvc.api.MultipleOpenApiWebMvcResource#openapiJson(HttpServletRequest, String, String, Locale)
2026-05-18 11:38:02 INFO  [http-nio-8080-exec-3] o.s.api.AbstractOpenApiResource - Init duration for springdoc-openapi is: 346 ms
2026-05-18 11:38:02 DEBUG [http-nio-8080-exec-3] o.s.w.s.m.m.a.RequestResponseBodyMethodProcessor - Using 'application/json', given [application/json, */*] and supported [application/json]
2026-05-18 11:38:02 DEBUG [http-nio-8080-exec-3] o.s.w.s.m.m.a.RequestResponseBodyMethodProcessor - Writing [{123, 34, 111, 112, 101, 110, 97, 112, 105, 34, 58, 34, 51, 46, 48, 46, 49, 34, 44, 34, 105, 110, 10 (truncated)...]
2026-05-18 11:38:02 DEBUG [http-nio-8080-exec-3] o.s.web.servlet.DispatcherServlet - Completed 200 OK
2026-05-18 11:38:15 DEBUG [http-nio-8080-exec-9] o.s.web.servlet.DispatcherServlet - "ERROR" dispatch for POST "/error", parameters={}
2026-05-18 11:38:15 DEBUG [http-nio-8080-exec-9] o.s.w.s.m.m.a.RequestMappingHandlerMapping - Mapped to org.springframework.boot.autoconfigure.web.servlet.error.BasicErrorController#error(HttpServletRequest)
2026-05-18 11:38:15 DEBUG [http-nio-8080-exec-9] o.s.w.s.m.m.a.HttpEntityMethodProcessor - Using 'application/json', given [*/*] and supported [application/json, application/*+json]
2026-05-18 11:38:15 DEBUG [http-nio-8080-exec-9] o.s.w.s.m.m.a.HttpEntityMethodProcessor - Writing [{timestamp=Mon May 18 11:38:15 CEST 2026, status=403, error=Forbidden, path=/api/plants}]
2026-05-18 11:38:15 DEBUG [http-nio-8080-exec-9] o.s.web.servlet.DispatcherServlet - Exiting from "ERROR" dispatch, status 403
2026-05-18 11:38:29 DEBUG [http-nio-8080-exec-1] o.s.web.servlet.DispatcherServlet - GET "/v3/api-docs/Huiles", parameters={}
2026-05-18 11:38:29 DEBUG [http-nio-8080-exec-1] o.s.w.s.m.m.a.RequestMappingHandlerMapping - Mapped to org.springdoc.webmvc.api.MultipleOpenApiWebMvcResource#openapiJson(HttpServletRequest, String, String, Locale)
2026-05-18 11:38:30 INFO  [http-nio-8080-exec-1] o.s.api.AbstractOpenApiResource - Init duration for springdoc-openapi is: 239 ms
2026-05-18 11:38:30 DEBUG [http-nio-8080-exec-1] o.s.w.s.m.m.a.RequestResponseBodyMethodProcessor - Using 'application/json', given [application/json, */*] and supported [application/json]
2026-05-18 11:38:30 DEBUG [http-nio-8080-exec-1] o.s.w.s.m.m.a.RequestResponseBodyMethodProcessor - Writing [{123, 34, 111, 112, 101, 110, 97, 112, 105, 34, 58, 34, 51, 46, 48, 46, 49, 34, 44, 34, 105, 110, 10 (truncated)...]
2026-05-18 11:38:30 DEBUG [http-nio-8080-exec-1] o.s.web.servlet.DispatcherServlet - Completed 200 OK
2026-05-18 11:38:44 DEBUG [http-nio-8080-exec-5] o.s.web.servlet.DispatcherServlet - "ERROR" dispatch for POST "/error", parameters={}
2026-05-18 11:38:44 DEBUG [http-nio-8080-exec-5] o.s.w.s.m.m.a.RequestMappingHandlerMapping - Mapped to org.springframework.boot.autoconfigure.web.servlet.error.BasicErrorController#error(HttpServletRequest)
2026-05-18 11:38:44 DEBUG [http-nio-8080-exec-5] o.s.w.s.m.m.a.HttpEntityMethodProcessor - Using 'application/json', given [*/*] and supported [application/json, application/*+json]
2026-05-18 11:38:44 DEBUG [http-nio-8080-exec-5] o.s.w.s.m.m.a.HttpEntityMethodProcessor - Writing [{timestamp=Mon May 18 11:38:44 CEST 2026, status=403, error=Forbidden, path=/api/oils}]
2026-05-18 11:38:44 DEBUG [http-nio-8080-exec-5] o.s.web.servlet.DispatcherServlet - Exiting from "ERROR" dispatch, status 403
2026-05-18 11:44:13 INFO  [SpringApplicationShutdownHook] o.s.o.j.LocalContainerEntityManagerFactoryBean - Closing JPA EntityManagerFactory for persistence unit 'default'
2026-05-18 11:44:13 INFO  [SpringApplicationShutdownHook] com.zaxxer.hikari.HikariDataSource - HikariPool-1 - Shutdown initiated...
2026-05-18 11:44:13 INFO  [SpringApplicationShutdownHook] com.zaxxer.hikari.HikariDataSource - HikariPool-1 - Shutdown completed.
2026-05-18 11:44:18 INFO  [background-preinit] o.h.validator.internal.util.Version - HV000001: Hibernate Validator 8.0.1.Final
2026-05-18 11:44:18 INFO  [main] com.plants.api.ApiApplication - Starting ApiApplication using Java 21.0.11 with PID 17004 (C:\Users\kader\plants-medicinales-SaaS\target\classes started by kader in C:\Users\kader\plants-medicinales-SaaS)
2026-05-18 11:44:18 DEBUG [main] com.plants.api.ApiApplication - Running with Spring Boot v3.2.0, Spring v6.1.1
2026-05-18 11:44:18 INFO  [main] com.plants.api.ApiApplication - The following 1 profile is active: "dev"
2026-05-18 11:44:19 INFO  [main] o.s.d.r.c.RepositoryConfigurationDelegate - Multiple Spring Data modules found, entering strict repository configuration mode
2026-05-18 11:44:19 INFO  [main] o.s.d.r.c.RepositoryConfigurationDelegate - Bootstrapping Spring Data JPA repositories in DEFAULT mode.
2026-05-18 11:44:19 INFO  [main] o.s.d.r.c.RepositoryConfigurationDelegate - Finished Spring Data repository scanning in 118 ms. Found 6 JPA repository interfaces.
2026-05-18 11:44:19 INFO  [main] o.s.d.r.c.RepositoryConfigurationDelegate - Multiple Spring Data modules found, entering strict repository configuration mode
2026-05-18 11:44:19 INFO  [main] o.s.d.r.c.RepositoryConfigurationDelegate - Bootstrapping Spring Data Redis repositories in DEFAULT mode.
2026-05-18 11:44:19 INFO  [main] o.s.d.r.c.RepositoryConfigurationExtensionSupport - Spring Data Redis - Could not safely identify store assignment for repository candidate interface com.plants.api.repositories.AffiliateClickRepository; If you want this repository to be a Redis repository, consider annotating your entities with one of these annotations: org.springframework.data.redis.core.RedisHash (preferred), or consider extending one of the following types with your repository: org.springframework.data.keyvalue.repository.KeyValueRepository
2026-05-18 11:44:19 INFO  [main] o.s.d.r.c.RepositoryConfigurationExtensionSupport - Spring Data Redis - Could not safely identify store assignment for repository candidate interface com.plants.api.repositories.AffiliateProductRepository; If you want this repository to be a Redis repository, consider annotating your entities with one of these annotations: org.springframework.data.redis.core.RedisHash (preferred), or consider extending one of the following types with your repository: org.springframework.data.keyvalue.repository.KeyValueRepository
2026-05-18 11:44:19 INFO  [main] o.s.d.r.c.RepositoryConfigurationExtensionSupport - Spring Data Redis - Could not safely identify store assignment for repository candidate interface com.plants.api.repositories.ArticleRepository; If you want this repository to be a Redis repository, consider annotating your entities with one of these annotations: org.springframework.data.redis.core.RedisHash (preferred), or consider extending one of the following types with your repository: org.springframework.data.keyvalue.repository.KeyValueRepository
2026-05-18 11:44:19 INFO  [main] o.s.d.r.c.RepositoryConfigurationExtensionSupport - Spring Data Redis - Could not safely identify store assignment for repository candidate interface com.plants.api.repositories.OilRepository; If you want this repository to be a Redis repository, consider annotating your entities with one of these annotations: org.springframework.data.redis.core.RedisHash (preferred), or consider extending one of the following types with your repository: org.springframework.data.keyvalue.repository.KeyValueRepository
2026-05-18 11:44:19 INFO  [main] o.s.d.r.c.RepositoryConfigurationExtensionSupport - Spring Data Redis - Could not safely identify store assignment for repository candidate interface com.plants.api.repositories.PlantRepository; If you want this repository to be a Redis repository, consider annotating your entities with one of these annotations: org.springframework.data.redis.core.RedisHash (preferred), or consider extending one of the following types with your repository: org.springframework.data.keyvalue.repository.KeyValueRepository
2026-05-18 11:44:19 INFO  [main] o.s.d.r.c.RepositoryConfigurationExtensionSupport - Spring Data Redis - Could not safely identify store assignment for repository candidate interface com.plants.api.repositories.UserRepository; If you want this repository to be a Redis repository, consider annotating your entities with one of these annotations: org.springframework.data.redis.core.RedisHash (preferred), or consider extending one of the following types with your repository: org.springframework.data.keyvalue.repository.KeyValueRepository
2026-05-18 11:44:19 INFO  [main] o.s.d.r.c.RepositoryConfigurationDelegate - Finished Spring Data repository scanning in 5 ms. Found 0 Redis repository interfaces.
2026-05-18 11:44:20 INFO  [main] o.s.b.w.e.tomcat.TomcatWebServer - Tomcat initialized with port 8080 (http)
2026-05-18 11:44:20 INFO  [main] o.a.coyote.http11.Http11NioProtocol - Initializing ProtocolHandler ["http-nio-8080"]
2026-05-18 11:44:20 INFO  [main] o.a.catalina.core.StandardService - Starting service [Tomcat]
2026-05-18 11:44:20 INFO  [main] o.a.catalina.core.StandardEngine - Starting Servlet engine: [Apache Tomcat/10.1.16]
2026-05-18 11:44:20 INFO  [main] o.a.c.c.C.[Tomcat].[localhost].[/] - Initializing Spring embedded WebApplicationContext
2026-05-18 11:44:20 INFO  [main] o.s.b.w.s.c.ServletWebServerApplicationContext - Root WebApplicationContext: initialization completed in 1882 ms
2026-05-18 11:44:20 INFO  [main] com.zaxxer.hikari.HikariDataSource - HikariPool-1 - Starting...
2026-05-18 11:44:20 INFO  [main] com.zaxxer.hikari.pool.HikariPool - HikariPool-1 - Added connection org.postgresql.jdbc.PgConnection@42cd0fc6
2026-05-18 11:44:20 INFO  [main] com.zaxxer.hikari.HikariDataSource - HikariPool-1 - Start completed.
2026-05-18 11:44:20 INFO  [main] o.f.c.i.license.VersionPrinter - Flyway Community Edition 9.22.3 by Redgate
2026-05-18 11:44:20 INFO  [main] o.f.c.i.license.VersionPrinter - See release notes here: https://rd.gt/416ObMi
2026-05-18 11:44:20 INFO  [main] o.f.c.i.license.VersionPrinter - 
2026-05-18 11:44:20 INFO  [main] org.flywaydb.core.FlywayExecutor - Database: jdbc:postgresql://localhost:5432/api_dev (PostgreSQL 18.1)
2026-05-18 11:44:20 WARN  [main] o.f.c.i.database.base.Database - Flyway upgrade recommended: PostgreSQL 18.1 is newer than this version of Flyway and support has not been tested. The latest supported version of PostgreSQL is 15.
2026-05-18 11:44:20 INFO  [main] o.f.core.internal.command.DbValidate - Successfully validated 1 migration (execution time 00:00.015s)
2026-05-18 11:44:20 INFO  [main] o.f.core.internal.command.DbMigrate - Current version of schema "public": 1
2026-05-18 11:44:20 INFO  [main] o.f.core.internal.command.DbMigrate - Schema "public" is up to date. No migration necessary.
2026-05-18 11:44:20 INFO  [main] o.h.jpa.internal.util.LogHelper - HHH000204: Processing PersistenceUnitInfo [name: default]
2026-05-18 11:44:20 INFO  [main] org.hibernate.Version - HHH000412: Hibernate ORM core version 6.3.1.Final
2026-05-18 11:44:20 INFO  [main] o.h.c.i.RegionFactoryInitiator - HHH000026: Second-level cache disabled
2026-05-18 11:44:20 INFO  [main] o.s.o.j.p.SpringPersistenceUnitInfo - No LoadTimeWeaver setup: ignoring JPA class transformer
2026-05-18 11:44:20 WARN  [main] org.hibernate.orm.deprecation - HHH90000025: PostgreSQLDialect does not need to be specified explicitly using 'hibernate.dialect' (remove the property setting and it will be selected by default)
2026-05-18 11:44:21 INFO  [main] o.h.e.t.j.p.i.JtaPlatformInitiator - HHH000489: No JTA platform available (set 'hibernate.transaction.jta.platform' to enable JTA platform integration)
2026-05-18 11:44:21 INFO  [main] o.s.o.j.LocalContainerEntityManagerFactoryBean - Initialized JPA EntityManagerFactory for persistence unit 'default'
2026-05-18 11:44:22 DEBUG [main] c.p.a.s.JwtAuthenticationFilter - Filter 'jwtAuthenticationFilter' configured for use
2026-05-18 11:44:22 DEBUG [main] o.s.w.f.ServerHttpObservationFilter - Filter 'webMvcObservationFilter' configured for use
2026-05-18 11:44:22 DEBUG [main] o.s.web.filter.CorsFilter - Filter 'corsFilter' configured for use
2026-05-18 11:44:22 INFO  [main] o.s.d.j.r.query.QueryEnhancerFactory - Hibernate is in classpath; If applicable, HQL parser will be used.
2026-05-18 11:44:23 WARN  [main] o.s.b.a.o.j.JpaBaseConfiguration$JpaWebConfiguration - spring.jpa.open-in-view is enabled by default. Therefore, database queries may be performed during view rendering. Explicitly configure spring.jpa.open-in-view to disable this warning
2026-05-18 11:44:23 DEBUG [main] o.s.w.s.m.m.a.RequestMappingHandlerMapping - 58 mappings in 'requestMappingHandlerMapping'
2026-05-18 11:44:23 DEBUG [main] o.s.w.s.h.SimpleUrlHandlerMapping - Patterns [/swagger-ui*/*swagger-initializer.js, /swagger-ui*/**] in 'resourceHandlerMapping'
2026-05-18 11:44:23 DEBUG [main] o.s.w.s.m.m.a.RequestMappingHandlerAdapter - ControllerAdvice beans: 0 @ModelAttribute, 0 @InitBinder, 1 RequestBodyAdvice, 1 ResponseBodyAdvice
2026-05-18 11:44:23 DEBUG [main] o.s.w.s.m.m.a.ExceptionHandlerExceptionResolver - ControllerAdvice beans: 2 @ExceptionHandler, 1 ResponseBodyAdvice
2026-05-18 11:44:23 INFO  [main] o.s.s.web.DefaultSecurityFilterChain - Will secure any request with [org.springframework.security.web.session.DisableEncodeUrlFilter@3c32105c, org.springframework.security.web.context.request.async.WebAsyncManagerIntegrationFilter@39a54d70, org.springframework.security.web.context.SecurityContextHolderFilter@c73b9fc, org.springframework.security.web.header.HeaderWriterFilter@6028b018, org.springframework.security.web.csrf.CsrfFilter@1cfb035c, org.springframework.security.web.authentication.logout.LogoutFilter@4ee127c6, org.springframework.security.web.savedrequest.RequestCacheAwareFilter@32cbb8c6, org.springframework.security.web.servletapi.SecurityContextHolderAwareRequestFilter@26f6fbbd, org.springframework.security.web.authentication.AnonymousAuthenticationFilter@39b5d60, org.springframework.security.web.access.ExceptionTranslationFilter@7563ca08]
2026-05-18 11:44:23 INFO  [main] o.s.b.a.e.web.EndpointLinksResolver - Exposing 1 endpoint(s) beneath base path '/actuator'
2026-05-18 11:44:23 INFO  [main] o.s.s.web.DefaultSecurityFilterChain - Will secure any request with [org.springframework.security.web.session.DisableEncodeUrlFilter@4a2eb2e, org.springframework.security.web.context.request.async.WebAsyncManagerIntegrationFilter@16ae647d, org.springframework.security.web.context.SecurityContextHolderFilter@5aa786fc, org.springframework.security.web.header.HeaderWriterFilter@27c2b83a, org.springframework.web.filter.CorsFilter@7843efc5, org.springframework.security.web.authentication.logout.LogoutFilter@5b83c5c9, com.plants.api.security.JwtAuthenticationFilter@b41ceac, org.springframework.security.web.savedrequest.RequestCacheAwareFilter@56a2599a, org.springframework.security.web.servletapi.SecurityContextHolderAwareRequestFilter@6e84c052, org.springframework.security.web.authentication.AnonymousAuthenticationFilter@4f6cf902, org.springframework.security.web.session.SessionManagementFilter@594c66ea, org.springframework.security.web.access.ExceptionTranslationFilter@32f7b6a2, org.springframework.security.web.access.intercept.AuthorizationFilter@58f6f3e8]
2026-05-18 11:44:24 INFO  [main] o.a.coyote.http11.Http11NioProtocol - Starting ProtocolHandler ["http-nio-8080"]
2026-05-18 11:44:24 INFO  [main] o.s.b.w.e.tomcat.TomcatWebServer - Tomcat started on port 8080 (http) with context path ''
2026-05-18 11:44:24 INFO  [main] com.plants.api.ApiApplication - Started ApiApplication in 6.674 seconds (process running for 7.296)
2026-05-18 11:44:24 INFO  [RMI TCP Connection(2)-192.168.1.118] o.a.c.c.C.[Tomcat].[localhost].[/] - Initializing Spring DispatcherServlet 'dispatcherServlet'
2026-05-18 11:44:24 INFO  [RMI TCP Connection(2)-192.168.1.118] o.s.web.servlet.DispatcherServlet - Initializing Servlet 'dispatcherServlet'
2026-05-18 11:44:24 DEBUG [RMI TCP Connection(2)-192.168.1.118] o.s.web.servlet.DispatcherServlet - Detected StandardServletMultipartResolver
2026-05-18 11:44:24 DEBUG [RMI TCP Connection(2)-192.168.1.118] o.s.web.servlet.DispatcherServlet - Detected AcceptHeaderLocaleResolver
2026-05-18 11:44:24 DEBUG [RMI TCP Connection(2)-192.168.1.118] o.s.web.servlet.DispatcherServlet - Detected FixedThemeResolver
2026-05-18 11:44:24 DEBUG [RMI TCP Connection(2)-192.168.1.118] o.s.web.servlet.DispatcherServlet - Detected org.springframework.web.servlet.view.DefaultRequestToViewNameTranslator@30082a5e
2026-05-18 11:44:24 DEBUG [RMI TCP Connection(2)-192.168.1.118] o.s.web.servlet.DispatcherServlet - Detected org.springframework.web.servlet.support.SessionFlashMapManager@434d5eb9
2026-05-18 11:44:24 DEBUG [RMI TCP Connection(2)-192.168.1.118] o.s.web.servlet.DispatcherServlet - enableLoggingRequestDetails='false': request parameters and headers will be masked to prevent unsafe logging of potentially sensitive data
2026-05-18 11:44:24 INFO  [RMI TCP Connection(2)-192.168.1.118] o.s.web.servlet.DispatcherServlet - Completed initialization in 5 ms
2026-05-18 11:44:24 WARN  [boundedElastic-1] o.s.b.a.d.r.RedisReactiveHealthIndicator - Redis health check failed
org.springframework.data.redis.RedisConnectionFailureException: Unable to connect to Redis
	at org.springframework.data.redis.connection.lettuce.LettuceConnectionFactory$ExceptionTranslatingConnectionProvider.translateException(LettuceConnectionFactory.java:1805)
	at org.springframework.data.redis.connection.lettuce.LettuceConnectionFactory$ExceptionTranslatingConnectionProvider.getConnection(LettuceConnectionFactory.java:1736)
	at org.springframework.data.redis.connection.lettuce.LettuceConnectionFactory$SharedConnection.getNativeConnection(LettuceConnectionFactory.java:1538)
	at org.springframework.data.redis.connection.lettuce.LettuceConnectionFactory$SharedConnection.lambda$getConnection$0(LettuceConnectionFactory.java:1518)
	at org.springframework.data.redis.connection.lettuce.LettuceConnectionFactory.doInLock(LettuceConnectionFactory.java:1478)
	at org.springframework.data.redis.connection.lettuce.LettuceConnectionFactory$SharedConnection.getConnection(LettuceConnectionFactory.java:1515)
	at org.springframework.data.redis.connection.lettuce.LettuceConnectionFactory.getSharedReactiveConnection(LettuceConnectionFactory.java:1224)
	at org.springframework.data.redis.connection.lettuce.LettuceConnectionFactory.getReactiveConnection(LettuceConnectionFactory.java:1099)
	at org.springframework.data.redis.connection.lettuce.LettuceConnectionFactory.getReactiveConnection(LettuceConnectionFactory.java:130)
	at reactor.core.publisher.MonoSupplier.call(MonoSupplier.java:67)
	at reactor.core.publisher.FluxSubscribeOnCallable$CallableSubscribeOnSubscription.run(FluxSubscribeOnCallable.java:228)
	at reactor.core.scheduler.SchedulerTask.call(SchedulerTask.java:68)
	at reactor.core.scheduler.SchedulerTask.call(SchedulerTask.java:28)
	at java.base/java.util.concurrent.FutureTask.run(FutureTask.java:317)
	at java.base/java.util.concurrent.ScheduledThreadPoolExecutor$ScheduledFutureTask.run(ScheduledThreadPoolExecutor.java:304)
	at java.base/java.util.concurrent.ThreadPoolExecutor.runWorker(ThreadPoolExecutor.java:1144)
	at java.base/java.util.concurrent.ThreadPoolExecutor$Worker.run(ThreadPoolExecutor.java:642)
	at java.base/java.lang.Thread.run(Thread.java:1583)
Caused by: io.lettuce.core.RedisConnectionException: Unable to connect to localhost/<unresolved>:6379
	at io.lettuce.core.RedisConnectionException.create(RedisConnectionException.java:78)
	at io.lettuce.core.RedisConnectionException.create(RedisConnectionException.java:56)
	at io.lettuce.core.AbstractRedisClient.getConnection(AbstractRedisClient.java:350)
	at io.lettuce.core.RedisClient.connect(RedisClient.java:215)
	at org.springframework.data.redis.connection.lettuce.StandaloneConnectionProvider.lambda$getConnection$1(StandaloneConnectionProvider.java:112)
	at java.base/java.util.Optional.orElseGet(Optional.java:364)
	at org.springframework.data.redis.connection.lettuce.StandaloneConnectionProvider.getConnection(StandaloneConnectionProvider.java:112)
	at org.springframework.data.redis.connection.lettuce.LettuceConnectionFactory$ExceptionTranslatingConnectionProvider.getConnection(LettuceConnectionFactory.java:1734)
	... 16 common frames omitted
Caused by: io.netty.channel.AbstractChannel$AnnotatedConnectException: Connection refused: getsockopt: localhost/127.0.0.1:6379
Caused by: java.net.ConnectException: Connection refused: getsockopt
	at java.base/sun.nio.ch.Net.pollConnect(Native Method)
	at java.base/sun.nio.ch.Net.pollConnectNow(Net.java:694)
	at java.base/sun.nio.ch.SocketChannelImpl.finishConnect(SocketChannelImpl.java:973)
	at io.netty.channel.socket.nio.NioSocketChannel.doFinishConnect(NioSocketChannel.java:337)
	at io.netty.channel.nio.AbstractNioChannel$AbstractNioUnsafe.finishConnect(AbstractNioChannel.java:334)
	at io.netty.channel.nio.NioEventLoop.processSelectedKey(NioEventLoop.java:776)
	at io.netty.channel.nio.NioEventLoop.processSelectedKeysOptimized(NioEventLoop.java:724)
	at io.netty.channel.nio.NioEventLoop.processSelectedKeys(NioEventLoop.java:650)
	at io.netty.channel.nio.NioEventLoop.run(NioEventLoop.java:562)
	at io.netty.util.concurrent.SingleThreadEventExecutor$4.run(SingleThreadEventExecutor.java:997)
	at io.netty.util.internal.ThreadExecutorMap$2.run(ThreadExecutorMap.java:74)
	at io.netty.util.concurrent.FastThreadLocalRunnable.run(FastThreadLocalRunnable.java:30)
	at java.base/java.lang.Thread.run(Thread.java:1583)
2026-05-18 11:44:50 DEBUG [http-nio-8080-exec-1] o.s.web.servlet.DispatcherServlet - "ERROR" dispatch for POST "/error", parameters={}
2026-05-18 11:44:50 DEBUG [http-nio-8080-exec-1] o.s.w.s.m.m.a.RequestMappingHandlerMapping - Mapped to org.springframework.boot.autoconfigure.web.servlet.error.BasicErrorController#error(HttpServletRequest)
2026-05-18 11:44:50 DEBUG [http-nio-8080-exec-1] o.s.w.s.m.m.a.HttpEntityMethodProcessor - Using 'application/json', given [*/*] and supported [application/json, application/*+json]
2026-05-18 11:44:50 DEBUG [http-nio-8080-exec-1] o.s.w.s.m.m.a.HttpEntityMethodProcessor - Writing [{timestamp=Mon May 18 11:44:50 CEST 2026, status=403, error=Forbidden, path=/api/oils}]
2026-05-18 11:44:50 DEBUG [http-nio-8080-exec-1] o.s.web.servlet.DispatcherServlet - Exiting from "ERROR" dispatch, status 403
2026-05-18 11:44:55 DEBUG [http-nio-8080-exec-3] o.s.web.servlet.DispatcherServlet - GET "/swagger-ui/index.html?urls.primaryName=Huiles", parameters={masked}
2026-05-18 11:44:55 DEBUG [http-nio-8080-exec-3] o.s.w.s.h.SimpleUrlHandlerMapping - Mapped to ResourceHttpRequestHandler [classpath [META-INF/resources/webjars/]]
2026-05-18 11:44:55 DEBUG [http-nio-8080-exec-3] o.s.web.servlet.DispatcherServlet - Completed 200 OK
2026-05-18 11:44:55 DEBUG [http-nio-8080-exec-2] o.s.web.servlet.DispatcherServlet - GET "/swagger-ui/swagger-ui.css", parameters={}
2026-05-18 11:44:55 DEBUG [http-nio-8080-exec-2] o.s.w.s.h.SimpleUrlHandlerMapping - Mapped to ResourceHttpRequestHandler [classpath [META-INF/resources/webjars/]]
2026-05-18 11:44:55 DEBUG [http-nio-8080-exec-4] o.s.web.servlet.DispatcherServlet - GET "/swagger-ui/index.css", parameters={}
2026-05-18 11:44:55 DEBUG [http-nio-8080-exec-4] o.s.w.s.h.SimpleUrlHandlerMapping - Mapped to ResourceHttpRequestHandler [classpath [META-INF/resources/webjars/]]
2026-05-18 11:44:55 DEBUG [http-nio-8080-exec-2] o.s.web.servlet.DispatcherServlet - Completed 200 OK
2026-05-18 11:44:55 DEBUG [http-nio-8080-exec-6] o.s.web.servlet.DispatcherServlet - GET "/swagger-ui/swagger-ui-standalone-preset.js", parameters={}
2026-05-18 11:44:55 DEBUG [http-nio-8080-exec-5] o.s.web.servlet.DispatcherServlet - GET "/swagger-ui/swagger-ui-bundle.js", parameters={}
2026-05-18 11:44:55 DEBUG [http-nio-8080-exec-4] o.s.web.servlet.DispatcherServlet - Completed 200 OK
2026-05-18 11:44:55 DEBUG [http-nio-8080-exec-7] o.s.web.servlet.DispatcherServlet - GET "/swagger-ui/swagger-initializer.js", parameters={}
2026-05-18 11:44:55 DEBUG [http-nio-8080-exec-6] o.s.w.s.h.SimpleUrlHandlerMapping - Mapped to ResourceHttpRequestHandler [classpath [META-INF/resources/webjars/]]
2026-05-18 11:44:55 DEBUG [http-nio-8080-exec-7] o.s.w.s.h.SimpleUrlHandlerMapping - Mapped to ResourceHttpRequestHandler [classpath [META-INF/resources/webjars/]]
2026-05-18 11:44:55 DEBUG [http-nio-8080-exec-5] o.s.w.s.h.SimpleUrlHandlerMapping - Mapped to ResourceHttpRequestHandler [classpath [META-INF/resources/webjars/]]
2026-05-18 11:44:55 DEBUG [http-nio-8080-exec-6] o.s.web.servlet.DispatcherServlet - Completed 200 OK
2026-05-18 11:44:55 DEBUG [http-nio-8080-exec-7] o.s.web.servlet.DispatcherServlet - Completed 200 OK
2026-05-18 11:44:55 DEBUG [http-nio-8080-exec-8] o.s.web.servlet.DispatcherServlet - GET "/swagger-ui/swagger-ui-standalone-preset.js", parameters={}
2026-05-18 11:44:55 DEBUG [http-nio-8080-exec-8] o.s.w.s.h.SimpleUrlHandlerMapping - Mapped to ResourceHttpRequestHandler [classpath [META-INF/resources/webjars/]]
2026-05-18 11:44:55 DEBUG [http-nio-8080-exec-9] o.s.web.servlet.DispatcherServlet - GET "/swagger-ui/swagger-initializer.js", parameters={}
2026-05-18 11:44:55 DEBUG [http-nio-8080-exec-9] o.s.w.s.h.SimpleUrlHandlerMapping - Mapped to ResourceHttpRequestHandler [classpath [META-INF/resources/webjars/]]
2026-05-18 11:44:55 DEBUG [http-nio-8080-exec-9] o.s.web.servlet.DispatcherServlet - Completed 200 OK
2026-05-18 11:44:55 DEBUG [http-nio-8080-exec-8] o.s.web.servlet.DispatcherServlet - Completed 200 OK
2026-05-18 11:44:55 DEBUG [http-nio-8080-exec-5] o.s.web.servlet.DispatcherServlet - Completed 200 OK
2026-05-18 11:44:56 DEBUG [http-nio-8080-exec-10] o.s.web.servlet.DispatcherServlet - GET "/swagger-ui/swagger-ui-bundle.js", parameters={}
2026-05-18 11:44:56 DEBUG [http-nio-8080-exec-10] o.s.w.s.h.SimpleUrlHandlerMapping - Mapped to ResourceHttpRequestHandler [classpath [META-INF/resources/webjars/]]
2026-05-18 11:44:56 DEBUG [http-nio-8080-exec-10] o.s.web.servlet.DispatcherServlet - Completed 200 OK
2026-05-18 11:44:56 DEBUG [http-nio-8080-exec-1] o.s.web.servlet.DispatcherServlet - GET "/v3/api-docs/swagger-config", parameters={}
2026-05-18 11:44:56 DEBUG [http-nio-8080-exec-1] o.s.w.s.m.m.a.RequestMappingHandlerMapping - Mapped to org.springdoc.webmvc.ui.SwaggerConfigResource#openapiJson(HttpServletRequest)
2026-05-18 11:44:56 DEBUG [http-nio-8080-exec-1] o.s.w.s.m.m.a.RequestResponseBodyMethodProcessor - Using 'application/json', given [*/*] and supported [application/json]
2026-05-18 11:44:56 DEBUG [http-nio-8080-exec-1] o.s.w.s.m.m.a.RequestResponseBodyMethodProcessor - Writing [{configUrl=/v3/api-docs/swagger-config, oauth2RedirectUrl=http://localhost:8080/swagger-ui/oauth2-re (truncated)...]
2026-05-18 11:44:56 DEBUG [http-nio-8080-exec-1] o.s.web.servlet.DispatcherServlet - Completed 200 OK
2026-05-18 11:44:56 DEBUG [http-nio-8080-exec-3] o.s.web.servlet.DispatcherServlet - GET "/swagger-ui/favicon-32x32.png", parameters={}
2026-05-18 11:44:56 DEBUG [http-nio-8080-exec-3] o.s.w.s.h.SimpleUrlHandlerMapping - Mapped to ResourceHttpRequestHandler [classpath [META-INF/resources/webjars/]]
2026-05-18 11:44:56 DEBUG [http-nio-8080-exec-3] o.s.web.servlet.DispatcherServlet - Completed 200 OK
2026-05-18 11:44:56 DEBUG [http-nio-8080-exec-2] o.s.web.servlet.DispatcherServlet - GET "/v3/api-docs/Huiles", parameters={}
2026-05-18 11:44:56 DEBUG [http-nio-8080-exec-2] o.s.w.s.m.m.a.RequestMappingHandlerMapping - Mapped to org.springdoc.webmvc.api.MultipleOpenApiWebMvcResource#openapiJson(HttpServletRequest, String, String, Locale)
2026-05-18 11:44:56 DEBUG [http-nio-8080-exec-4] o.s.web.servlet.DispatcherServlet - GET "/swagger-ui/favicon-32x32.png", parameters={}
2026-05-18 11:44:56 DEBUG [http-nio-8080-exec-4] o.s.w.s.h.SimpleUrlHandlerMapping - Mapped to ResourceHttpRequestHandler [classpath [META-INF/resources/webjars/]]
2026-05-18 11:44:56 DEBUG [http-nio-8080-exec-4] o.s.web.servlet.DispatcherServlet - Completed 200 OK
2026-05-18 11:44:56 INFO  [http-nio-8080-exec-2] o.s.api.AbstractOpenApiResource - Init duration for springdoc-openapi is: 562 ms
2026-05-18 11:44:56 DEBUG [http-nio-8080-exec-2] o.s.w.s.m.m.a.RequestResponseBodyMethodProcessor - Using 'application/json', given [application/json, */*] and supported [application/json]
2026-05-18 11:44:56 DEBUG [http-nio-8080-exec-2] o.s.w.s.m.m.a.RequestResponseBodyMethodProcessor - Writing [{123, 34, 111, 112, 101, 110, 97, 112, 105, 34, 58, 34, 51, 46, 48, 46, 49, 34, 44, 34, 105, 110, 10 (truncated)...]
2026-05-18 11:44:56 DEBUG [http-nio-8080-exec-2] o.s.web.servlet.DispatcherServlet - Completed 200 OK
2026-05-18 11:45:12 DEBUG [http-nio-8080-exec-6] o.s.web.servlet.DispatcherServlet - "ERROR" dispatch for POST "/error", parameters={}
2026-05-18 11:45:12 DEBUG [http-nio-8080-exec-6] o.s.w.s.m.m.a.RequestMappingHandlerMapping - Mapped to org.springframework.boot.autoconfigure.web.servlet.error.BasicErrorController#error(HttpServletRequest)
2026-05-18 11:45:12 DEBUG [http-nio-8080-exec-6] o.s.w.s.m.m.a.HttpEntityMethodProcessor - Using 'application/json', given [*/*] and supported [application/json, application/*+json]
2026-05-18 11:45:12 DEBUG [http-nio-8080-exec-6] o.s.w.s.m.m.a.HttpEntityMethodProcessor - Writing [{timestamp=Mon May 18 11:45:12 CEST 2026, status=403, error=Forbidden, path=/api/oils}]
2026-05-18 11:45:12 DEBUG [http-nio-8080-exec-6] o.s.web.servlet.DispatcherServlet - Exiting from "ERROR" dispatch, status 403
2026-05-18 11:47:41 INFO  [SpringApplicationShutdownHook] o.s.o.j.LocalContainerEntityManagerFactoryBean - Closing JPA EntityManagerFactory for persistence unit 'default'
2026-05-18 11:47:41 INFO  [SpringApplicationShutdownHook] com.zaxxer.hikari.HikariDataSource - HikariPool-1 - Shutdown initiated...
2026-05-18 11:47:41 INFO  [SpringApplicationShutdownHook] com.zaxxer.hikari.HikariDataSource - HikariPool-1 - Shutdown completed.
2026-05-18 11:47:46 INFO  [background-preinit] o.h.validator.internal.util.Version - HV000001: Hibernate Validator 8.0.1.Final
2026-05-18 11:47:46 INFO  [main] com.plants.api.ApiApplication - Starting ApiApplication using Java 21.0.11 with PID 41032 (C:\Users\kader\plants-medicinales-SaaS\target\classes started by kader in C:\Users\kader\plants-medicinales-SaaS)
2026-05-18 11:47:46 DEBUG [main] com.plants.api.ApiApplication - Running with Spring Boot v3.2.0, Spring v6.1.1
2026-05-18 11:47:46 INFO  [main] com.plants.api.ApiApplication - The following 1 profile is active: "dev"
2026-05-18 11:47:47 INFO  [main] o.s.d.r.c.RepositoryConfigurationDelegate - Multiple Spring Data modules found, entering strict repository configuration mode
2026-05-18 11:47:47 INFO  [main] o.s.d.r.c.RepositoryConfigurationDelegate - Bootstrapping Spring Data JPA repositories in DEFAULT mode.
2026-05-18 11:47:47 INFO  [main] o.s.d.r.c.RepositoryConfigurationDelegate - Finished Spring Data repository scanning in 114 ms. Found 6 JPA repository interfaces.
2026-05-18 11:47:47 INFO  [main] o.s.d.r.c.RepositoryConfigurationDelegate - Multiple Spring Data modules found, entering strict repository configuration mode
2026-05-18 11:47:47 INFO  [main] o.s.d.r.c.RepositoryConfigurationDelegate - Bootstrapping Spring Data Redis repositories in DEFAULT mode.
2026-05-18 11:47:47 INFO  [main] o.s.d.r.c.RepositoryConfigurationExtensionSupport - Spring Data Redis - Could not safely identify store assignment for repository candidate interface com.plants.api.repositories.AffiliateClickRepository; If you want this repository to be a Redis repository, consider annotating your entities with one of these annotations: org.springframework.data.redis.core.RedisHash (preferred), or consider extending one of the following types with your repository: org.springframework.data.keyvalue.repository.KeyValueRepository
2026-05-18 11:47:47 INFO  [main] o.s.d.r.c.RepositoryConfigurationExtensionSupport - Spring Data Redis - Could not safely identify store assignment for repository candidate interface com.plants.api.repositories.AffiliateProductRepository; If you want this repository to be a Redis repository, consider annotating your entities with one of these annotations: org.springframework.data.redis.core.RedisHash (preferred), or consider extending one of the following types with your repository: org.springframework.data.keyvalue.repository.KeyValueRepository
2026-05-18 11:47:47 INFO  [main] o.s.d.r.c.RepositoryConfigurationExtensionSupport - Spring Data Redis - Could not safely identify store assignment for repository candidate interface com.plants.api.repositories.ArticleRepository; If you want this repository to be a Redis repository, consider annotating your entities with one of these annotations: org.springframework.data.redis.core.RedisHash (preferred), or consider extending one of the following types with your repository: org.springframework.data.keyvalue.repository.KeyValueRepository
2026-05-18 11:47:47 INFO  [main] o.s.d.r.c.RepositoryConfigurationExtensionSupport - Spring Data Redis - Could not safely identify store assignment for repository candidate interface com.plants.api.repositories.OilRepository; If you want this repository to be a Redis repository, consider annotating your entities with one of these annotations: org.springframework.data.redis.core.RedisHash (preferred), or consider extending one of the following types with your repository: org.springframework.data.keyvalue.repository.KeyValueRepository
2026-05-18 11:47:47 INFO  [main] o.s.d.r.c.RepositoryConfigurationExtensionSupport - Spring Data Redis - Could not safely identify store assignment for repository candidate interface com.plants.api.repositories.PlantRepository; If you want this repository to be a Redis repository, consider annotating your entities with one of these annotations: org.springframework.data.redis.core.RedisHash (preferred), or consider extending one of the following types with your repository: org.springframework.data.keyvalue.repository.KeyValueRepository
2026-05-18 11:47:47 INFO  [main] o.s.d.r.c.RepositoryConfigurationExtensionSupport - Spring Data Redis - Could not safely identify store assignment for repository candidate interface com.plants.api.repositories.UserRepository; If you want this repository to be a Redis repository, consider annotating your entities with one of these annotations: org.springframework.data.redis.core.RedisHash (preferred), or consider extending one of the following types with your repository: org.springframework.data.keyvalue.repository.KeyValueRepository
2026-05-18 11:47:47 INFO  [main] o.s.d.r.c.RepositoryConfigurationDelegate - Finished Spring Data repository scanning in 7 ms. Found 0 Redis repository interfaces.
2026-05-18 11:47:48 INFO  [main] o.s.b.w.e.tomcat.TomcatWebServer - Tomcat initialized with port 8080 (http)
2026-05-18 11:47:48 INFO  [main] o.a.coyote.http11.Http11NioProtocol - Initializing ProtocolHandler ["http-nio-8080"]
2026-05-18 11:47:48 INFO  [main] o.a.catalina.core.StandardService - Starting service [Tomcat]
2026-05-18 11:47:48 INFO  [main] o.a.catalina.core.StandardEngine - Starting Servlet engine: [Apache Tomcat/10.1.16]
2026-05-18 11:47:48 INFO  [main] o.a.c.c.C.[Tomcat].[localhost].[/] - Initializing Spring embedded WebApplicationContext
2026-05-18 11:47:48 INFO  [main] o.s.b.w.s.c.ServletWebServerApplicationContext - Root WebApplicationContext: initialization completed in 1794 ms
2026-05-18 11:47:48 INFO  [main] com.zaxxer.hikari.HikariDataSource - HikariPool-1 - Starting...
2026-05-18 11:47:48 INFO  [main] com.zaxxer.hikari.pool.HikariPool - HikariPool-1 - Added connection org.postgresql.jdbc.PgConnection@18ca9277
2026-05-18 11:47:48 INFO  [main] com.zaxxer.hikari.HikariDataSource - HikariPool-1 - Start completed.
2026-05-18 11:47:48 INFO  [main] o.f.c.i.license.VersionPrinter - Flyway Community Edition 9.22.3 by Redgate
2026-05-18 11:47:48 INFO  [main] o.f.c.i.license.VersionPrinter - See release notes here: https://rd.gt/416ObMi
2026-05-18 11:47:48 INFO  [main] o.f.c.i.license.VersionPrinter - 
2026-05-18 11:47:48 INFO  [main] org.flywaydb.core.FlywayExecutor - Database: jdbc:postgresql://localhost:5432/api_dev (PostgreSQL 18.1)
2026-05-18 11:47:48 WARN  [main] o.f.c.i.database.base.Database - Flyway upgrade recommended: PostgreSQL 18.1 is newer than this version of Flyway and support has not been tested. The latest supported version of PostgreSQL is 15.
2026-05-18 11:47:48 INFO  [main] o.f.core.internal.command.DbValidate - Successfully validated 1 migration (execution time 00:00.023s)
2026-05-18 11:47:48 INFO  [main] o.f.core.internal.command.DbMigrate - Current version of schema "public": 1
2026-05-18 11:47:48 INFO  [main] o.f.core.internal.command.DbMigrate - Schema "public" is up to date. No migration necessary.
2026-05-18 11:47:48 INFO  [main] o.h.jpa.internal.util.LogHelper - HHH000204: Processing PersistenceUnitInfo [name: default]
2026-05-18 11:47:48 INFO  [main] org.hibernate.Version - HHH000412: Hibernate ORM core version 6.3.1.Final
2026-05-18 11:47:48 INFO  [main] o.h.c.i.RegionFactoryInitiator - HHH000026: Second-level cache disabled
2026-05-18 11:47:49 INFO  [main] o.s.o.j.p.SpringPersistenceUnitInfo - No LoadTimeWeaver setup: ignoring JPA class transformer
2026-05-18 11:47:49 WARN  [main] org.hibernate.orm.deprecation - HHH90000025: PostgreSQLDialect does not need to be specified explicitly using 'hibernate.dialect' (remove the property setting and it will be selected by default)
2026-05-18 11:47:49 INFO  [main] o.h.e.t.j.p.i.JtaPlatformInitiator - HHH000489: No JTA platform available (set 'hibernate.transaction.jta.platform' to enable JTA platform integration)
2026-05-18 11:47:50 INFO  [main] o.s.o.j.LocalContainerEntityManagerFactoryBean - Initialized JPA EntityManagerFactory for persistence unit 'default'
2026-05-18 11:47:50 DEBUG [main] c.p.a.s.JwtAuthenticationFilter - Filter 'jwtAuthenticationFilter' configured for use
2026-05-18 11:47:50 DEBUG [main] o.s.w.f.ServerHttpObservationFilter - Filter 'webMvcObservationFilter' configured for use
2026-05-18 11:47:50 DEBUG [main] c.p.api.config.RateLimitingFilter - Filter 'rateLimitingFilter' configured for use
2026-05-18 11:47:50 DEBUG [main] o.s.web.filter.CorsFilter - Filter 'corsFilter' configured for use
2026-05-18 11:47:50 INFO  [main] o.s.d.j.r.query.QueryEnhancerFactory - Hibernate is in classpath; If applicable, HQL parser will be used.
2026-05-18 11:47:52 WARN  [main] o.s.b.a.o.j.JpaBaseConfiguration$JpaWebConfiguration - spring.jpa.open-in-view is enabled by default. Therefore, database queries may be performed during view rendering. Explicitly configure spring.jpa.open-in-view to disable this warning
2026-05-18 11:47:52 DEBUG [main] o.s.w.s.m.m.a.RequestMappingHandlerMapping - 58 mappings in 'requestMappingHandlerMapping'
2026-05-18 11:47:52 DEBUG [main] o.s.w.s.h.SimpleUrlHandlerMapping - Patterns [/swagger-ui*/*swagger-initializer.js, /swagger-ui*/**] in 'resourceHandlerMapping'
2026-05-18 11:47:52 DEBUG [main] o.s.w.s.m.m.a.RequestMappingHandlerAdapter - ControllerAdvice beans: 0 @ModelAttribute, 0 @InitBinder, 1 RequestBodyAdvice, 1 ResponseBodyAdvice
2026-05-18 11:47:52 DEBUG [main] o.s.w.s.m.m.a.ExceptionHandlerExceptionResolver - ControllerAdvice beans: 2 @ExceptionHandler, 1 ResponseBodyAdvice
2026-05-18 11:47:52 INFO  [main] o.s.s.web.DefaultSecurityFilterChain - Will secure any request with [org.springframework.security.web.session.DisableEncodeUrlFilter@2e47ec5e, org.springframework.security.web.context.request.async.WebAsyncManagerIntegrationFilter@67fc98fe, org.springframework.security.web.context.SecurityContextHolderFilter@687fa4d0, org.springframework.security.web.header.HeaderWriterFilter@1e60dce7, org.springframework.security.web.csrf.CsrfFilter@1d35dcd4, org.springframework.security.web.authentication.logout.LogoutFilter@4089505c, org.springframework.security.web.savedrequest.RequestCacheAwareFilter@4f8aa5fe, org.springframework.security.web.servletapi.SecurityContextHolderAwareRequestFilter@15fe48f5, org.springframework.security.web.authentication.AnonymousAuthenticationFilter@39876e1f, org.springframework.security.web.access.ExceptionTranslationFilter@14f03098]
2026-05-18 11:47:52 INFO  [main] o.s.b.a.e.web.EndpointLinksResolver - Exposing 1 endpoint(s) beneath base path '/actuator'
2026-05-18 11:47:52 INFO  [main] o.s.s.web.DefaultSecurityFilterChain - Will secure any request with [org.springframework.security.web.session.DisableEncodeUrlFilter@6a19bc2e, org.springframework.security.web.context.request.async.WebAsyncManagerIntegrationFilter@3aaa8361, org.springframework.security.web.context.SecurityContextHolderFilter@7f086b45, org.springframework.security.web.header.HeaderWriterFilter@5dcd5046, org.springframework.web.filter.CorsFilter@3d2ee1a8, org.springframework.security.web.authentication.logout.LogoutFilter@2c720867, com.plants.api.security.JwtAuthenticationFilter@693afcd1, org.springframework.security.web.savedrequest.RequestCacheAwareFilter@4c864fd0, org.springframework.security.web.servletapi.SecurityContextHolderAwareRequestFilter@62c95d73, org.springframework.security.web.authentication.AnonymousAuthenticationFilter@76fabd1, org.springframework.security.web.session.SessionManagementFilter@7d6406c8, org.springframework.security.web.access.ExceptionTranslationFilter@3a40e068, org.springframework.security.web.access.intercept.AuthorizationFilter@245b6b85]
2026-05-18 11:47:54 INFO  [main] o.a.coyote.http11.Http11NioProtocol - Starting ProtocolHandler ["http-nio-8080"]
2026-05-18 11:47:54 INFO  [main] o.s.b.w.e.tomcat.TomcatWebServer - Tomcat started on port 8080 (http) with context path ''
2026-05-18 11:47:54 INFO  [main] com.plants.api.ApiApplication - Started ApiApplication in 8.456 seconds (process running for 8.995)
2026-05-18 11:47:54 INFO  [http-nio-8080-exec-2] o.a.c.c.C.[Tomcat].[localhost].[/] - Initializing Spring DispatcherServlet 'dispatcherServlet'
2026-05-18 11:47:54 INFO  [http-nio-8080-exec-2] o.s.web.servlet.DispatcherServlet - Initializing Servlet 'dispatcherServlet'
2026-05-18 11:47:54 DEBUG [http-nio-8080-exec-2] o.s.web.servlet.DispatcherServlet - Detected StandardServletMultipartResolver
2026-05-18 11:47:54 DEBUG [http-nio-8080-exec-2] o.s.web.servlet.DispatcherServlet - Detected AcceptHeaderLocaleResolver
2026-05-18 11:47:54 DEBUG [http-nio-8080-exec-2] o.s.web.servlet.DispatcherServlet - Detected FixedThemeResolver
2026-05-18 11:47:54 DEBUG [http-nio-8080-exec-2] o.s.web.servlet.DispatcherServlet - Detected org.springframework.web.servlet.view.DefaultRequestToViewNameTranslator@702a2c6e
2026-05-18 11:47:54 DEBUG [http-nio-8080-exec-2] o.s.web.servlet.DispatcherServlet - Detected org.springframework.web.servlet.support.SessionFlashMapManager@49ce2726
2026-05-18 11:47:54 DEBUG [http-nio-8080-exec-2] o.s.web.servlet.DispatcherServlet - enableLoggingRequestDetails='false': request parameters and headers will be masked to prevent unsafe logging of potentially sensitive data
2026-05-18 11:47:54 INFO  [http-nio-8080-exec-2] o.s.web.servlet.DispatcherServlet - Completed initialization in 3 ms
2026-05-18 11:47:54 DEBUG [http-nio-8080-exec-2] o.s.web.servlet.DispatcherServlet - GET "/swagger-ui/index.html?urls.primaryName=Huiles", parameters={masked}
2026-05-18 11:47:54 DEBUG [http-nio-8080-exec-2] o.s.w.s.h.SimpleUrlHandlerMapping - Mapped to ResourceHttpRequestHandler [classpath [META-INF/resources/webjars/]]
2026-05-18 11:47:54 DEBUG [http-nio-8080-exec-2] o.s.web.servlet.DispatcherServlet - Completed 200 OK
2026-05-18 11:47:54 DEBUG [http-nio-8080-exec-7] o.s.web.servlet.DispatcherServlet - GET "/swagger-ui/swagger-ui.css", parameters={}
2026-05-18 11:47:54 DEBUG [http-nio-8080-exec-7] o.s.w.s.h.SimpleUrlHandlerMapping - Mapped to ResourceHttpRequestHandler [classpath [META-INF/resources/webjars/]]
2026-05-18 11:47:54 DEBUG [http-nio-8080-exec-10] o.s.web.servlet.DispatcherServlet - GET "/swagger-ui/index.css", parameters={}
2026-05-18 11:47:54 DEBUG [http-nio-8080-exec-1] o.s.web.servlet.DispatcherServlet - GET "/swagger-ui/swagger-ui-bundle.js", parameters={}
2026-05-18 11:47:54 DEBUG [http-nio-8080-exec-4] o.s.web.servlet.DispatcherServlet - GET "/swagger-ui/swagger-ui-standalone-preset.js", parameters={}
2026-05-18 11:47:54 DEBUG [http-nio-8080-exec-10] o.s.w.s.h.SimpleUrlHandlerMapping - Mapped to ResourceHttpRequestHandler [classpath [META-INF/resources/webjars/]]
2026-05-18 11:47:54 DEBUG [http-nio-8080-exec-6] o.s.web.servlet.DispatcherServlet - GET "/swagger-ui/swagger-initializer.js", parameters={}
2026-05-18 11:47:54 DEBUG [http-nio-8080-exec-1] o.s.w.s.h.SimpleUrlHandlerMapping - Mapped to ResourceHttpRequestHandler [classpath [META-INF/resources/webjars/]]
2026-05-18 11:47:54 DEBUG [http-nio-8080-exec-4] o.s.w.s.h.SimpleUrlHandlerMapping - Mapped to ResourceHttpRequestHandler [classpath [META-INF/resources/webjars/]]
2026-05-18 11:47:54 DEBUG [http-nio-8080-exec-6] o.s.w.s.h.SimpleUrlHandlerMapping - Mapped to ResourceHttpRequestHandler [classpath [META-INF/resources/webjars/]]
2026-05-18 11:47:54 DEBUG [http-nio-8080-exec-10] o.s.web.servlet.DispatcherServlet - Completed 200 OK
2026-05-18 11:47:54 DEBUG [http-nio-8080-exec-7] o.s.web.servlet.DispatcherServlet - Completed 200 OK
2026-05-18 11:47:54 DEBUG [http-nio-8080-exec-4] o.s.web.servlet.DispatcherServlet - Completed 200 OK
2026-05-18 11:47:54 DEBUG [http-nio-8080-exec-1] o.s.web.servlet.DispatcherServlet - Completed 200 OK
2026-05-18 11:47:54 DEBUG [http-nio-8080-exec-6] o.s.web.servlet.DispatcherServlet - Completed 200 OK
2026-05-18 11:47:55 DEBUG [http-nio-8080-exec-5] o.s.web.servlet.DispatcherServlet - GET "/swagger-ui/swagger-ui-standalone-preset.js", parameters={}
2026-05-18 11:47:55 DEBUG [http-nio-8080-exec-9] o.s.web.servlet.DispatcherServlet - GET "/swagger-ui/swagger-ui-bundle.js", parameters={}
2026-05-18 11:47:55 DEBUG [http-nio-8080-exec-5] o.s.w.s.h.SimpleUrlHandlerMapping - Mapped to ResourceHttpRequestHandler [classpath [META-INF/resources/webjars/]]
2026-05-18 11:47:55 DEBUG [http-nio-8080-exec-9] o.s.w.s.h.SimpleUrlHandlerMapping - Mapped to ResourceHttpRequestHandler [classpath [META-INF/resources/webjars/]]
2026-05-18 11:47:55 DEBUG [http-nio-8080-exec-5] o.s.web.servlet.DispatcherServlet - Completed 200 OK
2026-05-18 11:47:55 DEBUG [http-nio-8080-exec-8] o.s.web.servlet.DispatcherServlet - GET "/swagger-ui/swagger-initializer.js", parameters={}
2026-05-18 11:47:55 DEBUG [http-nio-8080-exec-8] o.s.w.s.h.SimpleUrlHandlerMapping - Mapped to ResourceHttpRequestHandler [classpath [META-INF/resources/webjars/]]
2026-05-18 11:47:55 DEBUG [http-nio-8080-exec-8] o.s.web.servlet.DispatcherServlet - Completed 200 OK
2026-05-18 11:47:55 DEBUG [http-nio-8080-exec-9] o.s.web.servlet.DispatcherServlet - Completed 200 OK
2026-05-18 11:47:56 WARN  [boundedElastic-1] o.s.b.a.d.r.RedisReactiveHealthIndicator - Redis health check failed
org.springframework.data.redis.RedisConnectionFailureException: Unable to connect to Redis
	at org.springframework.data.redis.connection.lettuce.LettuceConnectionFactory$ExceptionTranslatingConnectionProvider.translateException(LettuceConnectionFactory.java:1805)
	at org.springframework.data.redis.connection.lettuce.LettuceConnectionFactory$ExceptionTranslatingConnectionProvider.getConnection(LettuceConnectionFactory.java:1736)
	at org.springframework.data.redis.connection.lettuce.LettuceConnectionFactory$SharedConnection.getNativeConnection(LettuceConnectionFactory.java:1538)
	at org.springframework.data.redis.connection.lettuce.LettuceConnectionFactory$SharedConnection.lambda$getConnection$0(LettuceConnectionFactory.java:1518)
	at org.springframework.data.redis.connection.lettuce.LettuceConnectionFactory.doInLock(LettuceConnectionFactory.java:1478)
	at org.springframework.data.redis.connection.lettuce.LettuceConnectionFactory$SharedConnection.getConnection(LettuceConnectionFactory.java:1515)
	at org.springframework.data.redis.connection.lettuce.LettuceConnectionFactory.getSharedReactiveConnection(LettuceConnectionFactory.java:1224)
	at org.springframework.data.redis.connection.lettuce.LettuceConnectionFactory.getReactiveConnection(LettuceConnectionFactory.java:1099)
	at org.springframework.data.redis.connection.lettuce.LettuceConnectionFactory.getReactiveConnection(LettuceConnectionFactory.java:130)
	at reactor.core.publisher.MonoSupplier.call(MonoSupplier.java:67)
	at reactor.core.publisher.FluxSubscribeOnCallable$CallableSubscribeOnSubscription.run(FluxSubscribeOnCallable.java:228)
	at reactor.core.scheduler.SchedulerTask.call(SchedulerTask.java:68)
	at reactor.core.scheduler.SchedulerTask.call(SchedulerTask.java:28)
	at java.base/java.util.concurrent.FutureTask.run(FutureTask.java:317)
	at java.base/java.util.concurrent.ScheduledThreadPoolExecutor$ScheduledFutureTask.run(ScheduledThreadPoolExecutor.java:304)
	at java.base/java.util.concurrent.ThreadPoolExecutor.runWorker(ThreadPoolExecutor.java:1144)
	at java.base/java.util.concurrent.ThreadPoolExecutor$Worker.run(ThreadPoolExecutor.java:642)
	at java.base/java.lang.Thread.run(Thread.java:1583)
Caused by: io.lettuce.core.RedisConnectionException: Unable to connect to localhost/<unresolved>:6379
	at io.lettuce.core.RedisConnectionException.create(RedisConnectionException.java:78)
	at io.lettuce.core.RedisConnectionException.create(RedisConnectionException.java:56)
	at io.lettuce.core.AbstractRedisClient.getConnection(AbstractRedisClient.java:350)
	at io.lettuce.core.RedisClient.connect(RedisClient.java:215)
	at org.springframework.data.redis.connection.lettuce.StandaloneConnectionProvider.lambda$getConnection$1(StandaloneConnectionProvider.java:112)
	at java.base/java.util.Optional.orElseGet(Optional.java:364)
	at org.springframework.data.redis.connection.lettuce.StandaloneConnectionProvider.getConnection(StandaloneConnectionProvider.java:112)
	at org.springframework.data.redis.connection.lettuce.LettuceConnectionFactory$ExceptionTranslatingConnectionProvider.getConnection(LettuceConnectionFactory.java:1734)
	... 16 common frames omitted
Caused by: io.netty.channel.AbstractChannel$AnnotatedConnectException: Connection refused: getsockopt: localhost/127.0.0.1:6379
Caused by: java.net.ConnectException: Connection refused: getsockopt
	at java.base/sun.nio.ch.Net.pollConnect(Native Method)
	at java.base/sun.nio.ch.Net.pollConnectNow(Net.java:694)
	at java.base/sun.nio.ch.SocketChannelImpl.finishConnect(SocketChannelImpl.java:973)
	at io.netty.channel.socket.nio.NioSocketChannel.doFinishConnect(NioSocketChannel.java:337)
	at io.netty.channel.nio.AbstractNioChannel$AbstractNioUnsafe.finishConnect(AbstractNioChannel.java:334)
	at io.netty.channel.nio.NioEventLoop.processSelectedKey(NioEventLoop.java:776)
	at io.netty.channel.nio.NioEventLoop.processSelectedKeysOptimized(NioEventLoop.java:724)
	at io.netty.channel.nio.NioEventLoop.processSelectedKeys(NioEventLoop.java:650)
	at io.netty.channel.nio.NioEventLoop.run(NioEventLoop.java:562)
	at io.netty.util.concurrent.SingleThreadEventExecutor$4.run(SingleThreadEventExecutor.java:997)
	at io.netty.util.internal.ThreadExecutorMap$2.run(ThreadExecutorMap.java:74)
	at io.netty.util.concurrent.FastThreadLocalRunnable.run(FastThreadLocalRunnable.java:30)
	at java.base/java.lang.Thread.run(Thread.java:1583)
2026-05-18 11:47:56 DEBUG [http-nio-8080-exec-3] o.s.web.servlet.DispatcherServlet - GET "/v3/api-docs/swagger-config", parameters={}
2026-05-18 11:47:56 DEBUG [http-nio-8080-exec-3] o.s.w.s.m.m.a.RequestMappingHandlerMapping - Mapped to org.springdoc.webmvc.ui.SwaggerConfigResource#openapiJson(HttpServletRequest)
2026-05-18 11:47:56 DEBUG [http-nio-8080-exec-3] o.s.w.s.m.m.a.RequestResponseBodyMethodProcessor - Using 'application/json', given [*/*] and supported [application/json]
2026-05-18 11:47:56 DEBUG [http-nio-8080-exec-3] o.s.w.s.m.m.a.RequestResponseBodyMethodProcessor - Writing [{configUrl=/v3/api-docs/swagger-config, oauth2RedirectUrl=http://localhost:8080/swagger-ui/oauth2-re (truncated)...]
2026-05-18 11:47:56 DEBUG [http-nio-8080-exec-3] o.s.web.servlet.DispatcherServlet - Completed 200 OK
2026-05-18 11:47:56 DEBUG [http-nio-8080-exec-2] o.s.web.servlet.DispatcherServlet - GET "/swagger-ui/favicon-32x32.png", parameters={}
2026-05-18 11:47:56 DEBUG [http-nio-8080-exec-2] o.s.w.s.h.SimpleUrlHandlerMapping - Mapped to ResourceHttpRequestHandler [classpath [META-INF/resources/webjars/]]
2026-05-18 11:47:56 DEBUG [http-nio-8080-exec-2] o.s.web.servlet.DispatcherServlet - Completed 200 OK
2026-05-18 11:47:57 DEBUG [http-nio-8080-exec-10] o.s.web.servlet.DispatcherServlet - GET "/v3/api-docs/Huiles", parameters={}
2026-05-18 11:47:57 DEBUG [http-nio-8080-exec-10] o.s.w.s.m.m.a.RequestMappingHandlerMapping - Mapped to org.springdoc.webmvc.api.MultipleOpenApiWebMvcResource#openapiJson(HttpServletRequest, String, String, Locale)
2026-05-18 11:47:57 INFO  [http-nio-8080-exec-10] o.s.api.AbstractOpenApiResource - Init duration for springdoc-openapi is: 782 ms
2026-05-18 11:47:57 DEBUG [http-nio-8080-exec-10] o.s.w.s.m.m.a.RequestResponseBodyMethodProcessor - Using 'application/json', given [application/json, */*] and supported [application/json]
2026-05-18 11:47:57 DEBUG [http-nio-8080-exec-10] o.s.w.s.m.m.a.RequestResponseBodyMethodProcessor - Writing [{123, 34, 111, 112, 101, 110, 97, 112, 105, 34, 58, 34, 51, 46, 48, 46, 49, 34, 44, 34, 105, 110, 10 (truncated)...]
2026-05-18 11:47:57 DEBUG [http-nio-8080-exec-10] o.s.web.servlet.DispatcherServlet - Completed 200 OK
2026-05-18 11:48:02 DEBUG [http-nio-8080-exec-7] o.s.web.servlet.DispatcherServlet - "ERROR" dispatch for POST "/error", parameters={}
2026-05-18 11:48:02 DEBUG [http-nio-8080-exec-7] o.s.w.s.m.m.a.RequestMappingHandlerMapping - Mapped to org.springframework.boot.autoconfigure.web.servlet.error.BasicErrorController#error(HttpServletRequest)
2026-05-18 11:48:02 DEBUG [http-nio-8080-exec-7] o.s.w.s.m.m.a.HttpEntityMethodProcessor - Using 'application/json', given [*/*] and supported [application/json, application/*+json]
2026-05-18 11:48:02 DEBUG [http-nio-8080-exec-7] o.s.w.s.m.m.a.HttpEntityMethodProcessor - Writing [{timestamp=Mon May 18 11:48:02 CEST 2026, status=403, error=Forbidden, path=/api/oils}]
2026-05-18 11:48:02 DEBUG [http-nio-8080-exec-7] o.s.web.servlet.DispatcherServlet - Exiting from "ERROR" dispatch, status 403
2026-05-18 11:52:18 INFO  [SpringApplicationShutdownHook] o.s.o.j.LocalContainerEntityManagerFactoryBean - Closing JPA EntityManagerFactory for persistence unit 'default'
2026-05-18 11:52:18 INFO  [SpringApplicationShutdownHook] com.zaxxer.hikari.HikariDataSource - HikariPool-1 - Shutdown initiated...
2026-05-18 11:52:18 INFO  [SpringApplicationShutdownHook] com.zaxxer.hikari.HikariDataSource - HikariPool-1 - Shutdown completed.
2026-05-18 11:52:23 INFO  [background-preinit] o.h.validator.internal.util.Version - HV000001: Hibernate Validator 8.0.1.Final
2026-05-18 11:52:23 INFO  [main] com.plants.api.ApiApplication - Starting ApiApplication using Java 21.0.11 with PID 29264 (C:\Users\kader\plants-medicinales-SaaS\target\classes started by kader in C:\Users\kader\plants-medicinales-SaaS)
2026-05-18 11:52:23 DEBUG [main] com.plants.api.ApiApplication - Running with Spring Boot v3.2.0, Spring v6.1.1
2026-05-18 11:52:23 INFO  [main] com.plants.api.ApiApplication - The following 1 profile is active: "dev"
2026-05-18 11:52:25 INFO  [main] o.s.d.r.c.RepositoryConfigurationDelegate - Multiple Spring Data modules found, entering strict repository configuration mode
2026-05-18 11:52:25 INFO  [main] o.s.d.r.c.RepositoryConfigurationDelegate - Bootstrapping Spring Data JPA repositories in DEFAULT mode.
2026-05-18 11:52:25 INFO  [main] o.s.d.r.c.RepositoryConfigurationDelegate - Finished Spring Data repository scanning in 255 ms. Found 6 JPA repository interfaces.
2026-05-18 11:52:25 INFO  [main] o.s.d.r.c.RepositoryConfigurationDelegate - Multiple Spring Data modules found, entering strict repository configuration mode
2026-05-18 11:52:25 INFO  [main] o.s.d.r.c.RepositoryConfigurationDelegate - Bootstrapping Spring Data Redis repositories in DEFAULT mode.
2026-05-18 11:52:25 INFO  [main] o.s.d.r.c.RepositoryConfigurationExtensionSupport - Spring Data Redis - Could not safely identify store assignment for repository candidate interface com.plants.api.repositories.AffiliateClickRepository; If you want this repository to be a Redis repository, consider annotating your entities with one of these annotations: org.springframework.data.redis.core.RedisHash (preferred), or consider extending one of the following types with your repository: org.springframework.data.keyvalue.repository.KeyValueRepository
2026-05-18 11:52:25 INFO  [main] o.s.d.r.c.RepositoryConfigurationExtensionSupport - Spring Data Redis - Could not safely identify store assignment for repository candidate interface com.plants.api.repositories.AffiliateProductRepository; If you want this repository to be a Redis repository, consider annotating your entities with one of these annotations: org.springframework.data.redis.core.RedisHash (preferred), or consider extending one of the following types with your repository: org.springframework.data.keyvalue.repository.KeyValueRepository
2026-05-18 11:52:25 INFO  [main] o.s.d.r.c.RepositoryConfigurationExtensionSupport - Spring Data Redis - Could not safely identify store assignment for repository candidate interface com.plants.api.repositories.ArticleRepository; If you want this repository to be a Redis repository, consider annotating your entities with one of these annotations: org.springframework.data.redis.core.RedisHash (preferred), or consider extending one of the following types with your repository: org.springframework.data.keyvalue.repository.KeyValueRepository
2026-05-18 11:52:25 INFO  [main] o.s.d.r.c.RepositoryConfigurationExtensionSupport - Spring Data Redis - Could not safely identify store assignment for repository candidate interface com.plants.api.repositories.OilRepository; If you want this repository to be a Redis repository, consider annotating your entities with one of these annotations: org.springframework.data.redis.core.RedisHash (preferred), or consider extending one of the following types with your repository: org.springframework.data.keyvalue.repository.KeyValueRepository
2026-05-18 11:52:25 INFO  [main] o.s.d.r.c.RepositoryConfigurationExtensionSupport - Spring Data Redis - Could not safely identify store assignment for repository candidate interface com.plants.api.repositories.PlantRepository; If you want this repository to be a Redis repository, consider annotating your entities with one of these annotations: org.springframework.data.redis.core.RedisHash (preferred), or consider extending one of the following types with your repository: org.springframework.data.keyvalue.repository.KeyValueRepository
2026-05-18 11:52:25 INFO  [main] o.s.d.r.c.RepositoryConfigurationExtensionSupport - Spring Data Redis - Could not safely identify store assignment for repository candidate interface com.plants.api.repositories.UserRepository; If you want this repository to be a Redis repository, consider annotating your entities with one of these annotations: org.springframework.data.redis.core.RedisHash (preferred), or consider extending one of the following types with your repository: org.springframework.data.keyvalue.repository.KeyValueRepository
2026-05-18 11:52:25 INFO  [main] o.s.d.r.c.RepositoryConfigurationDelegate - Finished Spring Data repository scanning in 7 ms. Found 0 Redis repository interfaces.
2026-05-18 11:52:27 INFO  [main] o.s.b.w.e.tomcat.TomcatWebServer - Tomcat initialized with port 8080 (http)
2026-05-18 11:52:27 INFO  [main] o.a.coyote.http11.Http11NioProtocol - Initializing ProtocolHandler ["http-nio-8080"]
2026-05-18 11:52:27 INFO  [main] o.a.catalina.core.StandardService - Starting service [Tomcat]
2026-05-18 11:52:27 INFO  [main] o.a.catalina.core.StandardEngine - Starting Servlet engine: [Apache Tomcat/10.1.16]
2026-05-18 11:52:27 INFO  [main] o.a.c.c.C.[Tomcat].[localhost].[/] - Initializing Spring embedded WebApplicationContext
2026-05-18 11:52:27 INFO  [main] o.s.b.w.s.c.ServletWebServerApplicationContext - Root WebApplicationContext: initialization completed in 3501 ms
2026-05-18 11:52:28 INFO  [main] com.zaxxer.hikari.HikariDataSource - HikariPool-1 - Starting...
2026-05-18 11:52:28 INFO  [main] com.zaxxer.hikari.pool.HikariPool - HikariPool-1 - Added connection org.postgresql.jdbc.PgConnection@7cbe3a05
2026-05-18 11:52:28 INFO  [main] com.zaxxer.hikari.HikariDataSource - HikariPool-1 - Start completed.
2026-05-18 11:52:28 INFO  [main] o.f.c.i.license.VersionPrinter - Flyway Community Edition 9.22.3 by Redgate
2026-05-18 11:52:28 INFO  [main] o.f.c.i.license.VersionPrinter - See release notes here: https://rd.gt/416ObMi
2026-05-18 11:52:28 INFO  [main] o.f.c.i.license.VersionPrinter - 
2026-05-18 11:52:28 INFO  [main] org.flywaydb.core.FlywayExecutor - Database: jdbc:postgresql://localhost:5432/api_dev (PostgreSQL 18.1)
2026-05-18 11:52:28 WARN  [main] o.f.c.i.database.base.Database - Flyway upgrade recommended: PostgreSQL 18.1 is newer than this version of Flyway and support has not been tested. The latest supported version of PostgreSQL is 15.
2026-05-18 11:52:28 INFO  [main] o.f.core.internal.command.DbValidate - Successfully validated 1 migration (execution time 00:00.023s)
2026-05-18 11:52:28 INFO  [main] o.f.core.internal.command.DbMigrate - Current version of schema "public": 1
2026-05-18 11:52:28 INFO  [main] o.f.core.internal.command.DbMigrate - Schema "public" is up to date. No migration necessary.
2026-05-18 11:52:28 INFO  [main] o.h.jpa.internal.util.LogHelper - HHH000204: Processing PersistenceUnitInfo [name: default]
2026-05-18 11:52:28 INFO  [main] org.hibernate.Version - HHH000412: Hibernate ORM core version 6.3.1.Final
2026-05-18 11:52:29 INFO  [main] o.h.c.i.RegionFactoryInitiator - HHH000026: Second-level cache disabled
2026-05-18 11:52:29 INFO  [main] o.s.o.j.p.SpringPersistenceUnitInfo - No LoadTimeWeaver setup: ignoring JPA class transformer
2026-05-18 11:52:29 WARN  [main] org.hibernate.orm.deprecation - HHH90000025: PostgreSQLDialect does not need to be specified explicitly using 'hibernate.dialect' (remove the property setting and it will be selected by default)
2026-05-18 11:52:30 INFO  [main] o.h.e.t.j.p.i.JtaPlatformInitiator - HHH000489: No JTA platform available (set 'hibernate.transaction.jta.platform' to enable JTA platform integration)
2026-05-18 11:52:31 INFO  [main] o.s.o.j.LocalContainerEntityManagerFactoryBean - Initialized JPA EntityManagerFactory for persistence unit 'default'
2026-05-18 11:52:31 DEBUG [main] c.p.a.s.JwtAuthenticationFilter - Filter 'jwtAuthenticationFilter' configured for use
2026-05-18 11:52:31 DEBUG [main] o.s.w.f.ServerHttpObservationFilter - Filter 'webMvcObservationFilter' configured for use
2026-05-18 11:52:31 DEBUG [main] c.p.api.config.RateLimitingFilter - Filter 'rateLimitingFilter' configured for use
2026-05-18 11:52:31 DEBUG [main] o.s.web.filter.CorsFilter - Filter 'corsFilter' configured for use
2026-05-18 11:52:31 INFO  [main] o.s.d.j.r.query.QueryEnhancerFactory - Hibernate is in classpath; If applicable, HQL parser will be used.
2026-05-18 11:52:33 WARN  [main] o.s.b.a.o.j.JpaBaseConfiguration$JpaWebConfiguration - spring.jpa.open-in-view is enabled by default. Therefore, database queries may be performed during view rendering. Explicitly configure spring.jpa.open-in-view to disable this warning
2026-05-18 11:52:33 DEBUG [main] o.s.w.s.m.m.a.RequestMappingHandlerMapping - 58 mappings in 'requestMappingHandlerMapping'
2026-05-18 11:52:33 DEBUG [main] o.s.w.s.h.SimpleUrlHandlerMapping - Patterns [/swagger-ui*/*swagger-initializer.js, /swagger-ui*/**] in 'resourceHandlerMapping'
2026-05-18 11:52:33 DEBUG [main] o.s.w.s.m.m.a.RequestMappingHandlerAdapter - ControllerAdvice beans: 0 @ModelAttribute, 0 @InitBinder, 1 RequestBodyAdvice, 1 ResponseBodyAdvice
2026-05-18 11:52:33 DEBUG [main] o.s.w.s.m.m.a.ExceptionHandlerExceptionResolver - ControllerAdvice beans: 2 @ExceptionHandler, 1 ResponseBodyAdvice
2026-05-18 11:52:33 INFO  [main] o.s.s.web.DefaultSecurityFilterChain - Will secure any request with [org.springframework.security.web.session.DisableEncodeUrlFilter@729cb7b, org.springframework.security.web.context.request.async.WebAsyncManagerIntegrationFilter@9bd7c1, org.springframework.security.web.context.SecurityContextHolderFilter@35f9c37c, org.springframework.security.web.header.HeaderWriterFilter@7df468f6, org.springframework.security.web.csrf.CsrfFilter@198ad9e0, org.springframework.security.web.authentication.logout.LogoutFilter@54e8f10a, org.springframework.security.web.savedrequest.RequestCacheAwareFilter@4e365c33, org.springframework.security.web.servletapi.SecurityContextHolderAwareRequestFilter@11d59d0, org.springframework.security.web.authentication.AnonymousAuthenticationFilter@6028b018, org.springframework.security.web.access.ExceptionTranslationFilter@faa592b]
2026-05-18 11:52:33 INFO  [main] o.s.b.a.e.web.EndpointLinksResolver - Exposing 1 endpoint(s) beneath base path '/actuator'
2026-05-18 11:52:33 INFO  [main] o.s.s.web.DefaultSecurityFilterChain - Will secure any request with [org.springframework.security.web.session.DisableEncodeUrlFilter@f532961, org.springframework.security.web.context.request.async.WebAsyncManagerIntegrationFilter@4a9d481b, org.springframework.security.web.context.SecurityContextHolderFilter@1c22aae1, org.springframework.security.web.header.HeaderWriterFilter@12d658c0, org.springframework.web.filter.CorsFilter@129e6f3a, org.springframework.security.web.authentication.logout.LogoutFilter@332c3e71, com.plants.api.security.JwtAuthenticationFilter@7a2d676e, org.springframework.security.web.savedrequest.RequestCacheAwareFilter@9129682, org.springframework.security.web.servletapi.SecurityContextHolderAwareRequestFilter@58cce034, org.springframework.security.web.authentication.AnonymousAuthenticationFilter@4f1179e7, org.springframework.security.web.session.SessionManagementFilter@c49bc5, org.springframework.security.web.access.ExceptionTranslationFilter@2f2be537, org.springframework.security.web.access.intercept.AuthorizationFilter@1235abb2]
2026-05-18 11:52:35 INFO  [main] o.a.coyote.http11.Http11NioProtocol - Starting ProtocolHandler ["http-nio-8080"]
2026-05-18 11:52:35 INFO  [main] o.s.b.w.e.tomcat.TomcatWebServer - Tomcat started on port 8080 (http) with context path ''
2026-05-18 11:52:35 INFO  [main] com.plants.api.ApiApplication - Started ApiApplication in 12.12 seconds (process running for 13.557)
2026-05-18 11:52:35 INFO  [RMI TCP Connection(1)-192.168.1.118] o.a.c.c.C.[Tomcat].[localhost].[/] - Initializing Spring DispatcherServlet 'dispatcherServlet'
2026-05-18 11:52:35 INFO  [RMI TCP Connection(1)-192.168.1.118] o.s.web.servlet.DispatcherServlet - Initializing Servlet 'dispatcherServlet'
2026-05-18 11:52:35 DEBUG [RMI TCP Connection(1)-192.168.1.118] o.s.web.servlet.DispatcherServlet - Detected StandardServletMultipartResolver
2026-05-18 11:52:35 DEBUG [RMI TCP Connection(1)-192.168.1.118] o.s.web.servlet.DispatcherServlet - Detected AcceptHeaderLocaleResolver
2026-05-18 11:52:35 DEBUG [RMI TCP Connection(1)-192.168.1.118] o.s.web.servlet.DispatcherServlet - Detected FixedThemeResolver
2026-05-18 11:52:35 DEBUG [RMI TCP Connection(1)-192.168.1.118] o.s.web.servlet.DispatcherServlet - Detected org.springframework.web.servlet.view.DefaultRequestToViewNameTranslator@7b054614
2026-05-18 11:52:35 DEBUG [RMI TCP Connection(1)-192.168.1.118] o.s.web.servlet.DispatcherServlet - Detected org.springframework.web.servlet.support.SessionFlashMapManager@40f2ae53
2026-05-18 11:52:35 DEBUG [RMI TCP Connection(1)-192.168.1.118] o.s.web.servlet.DispatcherServlet - enableLoggingRequestDetails='false': request parameters and headers will be masked to prevent unsafe logging of potentially sensitive data
2026-05-18 11:52:35 INFO  [RMI TCP Connection(1)-192.168.1.118] o.s.web.servlet.DispatcherServlet - Completed initialization in 16 ms
2026-05-18 11:52:36 WARN  [boundedElastic-1] o.s.b.a.d.r.RedisReactiveHealthIndicator - Redis health check failed
org.springframework.data.redis.RedisConnectionFailureException: Unable to connect to Redis
	at org.springframework.data.redis.connection.lettuce.LettuceConnectionFactory$ExceptionTranslatingConnectionProvider.translateException(LettuceConnectionFactory.java:1805)
	at org.springframework.data.redis.connection.lettuce.LettuceConnectionFactory$ExceptionTranslatingConnectionProvider.getConnection(LettuceConnectionFactory.java:1736)
	at org.springframework.data.redis.connection.lettuce.LettuceConnectionFactory$SharedConnection.getNativeConnection(LettuceConnectionFactory.java:1538)
	at org.springframework.data.redis.connection.lettuce.LettuceConnectionFactory$SharedConnection.lambda$getConnection$0(LettuceConnectionFactory.java:1518)
	at org.springframework.data.redis.connection.lettuce.LettuceConnectionFactory.doInLock(LettuceConnectionFactory.java:1478)
	at org.springframework.data.redis.connection.lettuce.LettuceConnectionFactory$SharedConnection.getConnection(LettuceConnectionFactory.java:1515)
	at org.springframework.data.redis.connection.lettuce.LettuceConnectionFactory.getSharedReactiveConnection(LettuceConnectionFactory.java:1224)
	at org.springframework.data.redis.connection.lettuce.LettuceConnectionFactory.getReactiveConnection(LettuceConnectionFactory.java:1099)
	at org.springframework.data.redis.connection.lettuce.LettuceConnectionFactory.getReactiveConnection(LettuceConnectionFactory.java:130)
	at reactor.core.publisher.MonoSupplier.call(MonoSupplier.java:67)
	at reactor.core.publisher.FluxSubscribeOnCallable$CallableSubscribeOnSubscription.run(FluxSubscribeOnCallable.java:228)
	at reactor.core.scheduler.SchedulerTask.call(SchedulerTask.java:68)
	at reactor.core.scheduler.SchedulerTask.call(SchedulerTask.java:28)
	at java.base/java.util.concurrent.FutureTask.run(FutureTask.java:317)
	at java.base/java.util.concurrent.ScheduledThreadPoolExecutor$ScheduledFutureTask.run(ScheduledThreadPoolExecutor.java:304)
	at java.base/java.util.concurrent.ThreadPoolExecutor.runWorker(ThreadPoolExecutor.java:1144)
	at java.base/java.util.concurrent.ThreadPoolExecutor$Worker.run(ThreadPoolExecutor.java:642)
	at java.base/java.lang.Thread.run(Thread.java:1583)
Caused by: io.lettuce.core.RedisConnectionException: Unable to connect to localhost/<unresolved>:6379
	at io.lettuce.core.RedisConnectionException.create(RedisConnectionException.java:78)
	at io.lettuce.core.RedisConnectionException.create(RedisConnectionException.java:56)
	at io.lettuce.core.AbstractRedisClient.getConnection(AbstractRedisClient.java:350)
	at io.lettuce.core.RedisClient.connect(RedisClient.java:215)
	at org.springframework.data.redis.connection.lettuce.StandaloneConnectionProvider.lambda$getConnection$1(StandaloneConnectionProvider.java:112)
	at java.base/java.util.Optional.orElseGet(Optional.java:364)
	at org.springframework.data.redis.connection.lettuce.StandaloneConnectionProvider.getConnection(StandaloneConnectionProvider.java:112)
	at org.springframework.data.redis.connection.lettuce.LettuceConnectionFactory$ExceptionTranslatingConnectionProvider.getConnection(LettuceConnectionFactory.java:1734)
	... 16 common frames omitted
Caused by: io.netty.channel.AbstractChannel$AnnotatedConnectException: Connection refused: getsockopt: localhost/127.0.0.1:6379
Caused by: java.net.ConnectException: Connection refused: getsockopt
	at java.base/sun.nio.ch.Net.pollConnect(Native Method)
	at java.base/sun.nio.ch.Net.pollConnectNow(Net.java:694)
	at java.base/sun.nio.ch.SocketChannelImpl.finishConnect(SocketChannelImpl.java:973)
	at io.netty.channel.socket.nio.NioSocketChannel.doFinishConnect(NioSocketChannel.java:337)
	at io.netty.channel.nio.AbstractNioChannel$AbstractNioUnsafe.finishConnect(AbstractNioChannel.java:334)
	at io.netty.channel.nio.NioEventLoop.processSelectedKey(NioEventLoop.java:776)
	at io.netty.channel.nio.NioEventLoop.processSelectedKeysOptimized(NioEventLoop.java:724)
	at io.netty.channel.nio.NioEventLoop.processSelectedKeys(NioEventLoop.java:650)
	at io.netty.channel.nio.NioEventLoop.run(NioEventLoop.java:562)
	at io.netty.util.concurrent.SingleThreadEventExecutor$4.run(SingleThreadEventExecutor.java:997)
	at io.netty.util.internal.ThreadExecutorMap$2.run(ThreadExecutorMap.java:74)
	at io.netty.util.concurrent.FastThreadLocalRunnable.run(FastThreadLocalRunnable.java:30)
	at java.base/java.lang.Thread.run(Thread.java:1583)
2026-05-18 11:53:20 INFO  [SpringApplicationShutdownHook] o.s.o.j.LocalContainerEntityManagerFactoryBean - Closing JPA EntityManagerFactory for persistence unit 'default'
2026-05-18 11:53:20 INFO  [SpringApplicationShutdownHook] com.zaxxer.hikari.HikariDataSource - HikariPool-1 - Shutdown initiated...
2026-05-18 11:53:20 INFO  [SpringApplicationShutdownHook] com.zaxxer.hikari.HikariDataSource - HikariPool-1 - Shutdown completed.
2026-05-18 11:53:33 INFO  [background-preinit] o.h.validator.internal.util.Version - HV000001: Hibernate Validator 8.0.1.Final
2026-05-18 11:53:34 INFO  [main] com.plants.api.ApiApplication - Starting ApiApplication using Java 21.0.11 with PID 26416 (C:\Users\kader\plants-medicinales-SaaS\target\classes started by kader in C:\Users\kader\plants-medicinales-SaaS)
2026-05-18 11:53:34 DEBUG [main] com.plants.api.ApiApplication - Running with Spring Boot v3.2.0, Spring v6.1.1
2026-05-18 11:53:34 INFO  [main] com.plants.api.ApiApplication - The following 1 profile is active: "dev"
2026-05-18 11:53:37 INFO  [main] o.s.d.r.c.RepositoryConfigurationDelegate - Multiple Spring Data modules found, entering strict repository configuration mode
2026-05-18 11:53:37 INFO  [main] o.s.d.r.c.RepositoryConfigurationDelegate - Bootstrapping Spring Data JPA repositories in DEFAULT mode.
2026-05-18 11:53:37 INFO  [main] o.s.d.r.c.RepositoryConfigurationDelegate - Finished Spring Data repository scanning in 261 ms. Found 6 JPA repository interfaces.
2026-05-18 11:53:37 INFO  [main] o.s.d.r.c.RepositoryConfigurationDelegate - Multiple Spring Data modules found, entering strict repository configuration mode
2026-05-18 11:53:37 INFO  [main] o.s.d.r.c.RepositoryConfigurationDelegate - Bootstrapping Spring Data Redis repositories in DEFAULT mode.
2026-05-18 11:53:37 INFO  [main] o.s.d.r.c.RepositoryConfigurationExtensionSupport - Spring Data Redis - Could not safely identify store assignment for repository candidate interface com.plants.api.repositories.AffiliateClickRepository; If you want this repository to be a Redis repository, consider annotating your entities with one of these annotations: org.springframework.data.redis.core.RedisHash (preferred), or consider extending one of the following types with your repository: org.springframework.data.keyvalue.repository.KeyValueRepository
2026-05-18 11:53:37 INFO  [main] o.s.d.r.c.RepositoryConfigurationExtensionSupport - Spring Data Redis - Could not safely identify store assignment for repository candidate interface com.plants.api.repositories.AffiliateProductRepository; If you want this repository to be a Redis repository, consider annotating your entities with one of these annotations: org.springframework.data.redis.core.RedisHash (preferred), or consider extending one of the following types with your repository: org.springframework.data.keyvalue.repository.KeyValueRepository
2026-05-18 11:53:37 INFO  [main] o.s.d.r.c.RepositoryConfigurationExtensionSupport - Spring Data Redis - Could not safely identify store assignment for repository candidate interface com.plants.api.repositories.ArticleRepository; If you want this repository to be a Redis repository, consider annotating your entities with one of these annotations: org.springframework.data.redis.core.RedisHash (preferred), or consider extending one of the following types with your repository: org.springframework.data.keyvalue.repository.KeyValueRepository
2026-05-18 11:53:37 INFO  [main] o.s.d.r.c.RepositoryConfigurationExtensionSupport - Spring Data Redis - Could not safely identify store assignment for repository candidate interface com.plants.api.repositories.OilRepository; If you want this repository to be a Redis repository, consider annotating your entities with one of these annotations: org.springframework.data.redis.core.RedisHash (preferred), or consider extending one of the following types with your repository: org.springframework.data.keyvalue.repository.KeyValueRepository
2026-05-18 11:53:37 INFO  [main] o.s.d.r.c.RepositoryConfigurationExtensionSupport - Spring Data Redis - Could not safely identify store assignment for repository candidate interface com.plants.api.repositories.PlantRepository; If you want this repository to be a Redis repository, consider annotating your entities with one of these annotations: org.springframework.data.redis.core.RedisHash (preferred), or consider extending one of the following types with your repository: org.springframework.data.keyvalue.repository.KeyValueRepository
2026-05-18 11:53:37 INFO  [main] o.s.d.r.c.RepositoryConfigurationExtensionSupport - Spring Data Redis - Could not safely identify store assignment for repository candidate interface com.plants.api.repositories.UserRepository; If you want this repository to be a Redis repository, consider annotating your entities with one of these annotations: org.springframework.data.redis.core.RedisHash (preferred), or consider extending one of the following types with your repository: org.springframework.data.keyvalue.repository.KeyValueRepository
2026-05-18 11:53:37 INFO  [main] o.s.d.r.c.RepositoryConfigurationDelegate - Finished Spring Data repository scanning in 14 ms. Found 0 Redis repository interfaces.
2026-05-18 11:53:39 INFO  [main] o.s.b.w.e.tomcat.TomcatWebServer - Tomcat initialized with port 8080 (http)
2026-05-18 11:53:39 INFO  [main] o.a.coyote.http11.Http11NioProtocol - Initializing ProtocolHandler ["http-nio-8080"]
2026-05-18 11:53:39 INFO  [main] o.a.catalina.core.StandardService - Starting service [Tomcat]
2026-05-18 11:53:39 INFO  [main] o.a.catalina.core.StandardEngine - Starting Servlet engine: [Apache Tomcat/10.1.16]
2026-05-18 11:53:39 INFO  [main] o.a.c.c.C.[Tomcat].[localhost].[/] - Initializing Spring embedded WebApplicationContext
2026-05-18 11:53:39 INFO  [main] o.s.b.w.s.c.ServletWebServerApplicationContext - Root WebApplicationContext: initialization completed in 5010 ms
2026-05-18 11:53:39 INFO  [main] com.zaxxer.hikari.HikariDataSource - HikariPool-1 - Starting...
2026-05-18 11:53:40 INFO  [main] com.zaxxer.hikari.pool.HikariPool - HikariPool-1 - Added connection org.postgresql.jdbc.PgConnection@4a0c512b
2026-05-18 11:53:40 INFO  [main] com.zaxxer.hikari.HikariDataSource - HikariPool-1 - Start completed.
2026-05-18 11:53:40 INFO  [main] o.f.c.i.license.VersionPrinter - Flyway Community Edition 9.22.3 by Redgate
2026-05-18 11:53:40 INFO  [main] o.f.c.i.license.VersionPrinter - See release notes here: https://rd.gt/416ObMi
2026-05-18 11:53:40 INFO  [main] o.f.c.i.license.VersionPrinter - 
2026-05-18 11:53:40 INFO  [main] org.flywaydb.core.FlywayExecutor - Database: jdbc:postgresql://localhost:5432/api_dev (PostgreSQL 18.1)
2026-05-18 11:53:40 WARN  [main] o.f.c.i.database.base.Database - Flyway upgrade recommended: PostgreSQL 18.1 is newer than this version of Flyway and support has not been tested. The latest supported version of PostgreSQL is 15.
2026-05-18 11:53:40 INFO  [main] o.f.core.internal.command.DbValidate - Successfully validated 1 migration (execution time 00:00.050s)
2026-05-18 11:53:40 INFO  [main] o.f.core.internal.command.DbMigrate - Current version of schema "public": 1
2026-05-18 11:53:40 INFO  [main] o.f.core.internal.command.DbMigrate - Schema "public" is up to date. No migration necessary.
2026-05-18 11:53:40 INFO  [main] o.h.jpa.internal.util.LogHelper - HHH000204: Processing PersistenceUnitInfo [name: default]
2026-05-18 11:53:40 INFO  [main] org.hibernate.Version - HHH000412: Hibernate ORM core version 6.3.1.Final
2026-05-18 11:53:40 INFO  [main] o.h.c.i.RegionFactoryInitiator - HHH000026: Second-level cache disabled
2026-05-18 11:53:41 INFO  [main] o.s.o.j.p.SpringPersistenceUnitInfo - No LoadTimeWeaver setup: ignoring JPA class transformer
2026-05-18 11:53:41 WARN  [main] org.hibernate.orm.deprecation - HHH90000025: PostgreSQLDialect does not need to be specified explicitly using 'hibernate.dialect' (remove the property setting and it will be selected by default)
2026-05-18 11:53:43 INFO  [main] o.h.e.t.j.p.i.JtaPlatformInitiator - HHH000489: No JTA platform available (set 'hibernate.transaction.jta.platform' to enable JTA platform integration)
2026-05-18 11:53:43 INFO  [main] o.s.o.j.LocalContainerEntityManagerFactoryBean - Initialized JPA EntityManagerFactory for persistence unit 'default'
2026-05-18 11:53:44 DEBUG [main] c.p.a.s.JwtAuthenticationFilter - Filter 'jwtAuthenticationFilter' configured for use
2026-05-18 11:53:44 DEBUG [main] o.s.w.f.ServerHttpObservationFilter - Filter 'webMvcObservationFilter' configured for use
2026-05-18 11:53:44 DEBUG [main] c.p.api.config.RateLimitingFilter - Filter 'rateLimitingFilter' configured for use
2026-05-18 11:53:44 DEBUG [main] o.s.web.filter.CorsFilter - Filter 'corsFilter' configured for use
2026-05-18 11:53:44 INFO  [main] o.s.d.j.r.query.QueryEnhancerFactory - Hibernate is in classpath; If applicable, HQL parser will be used.
2026-05-18 11:53:46 WARN  [main] o.s.b.a.o.j.JpaBaseConfiguration$JpaWebConfiguration - spring.jpa.open-in-view is enabled by default. Therefore, database queries may be performed during view rendering. Explicitly configure spring.jpa.open-in-view to disable this warning
2026-05-18 11:53:46 DEBUG [main] o.s.w.s.m.m.a.RequestMappingHandlerMapping - 58 mappings in 'requestMappingHandlerMapping'
2026-05-18 11:53:46 DEBUG [main] o.s.w.s.h.SimpleUrlHandlerMapping - Patterns [/swagger-ui*/*swagger-initializer.js, /swagger-ui*/**] in 'resourceHandlerMapping'
2026-05-18 11:53:46 DEBUG [main] o.s.w.s.m.m.a.RequestMappingHandlerAdapter - ControllerAdvice beans: 0 @ModelAttribute, 0 @InitBinder, 1 RequestBodyAdvice, 1 ResponseBodyAdvice
2026-05-18 11:53:47 DEBUG [main] o.s.w.s.m.m.a.ExceptionHandlerExceptionResolver - ControllerAdvice beans: 2 @ExceptionHandler, 1 ResponseBodyAdvice
2026-05-18 11:53:47 INFO  [main] o.s.s.web.DefaultSecurityFilterChain - Will secure any request with [org.springframework.security.web.session.DisableEncodeUrlFilter@5ae93815, org.springframework.security.web.context.request.async.WebAsyncManagerIntegrationFilter@4a100df, org.springframework.security.web.context.SecurityContextHolderFilter@644acaff, org.springframework.security.web.header.HeaderWriterFilter@347c6044, org.springframework.security.web.csrf.CsrfFilter@6028b018, org.springframework.security.web.authentication.logout.LogoutFilter@3c288a4e, org.springframework.security.web.savedrequest.RequestCacheAwareFilter@769fbb26, org.springframework.security.web.servletapi.SecurityContextHolderAwareRequestFilter@4ee127c6, org.springframework.security.web.authentication.AnonymousAuthenticationFilter@107a0e6c, org.springframework.security.web.access.ExceptionTranslationFilter@11f8bff1]
2026-05-18 11:53:47 INFO  [main] o.s.b.a.e.web.EndpointLinksResolver - Exposing 1 endpoint(s) beneath base path '/actuator'
2026-05-18 11:53:47 INFO  [main] o.s.s.web.DefaultSecurityFilterChain - Will secure any request with [org.springframework.security.web.session.DisableEncodeUrlFilter@40edb274, org.springframework.security.web.context.request.async.WebAsyncManagerIntegrationFilter@59b02d8e, org.springframework.security.web.context.SecurityContextHolderFilter@3aaa8361, org.springframework.security.web.header.HeaderWriterFilter@529e1192, org.springframework.web.filter.CorsFilter@58f6f3e8, org.springframework.security.web.authentication.logout.LogoutFilter@6b4848d9, com.plants.api.security.JwtAuthenticationFilter@73c25e8, org.springframework.security.web.savedrequest.RequestCacheAwareFilter@4063af6, org.springframework.security.web.servletapi.SecurityContextHolderAwareRequestFilter@4b8816f7, org.springframework.security.web.authentication.AnonymousAuthenticationFilter@3ac3cae8, org.springframework.security.web.session.SessionManagementFilter@20ea933f, org.springframework.security.web.access.ExceptionTranslationFilter@533d1f8c, org.springframework.security.web.access.intercept.AuthorizationFilter@4f0c396a]
2026-05-18 11:53:48 INFO  [main] o.a.coyote.http11.Http11NioProtocol - Starting ProtocolHandler ["http-nio-8080"]
2026-05-18 11:53:48 INFO  [main] o.s.b.w.e.tomcat.TomcatWebServer - Tomcat started on port 8080 (http) with context path ''
2026-05-18 11:53:48 INFO  [main] com.plants.api.ApiApplication - Started ApiApplication in 16.677 seconds (process running for 19.483)
2026-05-18 11:53:59 INFO  [http-nio-8080-exec-1] o.a.c.c.C.[Tomcat].[localhost].[/] - Initializing Spring DispatcherServlet 'dispatcherServlet'
2026-05-18 11:53:59 INFO  [http-nio-8080-exec-1] o.s.web.servlet.DispatcherServlet - Initializing Servlet 'dispatcherServlet'
2026-05-18 11:53:59 DEBUG [http-nio-8080-exec-1] o.s.web.servlet.DispatcherServlet - Detected StandardServletMultipartResolver
2026-05-18 11:53:59 DEBUG [http-nio-8080-exec-1] o.s.web.servlet.DispatcherServlet - Detected AcceptHeaderLocaleResolver
2026-05-18 11:53:59 DEBUG [http-nio-8080-exec-1] o.s.web.servlet.DispatcherServlet - Detected FixedThemeResolver
2026-05-18 11:53:59 DEBUG [http-nio-8080-exec-1] o.s.web.servlet.DispatcherServlet - Detected org.springframework.web.servlet.view.DefaultRequestToViewNameTranslator@1bb86f8d
2026-05-18 11:53:59 DEBUG [http-nio-8080-exec-1] o.s.web.servlet.DispatcherServlet - Detected org.springframework.web.servlet.support.SessionFlashMapManager@79ed43f8
2026-05-18 11:53:59 DEBUG [http-nio-8080-exec-1] o.s.web.servlet.DispatcherServlet - enableLoggingRequestDetails='false': request parameters and headers will be masked to prevent unsafe logging of potentially sensitive data
2026-05-18 11:53:59 INFO  [http-nio-8080-exec-1] o.s.web.servlet.DispatcherServlet - Completed initialization in 4 ms
2026-05-18 11:54:00 DEBUG [http-nio-8080-exec-1] o.s.web.servlet.DispatcherServlet - GET "/swagger-ui/index.html?urls.primaryName=Huiles", parameters={masked}
2026-05-18 11:54:00 DEBUG [http-nio-8080-exec-1] o.s.w.s.h.SimpleUrlHandlerMapping - Mapped to ResourceHttpRequestHandler [classpath [META-INF/resources/webjars/]]
2026-05-18 11:54:00 DEBUG [http-nio-8080-exec-1] o.s.web.servlet.DispatcherServlet - Completed 200 OK
2026-05-18 11:54:00 DEBUG [http-nio-8080-exec-2] o.s.web.servlet.DispatcherServlet - GET "/swagger-ui/swagger-ui.css", parameters={}
2026-05-18 11:54:00 DEBUG [http-nio-8080-exec-2] o.s.w.s.h.SimpleUrlHandlerMapping - Mapped to ResourceHttpRequestHandler [classpath [META-INF/resources/webjars/]]
2026-05-18 11:54:00 DEBUG [http-nio-8080-exec-4] o.s.web.servlet.DispatcherServlet - GET "/swagger-ui/index.css", parameters={}
2026-05-18 11:54:00 DEBUG [http-nio-8080-exec-5] o.s.web.servlet.DispatcherServlet - GET "/swagger-ui/swagger-ui-standalone-preset.js", parameters={}
2026-05-18 11:54:00 DEBUG [http-nio-8080-exec-3] o.s.web.servlet.DispatcherServlet - GET "/swagger-ui/swagger-ui-bundle.js", parameters={}
2026-05-18 11:54:00 DEBUG [http-nio-8080-exec-5] o.s.w.s.h.SimpleUrlHandlerMapping - Mapped to ResourceHttpRequestHandler [classpath [META-INF/resources/webjars/]]
2026-05-18 11:54:00 DEBUG [http-nio-8080-exec-3] o.s.w.s.h.SimpleUrlHandlerMapping - Mapped to ResourceHttpRequestHandler [classpath [META-INF/resources/webjars/]]
2026-05-18 11:54:00 DEBUG [http-nio-8080-exec-4] o.s.w.s.h.SimpleUrlHandlerMapping - Mapped to ResourceHttpRequestHandler [classpath [META-INF/resources/webjars/]]
2026-05-18 11:54:00 DEBUG [http-nio-8080-exec-7] o.s.web.servlet.DispatcherServlet - GET "/swagger-ui/swagger-initializer.js", parameters={}
2026-05-18 11:54:00 DEBUG [http-nio-8080-exec-4] o.s.web.servlet.DispatcherServlet - Completed 200 OK
2026-05-18 11:54:00 DEBUG [http-nio-8080-exec-7] o.s.w.s.h.SimpleUrlHandlerMapping - Mapped to ResourceHttpRequestHandler [classpath [META-INF/resources/webjars/]]
2026-05-18 11:54:00 DEBUG [http-nio-8080-exec-2] o.s.web.servlet.DispatcherServlet - Completed 200 OK
2026-05-18 11:54:00 DEBUG [http-nio-8080-exec-5] o.s.web.servlet.DispatcherServlet - Completed 200 OK
2026-05-18 11:54:00 DEBUG [http-nio-8080-exec-3] o.s.web.servlet.DispatcherServlet - Completed 200 OK
2026-05-18 11:54:00 DEBUG [http-nio-8080-exec-7] o.s.web.servlet.DispatcherServlet - Completed 200 OK
2026-05-18 11:54:00 DEBUG [http-nio-8080-exec-6] o.s.web.servlet.DispatcherServlet - GET "/swagger-ui/swagger-ui-standalone-preset.js", parameters={}
2026-05-18 11:54:00 DEBUG [http-nio-8080-exec-6] o.s.w.s.h.SimpleUrlHandlerMapping - Mapped to ResourceHttpRequestHandler [classpath [META-INF/resources/webjars/]]
2026-05-18 11:54:00 DEBUG [http-nio-8080-exec-9] o.s.web.servlet.DispatcherServlet - GET "/swagger-ui/swagger-initializer.js", parameters={}
2026-05-18 11:54:00 DEBUG [http-nio-8080-exec-8] o.s.web.servlet.DispatcherServlet - GET "/swagger-ui/swagger-ui-bundle.js", parameters={}
2026-05-18 11:54:00 DEBUG [http-nio-8080-exec-9] o.s.w.s.h.SimpleUrlHandlerMapping - Mapped to ResourceHttpRequestHandler [classpath [META-INF/resources/webjars/]]
2026-05-18 11:54:00 DEBUG [http-nio-8080-exec-8] o.s.w.s.h.SimpleUrlHandlerMapping - Mapped to ResourceHttpRequestHandler [classpath [META-INF/resources/webjars/]]
2026-05-18 11:54:00 DEBUG [http-nio-8080-exec-9] o.s.web.servlet.DispatcherServlet - Completed 200 OK
2026-05-18 11:54:00 DEBUG [http-nio-8080-exec-6] o.s.web.servlet.DispatcherServlet - Completed 200 OK
2026-05-18 11:54:00 DEBUG [http-nio-8080-exec-8] o.s.web.servlet.DispatcherServlet - Completed 200 OK
2026-05-18 11:54:01 DEBUG [http-nio-8080-exec-10] o.s.web.servlet.DispatcherServlet - GET "/v3/api-docs/swagger-config", parameters={}
2026-05-18 11:54:01 DEBUG [http-nio-8080-exec-10] o.s.w.s.m.m.a.RequestMappingHandlerMapping - Mapped to org.springdoc.webmvc.ui.SwaggerConfigResource#openapiJson(HttpServletRequest)
2026-05-18 11:54:01 DEBUG [http-nio-8080-exec-1] o.s.web.servlet.DispatcherServlet - GET "/swagger-ui/favicon-32x32.png", parameters={}
2026-05-18 11:54:01 DEBUG [http-nio-8080-exec-1] o.s.w.s.h.SimpleUrlHandlerMapping - Mapped to ResourceHttpRequestHandler [classpath [META-INF/resources/webjars/]]
2026-05-18 11:54:01 DEBUG [http-nio-8080-exec-1] o.s.web.servlet.DispatcherServlet - Completed 200 OK
2026-05-18 11:54:01 DEBUG [http-nio-8080-exec-10] o.s.w.s.m.m.a.RequestResponseBodyMethodProcessor - Using 'application/json', given [*/*] and supported [application/json]
2026-05-18 11:54:01 DEBUG [http-nio-8080-exec-10] o.s.w.s.m.m.a.RequestResponseBodyMethodProcessor - Writing [{configUrl=/v3/api-docs/swagger-config, oauth2RedirectUrl=http://localhost:8080/swagger-ui/oauth2-re (truncated)...]
2026-05-18 11:54:01 DEBUG [http-nio-8080-exec-10] o.s.web.servlet.DispatcherServlet - Completed 200 OK
2026-05-18 11:54:01 DEBUG [http-nio-8080-exec-4] o.s.web.servlet.DispatcherServlet - GET "/v3/api-docs/Huiles", parameters={}
2026-05-18 11:54:01 DEBUG [http-nio-8080-exec-4] o.s.w.s.m.m.a.RequestMappingHandlerMapping - Mapped to org.springdoc.webmvc.api.MultipleOpenApiWebMvcResource#openapiJson(HttpServletRequest, String, String, Locale)
2026-05-18 11:54:02 INFO  [http-nio-8080-exec-4] o.s.api.AbstractOpenApiResource - Init duration for springdoc-openapi is: 562 ms
2026-05-18 11:54:02 DEBUG [http-nio-8080-exec-4] o.s.w.s.m.m.a.RequestResponseBodyMethodProcessor - Using 'application/json', given [application/json, */*] and supported [application/json]
2026-05-18 11:54:02 DEBUG [http-nio-8080-exec-4] o.s.w.s.m.m.a.RequestResponseBodyMethodProcessor - Writing [{123, 34, 111, 112, 101, 110, 97, 112, 105, 34, 58, 34, 51, 46, 48, 46, 49, 34, 44, 34, 105, 110, 10 (truncated)...]
2026-05-18 11:54:02 DEBUG [http-nio-8080-exec-4] o.s.web.servlet.DispatcherServlet - Completed 200 OK
2026-05-18 11:54:08 DEBUG [http-nio-8080-exec-2] o.s.web.servlet.DispatcherServlet - GET "/v3/api-docs/Authentification", parameters={}
2026-05-18 11:54:08 DEBUG [http-nio-8080-exec-2] o.s.w.s.m.m.a.RequestMappingHandlerMapping - Mapped to org.springdoc.webmvc.api.MultipleOpenApiWebMvcResource#openapiJson(HttpServletRequest, String, String, Locale)
2026-05-18 11:54:08 INFO  [http-nio-8080-exec-2] o.s.api.AbstractOpenApiResource - Init duration for springdoc-openapi is: 130 ms
2026-05-18 11:54:08 DEBUG [http-nio-8080-exec-2] o.s.w.s.m.m.a.RequestResponseBodyMethodProcessor - Using 'application/json', given [application/json, */*] and supported [application/json]
2026-05-18 11:54:08 DEBUG [http-nio-8080-exec-2] o.s.w.s.m.m.a.RequestResponseBodyMethodProcessor - Writing [{123, 34, 111, 112, 101, 110, 97, 112, 105, 34, 58, 34, 51, 46, 48, 46, 49, 34, 44, 34, 105, 110, 10 (truncated)...]
2026-05-18 11:54:08 DEBUG [http-nio-8080-exec-2] o.s.web.servlet.DispatcherServlet - Completed 200 OK
2026-05-18 11:54:31 DEBUG [http-nio-8080-exec-5] o.s.web.servlet.DispatcherServlet - "ERROR" dispatch for POST "/error", parameters={}
2026-05-18 11:54:31 DEBUG [http-nio-8080-exec-5] o.s.w.s.m.m.a.RequestMappingHandlerMapping - Mapped to org.springframework.boot.autoconfigure.web.servlet.error.BasicErrorController#error(HttpServletRequest)
2026-05-18 11:54:31 DEBUG [http-nio-8080-exec-5] o.s.w.s.m.m.a.HttpEntityMethodProcessor - Using 'application/json', given [*/*] and supported [application/json, application/*+json]
2026-05-18 11:54:31 DEBUG [http-nio-8080-exec-5] o.s.w.s.m.m.a.HttpEntityMethodProcessor - Writing [{timestamp=Mon May 18 11:54:31 CEST 2026, status=403, error=Forbidden, path=/api/auth/register}]
2026-05-18 11:54:31 DEBUG [http-nio-8080-exec-5] o.s.web.servlet.DispatcherServlet - Exiting from "ERROR" dispatch, status 403
2026-05-18 11:58:17 INFO  [SpringApplicationShutdownHook] o.s.o.j.LocalContainerEntityManagerFactoryBean - Closing JPA EntityManagerFactory for persistence unit 'default'
2026-05-18 11:58:17 INFO  [SpringApplicationShutdownHook] com.zaxxer.hikari.HikariDataSource - HikariPool-1 - Shutdown initiated...
2026-05-18 11:58:17 INFO  [SpringApplicationShutdownHook] com.zaxxer.hikari.HikariDataSource - HikariPool-1 - Shutdown completed.
2026-05-18 11:58:23 INFO  [background-preinit] o.h.validator.internal.util.Version - HV000001: Hibernate Validator 8.0.1.Final
2026-05-18 11:58:23 INFO  [main] com.plants.api.ApiApplication - Starting ApiApplication using Java 21.0.11 with PID 23048 (C:\Users\kader\plants-medicinales-SaaS\target\classes started by kader in C:\Users\kader\plants-medicinales-SaaS)
2026-05-18 11:58:23 DEBUG [main] com.plants.api.ApiApplication - Running with Spring Boot v3.2.0, Spring v6.1.1
2026-05-18 11:58:23 INFO  [main] com.plants.api.ApiApplication - The following 1 profile is active: "dev"
2026-05-18 11:58:25 INFO  [main] o.s.d.r.c.RepositoryConfigurationDelegate - Multiple Spring Data modules found, entering strict repository configuration mode
2026-05-18 11:58:25 INFO  [main] o.s.d.r.c.RepositoryConfigurationDelegate - Bootstrapping Spring Data JPA repositories in DEFAULT mode.
2026-05-18 11:58:25 INFO  [main] o.s.d.r.c.RepositoryConfigurationDelegate - Finished Spring Data repository scanning in 127 ms. Found 6 JPA repository interfaces.
2026-05-18 11:58:25 INFO  [main] o.s.d.r.c.RepositoryConfigurationDelegate - Multiple Spring Data modules found, entering strict repository configuration mode
2026-05-18 11:58:25 INFO  [main] o.s.d.r.c.RepositoryConfigurationDelegate - Bootstrapping Spring Data Redis repositories in DEFAULT mode.
2026-05-18 11:58:25 INFO  [main] o.s.d.r.c.RepositoryConfigurationExtensionSupport - Spring Data Redis - Could not safely identify store assignment for repository candidate interface com.plants.api.repositories.AffiliateClickRepository; If you want this repository to be a Redis repository, consider annotating your entities with one of these annotations: org.springframework.data.redis.core.RedisHash (preferred), or consider extending one of the following types with your repository: org.springframework.data.keyvalue.repository.KeyValueRepository
2026-05-18 11:58:25 INFO  [main] o.s.d.r.c.RepositoryConfigurationExtensionSupport - Spring Data Redis - Could not safely identify store assignment for repository candidate interface com.plants.api.repositories.AffiliateProductRepository; If you want this repository to be a Redis repository, consider annotating your entities with one of these annotations: org.springframework.data.redis.core.RedisHash (preferred), or consider extending one of the following types with your repository: org.springframework.data.keyvalue.repository.KeyValueRepository
2026-05-18 11:58:25 INFO  [main] o.s.d.r.c.RepositoryConfigurationExtensionSupport - Spring Data Redis - Could not safely identify store assignment for repository candidate interface com.plants.api.repositories.ArticleRepository; If you want this repository to be a Redis repository, consider annotating your entities with one of these annotations: org.springframework.data.redis.core.RedisHash (preferred), or consider extending one of the following types with your repository: org.springframework.data.keyvalue.repository.KeyValueRepository
2026-05-18 11:58:25 INFO  [main] o.s.d.r.c.RepositoryConfigurationExtensionSupport - Spring Data Redis - Could not safely identify store assignment for repository candidate interface com.plants.api.repositories.OilRepository; If you want this repository to be a Redis repository, consider annotating your entities with one of these annotations: org.springframework.data.redis.core.RedisHash (preferred), or consider extending one of the following types with your repository: org.springframework.data.keyvalue.repository.KeyValueRepository
2026-05-18 11:58:25 INFO  [main] o.s.d.r.c.RepositoryConfigurationExtensionSupport - Spring Data Redis - Could not safely identify store assignment for repository candidate interface com.plants.api.repositories.PlantRepository; If you want this repository to be a Redis repository, consider annotating your entities with one of these annotations: org.springframework.data.redis.core.RedisHash (preferred), or consider extending one of the following types with your repository: org.springframework.data.keyvalue.repository.KeyValueRepository
2026-05-18 11:58:25 INFO  [main] o.s.d.r.c.RepositoryConfigurationExtensionSupport - Spring Data Redis - Could not safely identify store assignment for repository candidate interface com.plants.api.repositories.UserRepository; If you want this repository to be a Redis repository, consider annotating your entities with one of these annotations: org.springframework.data.redis.core.RedisHash (preferred), or consider extending one of the following types with your repository: org.springframework.data.keyvalue.repository.KeyValueRepository
2026-05-18 11:58:25 INFO  [main] o.s.d.r.c.RepositoryConfigurationDelegate - Finished Spring Data repository scanning in 5 ms. Found 0 Redis repository interfaces.
2026-05-18 11:58:26 INFO  [main] o.s.b.w.e.tomcat.TomcatWebServer - Tomcat initialized with port 8080 (http)
2026-05-18 11:58:26 INFO  [main] o.a.coyote.http11.Http11NioProtocol - Initializing ProtocolHandler ["http-nio-8080"]
2026-05-18 11:58:26 INFO  [main] o.a.catalina.core.StandardService - Starting service [Tomcat]
2026-05-18 11:58:26 INFO  [main] o.a.catalina.core.StandardEngine - Starting Servlet engine: [Apache Tomcat/10.1.16]
2026-05-18 11:58:26 INFO  [main] o.a.c.c.C.[Tomcat].[localhost].[/] - Initializing Spring embedded WebApplicationContext
2026-05-18 11:58:26 INFO  [main] o.s.b.w.s.c.ServletWebServerApplicationContext - Root WebApplicationContext: initialization completed in 2542 ms
2026-05-18 11:58:26 INFO  [main] com.zaxxer.hikari.HikariDataSource - HikariPool-1 - Starting...
2026-05-18 11:58:26 INFO  [main] com.zaxxer.hikari.pool.HikariPool - HikariPool-1 - Added connection org.postgresql.jdbc.PgConnection@780546f8
2026-05-18 11:58:26 INFO  [main] com.zaxxer.hikari.HikariDataSource - HikariPool-1 - Start completed.
2026-05-18 11:58:26 INFO  [main] o.f.c.i.license.VersionPrinter - Flyway Community Edition 9.22.3 by Redgate
2026-05-18 11:58:26 INFO  [main] o.f.c.i.license.VersionPrinter - See release notes here: https://rd.gt/416ObMi
2026-05-18 11:58:26 INFO  [main] o.f.c.i.license.VersionPrinter - 
2026-05-18 11:58:26 INFO  [main] org.flywaydb.core.FlywayExecutor - Database: jdbc:postgresql://localhost:5432/api_dev (PostgreSQL 18.1)
2026-05-18 11:58:26 WARN  [main] o.f.c.i.database.base.Database - Flyway upgrade recommended: PostgreSQL 18.1 is newer than this version of Flyway and support has not been tested. The latest supported version of PostgreSQL is 15.
2026-05-18 11:58:26 INFO  [main] o.f.core.internal.command.DbValidate - Successfully validated 1 migration (execution time 00:00.024s)
2026-05-18 11:58:26 INFO  [main] o.f.core.internal.command.DbMigrate - Current version of schema "public": 1
2026-05-18 11:58:26 INFO  [main] o.f.core.internal.command.DbMigrate - Schema "public" is up to date. No migration necessary.
2026-05-18 11:58:26 INFO  [main] o.h.jpa.internal.util.LogHelper - HHH000204: Processing PersistenceUnitInfo [name: default]
2026-05-18 11:58:26 INFO  [main] org.hibernate.Version - HHH000412: Hibernate ORM core version 6.3.1.Final
2026-05-18 11:58:26 INFO  [main] o.h.c.i.RegionFactoryInitiator - HHH000026: Second-level cache disabled
2026-05-18 11:58:27 INFO  [main] o.s.o.j.p.SpringPersistenceUnitInfo - No LoadTimeWeaver setup: ignoring JPA class transformer
2026-05-18 11:58:27 WARN  [main] org.hibernate.orm.deprecation - HHH90000025: PostgreSQLDialect does not need to be specified explicitly using 'hibernate.dialect' (remove the property setting and it will be selected by default)
2026-05-18 11:58:28 INFO  [main] o.h.e.t.j.p.i.JtaPlatformInitiator - HHH000489: No JTA platform available (set 'hibernate.transaction.jta.platform' to enable JTA platform integration)
2026-05-18 11:58:28 INFO  [main] o.s.o.j.LocalContainerEntityManagerFactoryBean - Initialized JPA EntityManagerFactory for persistence unit 'default'
2026-05-18 11:58:29 DEBUG [main] c.p.a.s.JwtAuthenticationFilter - Filter 'jwtAuthenticationFilter' configured for use
2026-05-18 11:58:29 DEBUG [main] o.s.w.f.ServerHttpObservationFilter - Filter 'webMvcObservationFilter' configured for use
2026-05-18 11:58:29 DEBUG [main] o.s.web.filter.CorsFilter - Filter 'corsFilter' configured for use
2026-05-18 11:58:29 INFO  [main] o.s.d.j.r.query.QueryEnhancerFactory - Hibernate is in classpath; If applicable, HQL parser will be used.
2026-05-18 11:58:30 WARN  [main] o.s.b.a.o.j.JpaBaseConfiguration$JpaWebConfiguration - spring.jpa.open-in-view is enabled by default. Therefore, database queries may be performed during view rendering. Explicitly configure spring.jpa.open-in-view to disable this warning
2026-05-18 11:58:30 DEBUG [main] o.s.w.s.m.m.a.RequestMappingHandlerMapping - 58 mappings in 'requestMappingHandlerMapping'
2026-05-18 11:58:30 DEBUG [main] o.s.w.s.h.SimpleUrlHandlerMapping - Patterns [/swagger-ui*/*swagger-initializer.js, /swagger-ui*/**] in 'resourceHandlerMapping'
2026-05-18 11:58:31 DEBUG [main] o.s.w.s.m.m.a.RequestMappingHandlerAdapter - ControllerAdvice beans: 0 @ModelAttribute, 0 @InitBinder, 1 RequestBodyAdvice, 1 ResponseBodyAdvice
2026-05-18 11:58:31 DEBUG [main] o.s.w.s.m.m.a.ExceptionHandlerExceptionResolver - ControllerAdvice beans: 2 @ExceptionHandler, 1 ResponseBodyAdvice
2026-05-18 11:58:31 INFO  [main] o.s.s.web.DefaultSecurityFilterChain - Will secure any request with [org.springframework.security.web.session.DisableEncodeUrlFilter@6028b018, org.springframework.security.web.context.request.async.WebAsyncManagerIntegrationFilter@2e47ec5e, org.springframework.security.web.context.SecurityContextHolderFilter@702fdf3b, org.springframework.security.web.header.HeaderWriterFilter@59bedf4d, org.springframework.security.web.csrf.CsrfFilter@15c8bb25, org.springframework.security.web.authentication.logout.LogoutFilter@7563ca08, org.springframework.security.web.savedrequest.RequestCacheAwareFilter@7b787996, org.springframework.security.web.servletapi.SecurityContextHolderAwareRequestFilter@25428bab, org.springframework.security.web.authentication.AnonymousAuthenticationFilter@67fc98fe, org.springframework.security.web.access.ExceptionTranslationFilter@64123c4d]
2026-05-18 11:58:31 INFO  [main] o.s.b.a.e.web.EndpointLinksResolver - Exposing 1 endpoint(s) beneath base path '/actuator'
2026-05-18 11:58:31 INFO  [main] o.s.s.web.DefaultSecurityFilterChain - Will secure any request with [org.springframework.security.web.session.DisableEncodeUrlFilter@79863795, org.springframework.security.web.context.request.async.WebAsyncManagerIntegrationFilter@2a7648a9, org.springframework.security.web.context.SecurityContextHolderFilter@c49bc5, org.springframework.security.web.header.HeaderWriterFilter@8b5de1b, org.springframework.web.filter.CorsFilter@54707af8, org.springframework.security.web.authentication.logout.LogoutFilter@3a40e068, com.plants.api.security.JwtAuthenticationFilter@6970687e, org.springframework.security.web.savedrequest.RequestCacheAwareFilter@1c22aae1, org.springframework.security.web.servletapi.SecurityContextHolderAwareRequestFilter@4c44ed49, org.springframework.security.web.authentication.AnonymousAuthenticationFilter@62c95d73, org.springframework.security.web.session.SessionManagementFilter@62885131, org.springframework.security.web.access.ExceptionTranslationFilter@7855167a, org.springframework.security.web.access.intercept.AuthorizationFilter@2c60c2dd]
2026-05-18 11:58:32 INFO  [main] o.a.coyote.http11.Http11NioProtocol - Starting ProtocolHandler ["http-nio-8080"]
2026-05-18 11:58:32 INFO  [main] o.s.b.w.e.tomcat.TomcatWebServer - Tomcat started on port 8080 (http) with context path ''
2026-05-18 11:58:32 INFO  [main] com.plants.api.ApiApplication - Started ApiApplication in 9.907 seconds (process running for 10.838)
2026-05-18 11:58:32 INFO  [RMI TCP Connection(5)-192.168.1.118] o.a.c.c.C.[Tomcat].[localhost].[/] - Initializing Spring DispatcherServlet 'dispatcherServlet'
2026-05-18 11:58:32 INFO  [RMI TCP Connection(5)-192.168.1.118] o.s.web.servlet.DispatcherServlet - Initializing Servlet 'dispatcherServlet'
2026-05-18 11:58:32 DEBUG [RMI TCP Connection(5)-192.168.1.118] o.s.web.servlet.DispatcherServlet - Detected StandardServletMultipartResolver
2026-05-18 11:58:32 DEBUG [RMI TCP Connection(5)-192.168.1.118] o.s.web.servlet.DispatcherServlet - Detected AcceptHeaderLocaleResolver
2026-05-18 11:58:32 DEBUG [RMI TCP Connection(5)-192.168.1.118] o.s.web.servlet.DispatcherServlet - Detected FixedThemeResolver
2026-05-18 11:58:32 DEBUG [RMI TCP Connection(5)-192.168.1.118] o.s.web.servlet.DispatcherServlet - Detected org.springframework.web.servlet.view.DefaultRequestToViewNameTranslator@3c75ffeb
2026-05-18 11:58:32 DEBUG [RMI TCP Connection(5)-192.168.1.118] o.s.web.servlet.DispatcherServlet - Detected org.springframework.web.servlet.support.SessionFlashMapManager@4a25da63
2026-05-18 11:58:32 DEBUG [RMI TCP Connection(5)-192.168.1.118] o.s.web.servlet.DispatcherServlet - enableLoggingRequestDetails='false': request parameters and headers will be masked to prevent unsafe logging of potentially sensitive data
2026-05-18 11:58:32 INFO  [RMI TCP Connection(5)-192.168.1.118] o.s.web.servlet.DispatcherServlet - Completed initialization in 4 ms
2026-05-18 12:03:03 DEBUG [http-nio-8080-exec-1] o.s.web.servlet.DispatcherServlet - GET "/v3/api-docs/Articles", parameters={}
2026-05-18 12:03:03 DEBUG [http-nio-8080-exec-1] o.s.w.s.m.m.a.RequestMappingHandlerMapping - Mapped to org.springdoc.webmvc.api.MultipleOpenApiWebMvcResource#openapiJson(HttpServletRequest, String, String, Locale)
2026-05-18 12:03:04 INFO  [http-nio-8080-exec-1] o.s.api.AbstractOpenApiResource - Init duration for springdoc-openapi is: 930 ms
2026-05-18 12:03:04 DEBUG [http-nio-8080-exec-1] o.s.w.s.m.m.a.RequestResponseBodyMethodProcessor - Using 'application/json', given [application/json, */*] and supported [application/json]
2026-05-18 12:03:04 DEBUG [http-nio-8080-exec-1] o.s.w.s.m.m.a.RequestResponseBodyMethodProcessor - Writing [{123, 34, 111, 112, 101, 110, 97, 112, 105, 34, 58, 34, 51, 46, 48, 46, 49, 34, 44, 34, 105, 110, 10 (truncated)...]
2026-05-18 12:03:04 DEBUG [http-nio-8080-exec-1] o.s.web.servlet.DispatcherServlet - Completed 200 OK
2026-05-18 12:03:10 DEBUG [http-nio-8080-exec-2] o.s.web.servlet.DispatcherServlet - "ERROR" dispatch for POST "/error", parameters={}
2026-05-18 12:03:10 DEBUG [http-nio-8080-exec-2] o.s.w.s.m.m.a.RequestMappingHandlerMapping - Mapped to org.springframework.boot.autoconfigure.web.servlet.error.BasicErrorController#error(HttpServletRequest)
2026-05-18 12:03:10 DEBUG [http-nio-8080-exec-2] o.s.w.s.m.m.a.HttpEntityMethodProcessor - Using 'application/json', given [*/*] and supported [application/json, application/*+json]
2026-05-18 12:03:10 DEBUG [http-nio-8080-exec-2] o.s.w.s.m.m.a.HttpEntityMethodProcessor - Writing [{timestamp=Mon May 18 12:03:10 CEST 2026, status=403, error=Forbidden, path=/api/articles}]
2026-05-18 12:03:10 DEBUG [http-nio-8080-exec-2] o.s.web.servlet.DispatcherServlet - Exiting from "ERROR" dispatch, status 403
2026-05-18 12:12:30 INFO  [SpringApplicationShutdownHook] o.s.o.j.LocalContainerEntityManagerFactoryBean - Closing JPA EntityManagerFactory for persistence unit 'default'
2026-05-18 12:12:30 INFO  [SpringApplicationShutdownHook] com.zaxxer.hikari.HikariDataSource - HikariPool-1 - Shutdown initiated...
2026-05-18 12:12:30 INFO  [SpringApplicationShutdownHook] com.zaxxer.hikari.HikariDataSource - HikariPool-1 - Shutdown completed.
2026-05-18 12:12:34 INFO  [background-preinit] o.h.validator.internal.util.Version - HV000001: Hibernate Validator 8.0.1.Final
2026-05-18 12:12:34 INFO  [main] com.plants.api.ApiApplication - Starting ApiApplication using Java 21.0.11 with PID 26108 (C:\Users\kader\plants-medicinales-SaaS\target\classes started by kader in C:\Users\kader\plants-medicinales-SaaS)
2026-05-18 12:12:34 DEBUG [main] com.plants.api.ApiApplication - Running with Spring Boot v3.2.0, Spring v6.1.1
2026-05-18 12:12:34 INFO  [main] com.plants.api.ApiApplication - The following 1 profile is active: "dev"
2026-05-18 12:12:35 INFO  [main] o.s.d.r.c.RepositoryConfigurationDelegate - Multiple Spring Data modules found, entering strict repository configuration mode
2026-05-18 12:12:35 INFO  [main] o.s.d.r.c.RepositoryConfigurationDelegate - Bootstrapping Spring Data JPA repositories in DEFAULT mode.
2026-05-18 12:12:35 INFO  [main] o.s.d.r.c.RepositoryConfigurationDelegate - Finished Spring Data repository scanning in 131 ms. Found 6 JPA repository interfaces.
2026-05-18 12:12:35 INFO  [main] o.s.d.r.c.RepositoryConfigurationDelegate - Multiple Spring Data modules found, entering strict repository configuration mode
2026-05-18 12:12:35 INFO  [main] o.s.d.r.c.RepositoryConfigurationDelegate - Bootstrapping Spring Data Redis repositories in DEFAULT mode.
2026-05-18 12:12:35 INFO  [main] o.s.d.r.c.RepositoryConfigurationExtensionSupport - Spring Data Redis - Could not safely identify store assignment for repository candidate interface com.plants.api.repositories.AffiliateClickRepository; If you want this repository to be a Redis repository, consider annotating your entities with one of these annotations: org.springframework.data.redis.core.RedisHash (preferred), or consider extending one of the following types with your repository: org.springframework.data.keyvalue.repository.KeyValueRepository
2026-05-18 12:12:35 INFO  [main] o.s.d.r.c.RepositoryConfigurationExtensionSupport - Spring Data Redis - Could not safely identify store assignment for repository candidate interface com.plants.api.repositories.AffiliateProductRepository; If you want this repository to be a Redis repository, consider annotating your entities with one of these annotations: org.springframework.data.redis.core.RedisHash (preferred), or consider extending one of the following types with your repository: org.springframework.data.keyvalue.repository.KeyValueRepository
2026-05-18 12:12:35 INFO  [main] o.s.d.r.c.RepositoryConfigurationExtensionSupport - Spring Data Redis - Could not safely identify store assignment for repository candidate interface com.plants.api.repositories.ArticleRepository; If you want this repository to be a Redis repository, consider annotating your entities with one of these annotations: org.springframework.data.redis.core.RedisHash (preferred), or consider extending one of the following types with your repository: org.springframework.data.keyvalue.repository.KeyValueRepository
2026-05-18 12:12:35 INFO  [main] o.s.d.r.c.RepositoryConfigurationExtensionSupport - Spring Data Redis - Could not safely identify store assignment for repository candidate interface com.plants.api.repositories.OilRepository; If you want this repository to be a Redis repository, consider annotating your entities with one of these annotations: org.springframework.data.redis.core.RedisHash (preferred), or consider extending one of the following types with your repository: org.springframework.data.keyvalue.repository.KeyValueRepository
2026-05-18 12:12:35 INFO  [main] o.s.d.r.c.RepositoryConfigurationExtensionSupport - Spring Data Redis - Could not safely identify store assignment for repository candidate interface com.plants.api.repositories.PlantRepository; If you want this repository to be a Redis repository, consider annotating your entities with one of these annotations: org.springframework.data.redis.core.RedisHash (preferred), or consider extending one of the following types with your repository: org.springframework.data.keyvalue.repository.KeyValueRepository
2026-05-18 12:12:35 INFO  [main] o.s.d.r.c.RepositoryConfigurationExtensionSupport - Spring Data Redis - Could not safely identify store assignment for repository candidate interface com.plants.api.repositories.UserRepository; If you want this repository to be a Redis repository, consider annotating your entities with one of these annotations: org.springframework.data.redis.core.RedisHash (preferred), or consider extending one of the following types with your repository: org.springframework.data.keyvalue.repository.KeyValueRepository
2026-05-18 12:12:35 INFO  [main] o.s.d.r.c.RepositoryConfigurationDelegate - Finished Spring Data repository scanning in 6 ms. Found 0 Redis repository interfaces.
2026-05-18 12:12:36 INFO  [main] o.s.b.w.e.tomcat.TomcatWebServer - Tomcat initialized with port 8080 (http)
2026-05-18 12:12:36 INFO  [main] o.a.coyote.http11.Http11NioProtocol - Initializing ProtocolHandler ["http-nio-8080"]
2026-05-18 12:12:36 INFO  [main] o.a.catalina.core.StandardService - Starting service [Tomcat]
2026-05-18 12:12:36 INFO  [main] o.a.catalina.core.StandardEngine - Starting Servlet engine: [Apache Tomcat/10.1.16]
2026-05-18 12:12:36 INFO  [main] o.a.c.c.C.[Tomcat].[localhost].[/] - Initializing Spring embedded WebApplicationContext
2026-05-18 12:12:36 INFO  [main] o.s.b.w.s.c.ServletWebServerApplicationContext - Root WebApplicationContext: initialization completed in 1813 ms
2026-05-18 12:12:37 INFO  [main] com.zaxxer.hikari.HikariDataSource - HikariPool-1 - Starting...
2026-05-18 12:12:37 INFO  [main] com.zaxxer.hikari.pool.HikariPool - HikariPool-1 - Added connection org.postgresql.jdbc.PgConnection@60c4cf2b
2026-05-18 12:12:37 INFO  [main] com.zaxxer.hikari.HikariDataSource - HikariPool-1 - Start completed.
2026-05-18 12:12:37 INFO  [main] o.f.c.i.license.VersionPrinter - Flyway Community Edition 9.22.3 by Redgate
2026-05-18 12:12:37 INFO  [main] o.f.c.i.license.VersionPrinter - See release notes here: https://rd.gt/416ObMi
2026-05-18 12:12:37 INFO  [main] o.f.c.i.license.VersionPrinter - 
2026-05-18 12:12:37 INFO  [main] org.flywaydb.core.FlywayExecutor - Database: jdbc:postgresql://localhost:5432/api_dev (PostgreSQL 18.1)
2026-05-18 12:12:37 WARN  [main] o.f.c.i.database.base.Database - Flyway upgrade recommended: PostgreSQL 18.1 is newer than this version of Flyway and support has not been tested. The latest supported version of PostgreSQL is 15.
2026-05-18 12:12:37 INFO  [main] o.f.core.internal.command.DbValidate - Successfully validated 1 migration (execution time 00:00.021s)
2026-05-18 12:12:37 INFO  [main] o.f.core.internal.command.DbMigrate - Current version of schema "public": 1
2026-05-18 12:12:37 INFO  [main] o.f.core.internal.command.DbMigrate - Schema "public" is up to date. No migration necessary.
2026-05-18 12:12:37 INFO  [main] o.h.jpa.internal.util.LogHelper - HHH000204: Processing PersistenceUnitInfo [name: default]
2026-05-18 12:12:37 INFO  [main] org.hibernate.Version - HHH000412: Hibernate ORM core version 6.3.1.Final
2026-05-18 12:12:37 INFO  [main] o.h.c.i.RegionFactoryInitiator - HHH000026: Second-level cache disabled
2026-05-18 12:12:38 INFO  [main] o.s.o.j.p.SpringPersistenceUnitInfo - No LoadTimeWeaver setup: ignoring JPA class transformer
2026-05-18 12:12:38 WARN  [main] org.hibernate.orm.deprecation - HHH90000025: PostgreSQLDialect does not need to be specified explicitly using 'hibernate.dialect' (remove the property setting and it will be selected by default)
2026-05-18 12:12:40 INFO  [main] o.h.e.t.j.p.i.JtaPlatformInitiator - HHH000489: No JTA platform available (set 'hibernate.transaction.jta.platform' to enable JTA platform integration)
2026-05-18 12:12:40 INFO  [main] o.s.o.j.LocalContainerEntityManagerFactoryBean - Initialized JPA EntityManagerFactory for persistence unit 'default'
2026-05-18 12:12:41 DEBUG [main] c.p.a.s.JwtAuthenticationFilter - Filter 'jwtAuthenticationFilter' configured for use
2026-05-18 12:12:41 DEBUG [main] o.s.w.f.ServerHttpObservationFilter - Filter 'webMvcObservationFilter' configured for use
2026-05-18 12:12:41 DEBUG [main] o.s.web.filter.CorsFilter - Filter 'corsFilter' configured for use
2026-05-18 12:12:41 INFO  [main] o.s.d.j.r.query.QueryEnhancerFactory - Hibernate is in classpath; If applicable, HQL parser will be used.
2026-05-18 12:12:42 WARN  [main] o.s.b.w.s.c.AnnotationConfigServletWebServerApplicationContext - Exception encountered during context initialization - cancelling refresh attempt: org.springframework.beans.factory.UnsatisfiedDependencyException: Error creating bean with name 'authController' defined in file [C:\Users\kader\plants-medicinales-SaaS\target\classes\com\plants\api\controllers\AuthController.class]: Unsatisfied dependency expressed through constructor parameter 0: Error creating bean with name 'authenticationService' defined in file [C:\Users\kader\plants-medicinales-SaaS\target\classes\com\plants\api\services\AuthenticationService.class]: Unsatisfied dependency expressed through constructor parameter 3: Error creating bean with name 'securityConfig' defined in file [C:\Users\kader\plants-medicinales-SaaS\target\classes\com\plants\api\security\SecurityConfig.class]: Unsatisfied dependency expressed through constructor parameter 2: No qualifying bean of type 'com.plants.api.config.RateLimitingFilter' available: expected at least 1 bean which qualifies as autowire candidate. Dependency annotations: {}
2026-05-18 12:12:42 INFO  [main] o.s.o.j.LocalContainerEntityManagerFactoryBean - Closing JPA EntityManagerFactory for persistence unit 'default'
2026-05-18 12:12:42 INFO  [main] com.zaxxer.hikari.HikariDataSource - HikariPool-1 - Shutdown initiated...
2026-05-18 12:12:42 INFO  [main] com.zaxxer.hikari.HikariDataSource - HikariPool-1 - Shutdown completed.
2026-05-18 12:12:42 INFO  [main] o.a.catalina.core.StandardService - Stopping service [Tomcat]
2026-05-18 12:12:42 INFO  [main] o.s.b.a.l.ConditionEvaluationReportLogger - 

Error starting ApplicationContext. To display the condition evaluation report re-run your application with 'debug' enabled.
2026-05-18 12:12:42 ERROR [main] o.s.b.d.LoggingFailureAnalysisReporter - 

***************************
APPLICATION FAILED TO START
***************************

Description:

Parameter 2 of constructor in com.plants.api.security.SecurityConfig required a bean of type 'com.plants.api.config.RateLimitingFilter' that could not be found.


Action:

Consider defining a bean of type 'com.plants.api.config.RateLimitingFilter' in your configuration.

2026-05-18 12:16:37 INFO  [background-preinit] o.h.validator.internal.util.Version - HV000001: Hibernate Validator 8.0.1.Final
2026-05-18 12:16:37 INFO  [main] com.plants.api.ApiApplication - Starting ApiApplication using Java 21.0.11 with PID 14432 (C:\Users\kader\plants-medicinales-SaaS\target\classes started by kader in C:\Users\kader\plants-medicinales-SaaS)
2026-05-18 12:16:37 DEBUG [main] com.plants.api.ApiApplication - Running with Spring Boot v3.2.0, Spring v6.1.1
2026-05-18 12:16:37 INFO  [main] com.plants.api.ApiApplication - The following 1 profile is active: "dev"
2026-05-18 12:16:38 INFO  [main] o.s.d.r.c.RepositoryConfigurationDelegate - Multiple Spring Data modules found, entering strict repository configuration mode
2026-05-18 12:16:38 INFO  [main] o.s.d.r.c.RepositoryConfigurationDelegate - Bootstrapping Spring Data JPA repositories in DEFAULT mode.
2026-05-18 12:16:38 INFO  [main] o.s.d.r.c.RepositoryConfigurationDelegate - Finished Spring Data repository scanning in 121 ms. Found 6 JPA repository interfaces.
2026-05-18 12:16:38 INFO  [main] o.s.d.r.c.RepositoryConfigurationDelegate - Multiple Spring Data modules found, entering strict repository configuration mode
2026-05-18 12:16:38 INFO  [main] o.s.d.r.c.RepositoryConfigurationDelegate - Bootstrapping Spring Data Redis repositories in DEFAULT mode.
2026-05-18 12:16:38 INFO  [main] o.s.d.r.c.RepositoryConfigurationExtensionSupport - Spring Data Redis - Could not safely identify store assignment for repository candidate interface com.plants.api.repositories.AffiliateClickRepository; If you want this repository to be a Redis repository, consider annotating your entities with one of these annotations: org.springframework.data.redis.core.RedisHash (preferred), or consider extending one of the following types with your repository: org.springframework.data.keyvalue.repository.KeyValueRepository
2026-05-18 12:16:38 INFO  [main] o.s.d.r.c.RepositoryConfigurationExtensionSupport - Spring Data Redis - Could not safely identify store assignment for repository candidate interface com.plants.api.repositories.AffiliateProductRepository; If you want this repository to be a Redis repository, consider annotating your entities with one of these annotations: org.springframework.data.redis.core.RedisHash (preferred), or consider extending one of the following types with your repository: org.springframework.data.keyvalue.repository.KeyValueRepository
2026-05-18 12:16:38 INFO  [main] o.s.d.r.c.RepositoryConfigurationExtensionSupport - Spring Data Redis - Could not safely identify store assignment for repository candidate interface com.plants.api.repositories.ArticleRepository; If you want this repository to be a Redis repository, consider annotating your entities with one of these annotations: org.springframework.data.redis.core.RedisHash (preferred), or consider extending one of the following types with your repository: org.springframework.data.keyvalue.repository.KeyValueRepository
2026-05-18 12:16:38 INFO  [main] o.s.d.r.c.RepositoryConfigurationExtensionSupport - Spring Data Redis - Could not safely identify store assignment for repository candidate interface com.plants.api.repositories.OilRepository; If you want this repository to be a Redis repository, consider annotating your entities with one of these annotations: org.springframework.data.redis.core.RedisHash (preferred), or consider extending one of the following types with your repository: org.springframework.data.keyvalue.repository.KeyValueRepository
2026-05-18 12:16:38 INFO  [main] o.s.d.r.c.RepositoryConfigurationExtensionSupport - Spring Data Redis - Could not safely identify store assignment for repository candidate interface com.plants.api.repositories.PlantRepository; If you want this repository to be a Redis repository, consider annotating your entities with one of these annotations: org.springframework.data.redis.core.RedisHash (preferred), or consider extending one of the following types with your repository: org.springframework.data.keyvalue.repository.KeyValueRepository
2026-05-18 12:16:38 INFO  [main] o.s.d.r.c.RepositoryConfigurationExtensionSupport - Spring Data Redis - Could not safely identify store assignment for repository candidate interface com.plants.api.repositories.UserRepository; If you want this repository to be a Redis repository, consider annotating your entities with one of these annotations: org.springframework.data.redis.core.RedisHash (preferred), or consider extending one of the following types with your repository: org.springframework.data.keyvalue.repository.KeyValueRepository
2026-05-18 12:16:38 INFO  [main] o.s.d.r.c.RepositoryConfigurationDelegate - Finished Spring Data repository scanning in 5 ms. Found 0 Redis repository interfaces.
2026-05-18 12:16:39 INFO  [main] o.s.b.w.e.tomcat.TomcatWebServer - Tomcat initialized with port 8080 (http)
2026-05-18 12:16:39 INFO  [main] o.a.coyote.http11.Http11NioProtocol - Initializing ProtocolHandler ["http-nio-8080"]
2026-05-18 12:16:39 INFO  [main] o.a.catalina.core.StandardService - Starting service [Tomcat]
2026-05-18 12:16:39 INFO  [main] o.a.catalina.core.StandardEngine - Starting Servlet engine: [Apache Tomcat/10.1.16]
2026-05-18 12:16:39 INFO  [main] o.a.c.c.C.[Tomcat].[localhost].[/] - Initializing Spring embedded WebApplicationContext
2026-05-18 12:16:39 INFO  [main] o.s.b.w.s.c.ServletWebServerApplicationContext - Root WebApplicationContext: initialization completed in 1820 ms
2026-05-18 12:16:39 INFO  [main] com.zaxxer.hikari.HikariDataSource - HikariPool-1 - Starting...
2026-05-18 12:16:39 INFO  [main] com.zaxxer.hikari.pool.HikariPool - HikariPool-1 - Added connection org.postgresql.jdbc.PgConnection@75de7009
2026-05-18 12:16:39 INFO  [main] com.zaxxer.hikari.HikariDataSource - HikariPool-1 - Start completed.
2026-05-18 12:16:39 INFO  [main] o.f.c.i.license.VersionPrinter - Flyway Community Edition 9.22.3 by Redgate
2026-05-18 12:16:39 INFO  [main] o.f.c.i.license.VersionPrinter - See release notes here: https://rd.gt/416ObMi
2026-05-18 12:16:39 INFO  [main] o.f.c.i.license.VersionPrinter - 
2026-05-18 12:16:39 INFO  [main] org.flywaydb.core.FlywayExecutor - Database: jdbc:postgresql://localhost:5432/api_dev (PostgreSQL 18.1)
2026-05-18 12:16:39 WARN  [main] o.f.c.i.database.base.Database - Flyway upgrade recommended: PostgreSQL 18.1 is newer than this version of Flyway and support has not been tested. The latest supported version of PostgreSQL is 15.
2026-05-18 12:16:39 INFO  [main] o.f.core.internal.command.DbValidate - Successfully validated 1 migration (execution time 00:00.017s)
2026-05-18 12:16:39 INFO  [main] o.f.core.internal.command.DbMigrate - Current version of schema "public": 1
2026-05-18 12:16:39 INFO  [main] o.f.core.internal.command.DbMigrate - Schema "public" is up to date. No migration necessary.
2026-05-18 12:16:39 INFO  [main] o.h.jpa.internal.util.LogHelper - HHH000204: Processing PersistenceUnitInfo [name: default]
2026-05-18 12:16:39 INFO  [main] org.hibernate.Version - HHH000412: Hibernate ORM core version 6.3.1.Final
2026-05-18 12:16:39 INFO  [main] o.h.c.i.RegionFactoryInitiator - HHH000026: Second-level cache disabled
2026-05-18 12:16:40 INFO  [main] o.s.o.j.p.SpringPersistenceUnitInfo - No LoadTimeWeaver setup: ignoring JPA class transformer
2026-05-18 12:16:40 WARN  [main] org.hibernate.orm.deprecation - HHH90000025: PostgreSQLDialect does not need to be specified explicitly using 'hibernate.dialect' (remove the property setting and it will be selected by default)
2026-05-18 12:16:40 INFO  [main] o.h.e.t.j.p.i.JtaPlatformInitiator - HHH000489: No JTA platform available (set 'hibernate.transaction.jta.platform' to enable JTA platform integration)
2026-05-18 12:16:40 INFO  [main] o.s.o.j.LocalContainerEntityManagerFactoryBean - Initialized JPA EntityManagerFactory for persistence unit 'default'
2026-05-18 12:16:41 DEBUG [main] c.p.a.s.JwtAuthenticationFilter - Filter 'jwtAuthenticationFilter' configured for use
2026-05-18 12:16:41 DEBUG [main] o.s.w.f.ServerHttpObservationFilter - Filter 'webMvcObservationFilter' configured for use
2026-05-18 12:16:41 DEBUG [main] o.s.web.filter.CorsFilter - Filter 'corsFilter' configured for use
2026-05-18 12:16:41 INFO  [main] o.s.d.j.r.query.QueryEnhancerFactory - Hibernate is in classpath; If applicable, HQL parser will be used.
2026-05-18 12:16:43 WARN  [main] o.s.b.a.o.j.JpaBaseConfiguration$JpaWebConfiguration - spring.jpa.open-in-view is enabled by default. Therefore, database queries may be performed during view rendering. Explicitly configure spring.jpa.open-in-view to disable this warning
2026-05-18 12:16:44 DEBUG [main] o.s.w.s.m.m.a.RequestMappingHandlerMapping - 58 mappings in 'requestMappingHandlerMapping'
2026-05-18 12:16:44 DEBUG [main] o.s.w.s.h.SimpleUrlHandlerMapping - Patterns [/swagger-ui*/*swagger-initializer.js, /swagger-ui*/**] in 'resourceHandlerMapping'
2026-05-18 12:16:44 DEBUG [main] o.s.w.s.m.m.a.RequestMappingHandlerAdapter - ControllerAdvice beans: 0 @ModelAttribute, 0 @InitBinder, 1 RequestBodyAdvice, 1 ResponseBodyAdvice
2026-05-18 12:16:44 DEBUG [main] o.s.w.s.m.m.a.ExceptionHandlerExceptionResolver - ControllerAdvice beans: 2 @ExceptionHandler, 1 ResponseBodyAdvice
2026-05-18 12:16:44 INFO  [main] o.s.s.web.DefaultSecurityFilterChain - Will secure any request with [org.springframework.security.web.session.DisableEncodeUrlFilter@35697f9e, org.springframework.security.web.context.request.async.WebAsyncManagerIntegrationFilter@29296e7, org.springframework.security.web.context.SecurityContextHolderFilter@13bd25ab, org.springframework.security.web.header.HeaderWriterFilter@94af25, org.springframework.security.web.csrf.CsrfFilter@6dbdfa38, org.springframework.security.web.authentication.logout.LogoutFilter@64992713, org.springframework.security.web.savedrequest.RequestCacheAwareFilter@64123c4d, org.springframework.security.web.servletapi.SecurityContextHolderAwareRequestFilter@46808854, org.springframework.security.web.authentication.AnonymousAuthenticationFilter@6ae47c1e, org.springframework.security.web.access.ExceptionTranslationFilter@2096ade6]
2026-05-18 12:16:45 INFO  [main] o.s.b.a.e.web.EndpointLinksResolver - Exposing 1 endpoint(s) beneath base path '/actuator'
2026-05-18 12:16:45 INFO  [main] o.s.s.web.DefaultSecurityFilterChain - Will secure any request with [org.springframework.security.web.session.DisableEncodeUrlFilter@1dba3c62, org.springframework.security.web.context.request.async.WebAsyncManagerIntegrationFilter@3dd64a1a, org.springframework.security.web.context.SecurityContextHolderFilter@7de47f81, org.springframework.security.web.header.HeaderWriterFilter@202001a4, org.springframework.web.filter.CorsFilter@7c705090, org.springframework.security.web.authentication.logout.LogoutFilter@bd211, com.plants.api.security.JwtAuthenticationFilter@5c18ad5d, org.springframework.security.web.savedrequest.RequestCacheAwareFilter@68194ca4, org.springframework.security.web.servletapi.SecurityContextHolderAwareRequestFilter@3f745640, org.springframework.security.web.authentication.AnonymousAuthenticationFilter@5a930c03, org.springframework.security.web.session.SessionManagementFilter@c26c83f, org.springframework.security.web.access.ExceptionTranslationFilter@76705ce1, org.springframework.security.web.access.intercept.AuthorizationFilter@3a0f497e]
2026-05-18 12:16:46 INFO  [main] o.a.coyote.http11.Http11NioProtocol - Starting ProtocolHandler ["http-nio-8080"]
2026-05-18 12:16:46 INFO  [main] o.s.b.w.e.tomcat.TomcatWebServer - Tomcat started on port 8080 (http) with context path ''
2026-05-18 12:16:46 INFO  [main] com.plants.api.ApiApplication - Started ApiApplication in 9.469 seconds (process running for 10.16)
2026-05-18 12:16:46 INFO  [RMI TCP Connection(3)-192.168.1.118] o.a.c.c.C.[Tomcat].[localhost].[/] - Initializing Spring DispatcherServlet 'dispatcherServlet'
2026-05-18 12:16:46 INFO  [RMI TCP Connection(3)-192.168.1.118] o.s.web.servlet.DispatcherServlet - Initializing Servlet 'dispatcherServlet'
2026-05-18 12:16:46 DEBUG [RMI TCP Connection(3)-192.168.1.118] o.s.web.servlet.DispatcherServlet - Detected StandardServletMultipartResolver
2026-05-18 12:16:46 DEBUG [RMI TCP Connection(3)-192.168.1.118] o.s.web.servlet.DispatcherServlet - Detected AcceptHeaderLocaleResolver
2026-05-18 12:16:46 DEBUG [RMI TCP Connection(3)-192.168.1.118] o.s.web.servlet.DispatcherServlet - Detected FixedThemeResolver
2026-05-18 12:16:46 DEBUG [RMI TCP Connection(3)-192.168.1.118] o.s.web.servlet.DispatcherServlet - Detected org.springframework.web.servlet.view.DefaultRequestToViewNameTranslator@2e13c72b
2026-05-18 12:16:46 DEBUG [RMI TCP Connection(3)-192.168.1.118] o.s.web.servlet.DispatcherServlet - Detected org.springframework.web.servlet.support.SessionFlashMapManager@3d862f5c
2026-05-18 12:16:46 DEBUG [RMI TCP Connection(3)-192.168.1.118] o.s.web.servlet.DispatcherServlet - enableLoggingRequestDetails='false': request parameters and headers will be masked to prevent unsafe logging of potentially sensitive data
2026-05-18 12:16:46 INFO  [RMI TCP Connection(3)-192.168.1.118] o.s.web.servlet.DispatcherServlet - Completed initialization in 3 ms
2026-05-18 12:16:59 DEBUG [http-nio-8080-exec-2] o.s.web.servlet.DispatcherServlet - GET "/swagger-ui/index.html?urls.primaryName=Articles", parameters={masked}
2026-05-18 12:16:59 DEBUG [http-nio-8080-exec-2] o.s.w.s.h.SimpleUrlHandlerMapping - Mapped to ResourceHttpRequestHandler [classpath [META-INF/resources/webjars/]]
2026-05-18 12:16:59 DEBUG [http-nio-8080-exec-2] o.s.web.servlet.DispatcherServlet - Completed 200 OK
2026-05-18 12:16:59 DEBUG [http-nio-8080-exec-6] o.s.web.servlet.DispatcherServlet - GET "/swagger-ui/swagger-ui.css", parameters={}
2026-05-18 12:16:59 DEBUG [http-nio-8080-exec-6] o.s.w.s.h.SimpleUrlHandlerMapping - Mapped to ResourceHttpRequestHandler [classpath [META-INF/resources/webjars/]]
2026-05-18 12:16:59 DEBUG [http-nio-8080-exec-3] o.s.web.servlet.DispatcherServlet - GET "/swagger-ui/index.css", parameters={}
2026-05-18 12:16:59 DEBUG [http-nio-8080-exec-4] o.s.web.servlet.DispatcherServlet - GET "/swagger-ui/swagger-ui-bundle.js", parameters={}
2026-05-18 12:16:59 DEBUG [http-nio-8080-exec-3] o.s.w.s.h.SimpleUrlHandlerMapping - Mapped to ResourceHttpRequestHandler [classpath [META-INF/resources/webjars/]]
2026-05-18 12:16:59 DEBUG [http-nio-8080-exec-1] o.s.web.servlet.DispatcherServlet - GET "/swagger-ui/swagger-ui-standalone-preset.js", parameters={}
2026-05-18 12:16:59 DEBUG [http-nio-8080-exec-4] o.s.w.s.h.SimpleUrlHandlerMapping - Mapped to ResourceHttpRequestHandler [classpath [META-INF/resources/webjars/]]
2026-05-18 12:16:59 DEBUG [http-nio-8080-exec-7] o.s.web.servlet.DispatcherServlet - GET "/swagger-ui/swagger-initializer.js", parameters={}
2026-05-18 12:16:59 DEBUG [http-nio-8080-exec-1] o.s.w.s.h.SimpleUrlHandlerMapping - Mapped to ResourceHttpRequestHandler [classpath [META-INF/resources/webjars/]]
2026-05-18 12:16:59 DEBUG [http-nio-8080-exec-7] o.s.w.s.h.SimpleUrlHandlerMapping - Mapped to ResourceHttpRequestHandler [classpath [META-INF/resources/webjars/]]
2026-05-18 12:16:59 DEBUG [http-nio-8080-exec-3] o.s.web.servlet.DispatcherServlet - Completed 200 OK
2026-05-18 12:16:59 DEBUG [http-nio-8080-exec-6] o.s.web.servlet.DispatcherServlet - Completed 200 OK
2026-05-18 12:16:59 DEBUG [http-nio-8080-exec-1] o.s.web.servlet.DispatcherServlet - Completed 200 OK
2026-05-18 12:16:59 DEBUG [http-nio-8080-exec-7] o.s.web.servlet.DispatcherServlet - Completed 200 OK
2026-05-18 12:16:59 DEBUG [http-nio-8080-exec-4] o.s.web.servlet.DispatcherServlet - Completed 200 OK
2026-05-18 12:17:00 DEBUG [http-nio-8080-exec-9] o.s.web.servlet.DispatcherServlet - GET "/swagger-ui/swagger-initializer.js", parameters={}
2026-05-18 12:17:00 DEBUG [http-nio-8080-exec-5] o.s.web.servlet.DispatcherServlet - GET "/swagger-ui/swagger-ui-standalone-preset.js", parameters={}
2026-05-18 12:17:00 DEBUG [http-nio-8080-exec-9] o.s.w.s.h.SimpleUrlHandlerMapping - Mapped to ResourceHttpRequestHandler [classpath [META-INF/resources/webjars/]]
2026-05-18 12:17:00 DEBUG [http-nio-8080-exec-5] o.s.w.s.h.SimpleUrlHandlerMapping - Mapped to ResourceHttpRequestHandler [classpath [META-INF/resources/webjars/]]
2026-05-18 12:17:00 DEBUG [http-nio-8080-exec-8] o.s.web.servlet.DispatcherServlet - GET "/swagger-ui/swagger-ui-bundle.js", parameters={}
2026-05-18 12:17:00 DEBUG [http-nio-8080-exec-8] o.s.w.s.h.SimpleUrlHandlerMapping - Mapped to ResourceHttpRequestHandler [classpath [META-INF/resources/webjars/]]
2026-05-18 12:17:00 DEBUG [http-nio-8080-exec-9] o.s.web.servlet.DispatcherServlet - Completed 200 OK
2026-05-18 12:17:00 DEBUG [http-nio-8080-exec-5] o.s.web.servlet.DispatcherServlet - Completed 200 OK
2026-05-18 12:17:00 DEBUG [http-nio-8080-exec-8] o.s.web.servlet.DispatcherServlet - Completed 200 OK
2026-05-18 12:17:00 DEBUG [http-nio-8080-exec-10] o.s.web.servlet.DispatcherServlet - GET "/v3/api-docs/swagger-config", parameters={}
2026-05-18 12:17:00 DEBUG [http-nio-8080-exec-10] o.s.w.s.m.m.a.RequestMappingHandlerMapping - Mapped to org.springdoc.webmvc.ui.SwaggerConfigResource#openapiJson(HttpServletRequest)
2026-05-18 12:17:01 DEBUG [http-nio-8080-exec-10] o.s.w.s.m.m.a.RequestResponseBodyMethodProcessor - Using 'application/json', given [*/*] and supported [application/json]
2026-05-18 12:17:01 DEBUG [http-nio-8080-exec-10] o.s.w.s.m.m.a.RequestResponseBodyMethodProcessor - Writing [{configUrl=/v3/api-docs/swagger-config, oauth2RedirectUrl=http://localhost:8080/swagger-ui/oauth2-re (truncated)...]
2026-05-18 12:17:01 DEBUG [http-nio-8080-exec-2] o.s.web.servlet.DispatcherServlet - GET "/swagger-ui/favicon-32x32.png", parameters={}
2026-05-18 12:17:01 DEBUG [http-nio-8080-exec-2] o.s.w.s.h.SimpleUrlHandlerMapping - Mapped to ResourceHttpRequestHandler [classpath [META-INF/resources/webjars/]]
2026-05-18 12:17:01 DEBUG [http-nio-8080-exec-2] o.s.web.servlet.DispatcherServlet - Completed 200 OK
2026-05-18 12:17:01 DEBUG [http-nio-8080-exec-10] o.s.web.servlet.DispatcherServlet - Completed 200 OK
2026-05-18 12:17:01 DEBUG [http-nio-8080-exec-3] o.s.web.servlet.DispatcherServlet - GET "/v3/api-docs/Articles", parameters={}
2026-05-18 12:17:01 DEBUG [http-nio-8080-exec-3] o.s.w.s.m.m.a.RequestMappingHandlerMapping - Mapped to org.springdoc.webmvc.api.MultipleOpenApiWebMvcResource#openapiJson(HttpServletRequest, String, String, Locale)
2026-05-18 12:17:01 INFO  [http-nio-8080-exec-3] o.s.api.AbstractOpenApiResource - Init duration for springdoc-openapi is: 509 ms
2026-05-18 12:17:01 DEBUG [http-nio-8080-exec-3] o.s.w.s.m.m.a.RequestResponseBodyMethodProcessor - Using 'application/json', given [application/json, */*] and supported [application/json]
2026-05-18 12:17:01 DEBUG [http-nio-8080-exec-3] o.s.w.s.m.m.a.RequestResponseBodyMethodProcessor - Writing [{123, 34, 111, 112, 101, 110, 97, 112, 105, 34, 58, 34, 51, 46, 48, 46, 49, 34, 44, 34, 105, 110, 10 (truncated)...]
2026-05-18 12:17:01 DEBUG [http-nio-8080-exec-3] o.s.web.servlet.DispatcherServlet - Completed 200 OK
2026-05-18 12:17:08 DEBUG [http-nio-8080-exec-6] o.s.web.servlet.DispatcherServlet - "ERROR" dispatch for POST "/error", parameters={}
2026-05-18 12:17:08 DEBUG [http-nio-8080-exec-6] o.s.w.s.m.m.a.RequestMappingHandlerMapping - Mapped to org.springframework.boot.autoconfigure.web.servlet.error.BasicErrorController#error(HttpServletRequest)
2026-05-18 12:17:08 DEBUG [http-nio-8080-exec-6] o.s.w.s.m.m.a.HttpEntityMethodProcessor - Using 'application/json', given [*/*] and supported [application/json, application/*+json]
2026-05-18 12:17:08 DEBUG [http-nio-8080-exec-6] o.s.w.s.m.m.a.HttpEntityMethodProcessor - Writing [{timestamp=Mon May 18 12:17:08 CEST 2026, status=403, error=Forbidden, path=/api/articles}]
2026-05-18 12:17:08 DEBUG [http-nio-8080-exec-6] o.s.web.servlet.DispatcherServlet - Exiting from "ERROR" dispatch, status 403
2026-05-18 12:28:45 INFO  [SpringApplicationShutdownHook] o.s.o.j.LocalContainerEntityManagerFactoryBean - Closing JPA EntityManagerFactory for persistence unit 'default'
2026-05-18 12:28:45 INFO  [SpringApplicationShutdownHook] com.zaxxer.hikari.HikariDataSource - HikariPool-1 - Shutdown initiated...
2026-05-18 12:28:45 INFO  [SpringApplicationShutdownHook] com.zaxxer.hikari.HikariDataSource - HikariPool-1 - Shutdown completed.
2026-05-18 12:28:50 INFO  [background-preinit] o.h.validator.internal.util.Version - HV000001: Hibernate Validator 8.0.1.Final
2026-05-18 12:28:50 INFO  [main] com.plants.api.ApiApplication - Starting ApiApplication using Java 21.0.11 with PID 41936 (C:\Users\kader\plants-medicinales-SaaS\target\classes started by kader in C:\Users\kader\plants-medicinales-SaaS)
2026-05-18 12:28:50 DEBUG [main] com.plants.api.ApiApplication - Running with Spring Boot v3.2.0, Spring v6.1.1
2026-05-18 12:28:50 INFO  [main] com.plants.api.ApiApplication - The following 1 profile is active: "dev"
2026-05-18 12:28:52 INFO  [main] o.s.d.r.c.RepositoryConfigurationDelegate - Multiple Spring Data modules found, entering strict repository configuration mode
2026-05-18 12:28:52 INFO  [main] o.s.d.r.c.RepositoryConfigurationDelegate - Bootstrapping Spring Data JPA repositories in DEFAULT mode.
2026-05-18 12:28:52 INFO  [main] o.s.d.r.c.RepositoryConfigurationDelegate - Finished Spring Data repository scanning in 183 ms. Found 6 JPA repository interfaces.
2026-05-18 12:28:52 INFO  [main] o.s.d.r.c.RepositoryConfigurationDelegate - Multiple Spring Data modules found, entering strict repository configuration mode
2026-05-18 12:28:52 INFO  [main] o.s.d.r.c.RepositoryConfigurationDelegate - Bootstrapping Spring Data Redis repositories in DEFAULT mode.
2026-05-18 12:28:52 INFO  [main] o.s.d.r.c.RepositoryConfigurationExtensionSupport - Spring Data Redis - Could not safely identify store assignment for repository candidate interface com.plants.api.repositories.AffiliateClickRepository; If you want this repository to be a Redis repository, consider annotating your entities with one of these annotations: org.springframework.data.redis.core.RedisHash (preferred), or consider extending one of the following types with your repository: org.springframework.data.keyvalue.repository.KeyValueRepository
2026-05-18 12:28:52 INFO  [main] o.s.d.r.c.RepositoryConfigurationExtensionSupport - Spring Data Redis - Could not safely identify store assignment for repository candidate interface com.plants.api.repositories.AffiliateProductRepository; If you want this repository to be a Redis repository, consider annotating your entities with one of these annotations: org.springframework.data.redis.core.RedisHash (preferred), or consider extending one of the following types with your repository: org.springframework.data.keyvalue.repository.KeyValueRepository
2026-05-18 12:28:52 INFO  [main] o.s.d.r.c.RepositoryConfigurationExtensionSupport - Spring Data Redis - Could not safely identify store assignment for repository candidate interface com.plants.api.repositories.ArticleRepository; If you want this repository to be a Redis repository, consider annotating your entities with one of these annotations: org.springframework.data.redis.core.RedisHash (preferred), or consider extending one of the following types with your repository: org.springframework.data.keyvalue.repository.KeyValueRepository
2026-05-18 12:28:52 INFO  [main] o.s.d.r.c.RepositoryConfigurationExtensionSupport - Spring Data Redis - Could not safely identify store assignment for repository candidate interface com.plants.api.repositories.OilRepository; If you want this repository to be a Redis repository, consider annotating your entities with one of these annotations: org.springframework.data.redis.core.RedisHash (preferred), or consider extending one of the following types with your repository: org.springframework.data.keyvalue.repository.KeyValueRepository
2026-05-18 12:28:52 INFO  [main] o.s.d.r.c.RepositoryConfigurationExtensionSupport - Spring Data Redis - Could not safely identify store assignment for repository candidate interface com.plants.api.repositories.PlantRepository; If you want this repository to be a Redis repository, consider annotating your entities with one of these annotations: org.springframework.data.redis.core.RedisHash (preferred), or consider extending one of the following types with your repository: org.springframework.data.keyvalue.repository.KeyValueRepository
2026-05-18 12:28:52 INFO  [main] o.s.d.r.c.RepositoryConfigurationExtensionSupport - Spring Data Redis - Could not safely identify store assignment for repository candidate interface com.plants.api.repositories.UserRepository; If you want this repository to be a Redis repository, consider annotating your entities with one of these annotations: org.springframework.data.redis.core.RedisHash (preferred), or consider extending one of the following types with your repository: org.springframework.data.keyvalue.repository.KeyValueRepository
2026-05-18 12:28:52 INFO  [main] o.s.d.r.c.RepositoryConfigurationDelegate - Finished Spring Data repository scanning in 7 ms. Found 0 Redis repository interfaces.
2026-05-18 12:28:53 INFO  [main] o.s.b.w.e.tomcat.TomcatWebServer - Tomcat initialized with port 8080 (http)
2026-05-18 12:28:53 INFO  [main] o.a.coyote.http11.Http11NioProtocol - Initializing ProtocolHandler ["http-nio-8080"]
2026-05-18 12:28:53 INFO  [main] o.a.catalina.core.StandardService - Starting service [Tomcat]
2026-05-18 12:28:53 INFO  [main] o.a.catalina.core.StandardEngine - Starting Servlet engine: [Apache Tomcat/10.1.16]
2026-05-18 12:28:53 INFO  [main] o.a.c.c.C.[Tomcat].[localhost].[/] - Initializing Spring embedded WebApplicationContext
2026-05-18 12:28:53 INFO  [main] o.s.b.w.s.c.ServletWebServerApplicationContext - Root WebApplicationContext: initialization completed in 2375 ms
2026-05-18 12:28:53 INFO  [main] com.zaxxer.hikari.HikariDataSource - HikariPool-1 - Starting...
2026-05-18 12:28:53 INFO  [main] com.zaxxer.hikari.pool.HikariPool - HikariPool-1 - Added connection org.postgresql.jdbc.PgConnection@6ad3fbe4
2026-05-18 12:28:53 INFO  [main] com.zaxxer.hikari.HikariDataSource - HikariPool-1 - Start completed.
2026-05-18 12:28:53 INFO  [main] o.f.c.i.license.VersionPrinter - Flyway Community Edition 9.22.3 by Redgate
2026-05-18 12:28:53 INFO  [main] o.f.c.i.license.VersionPrinter - See release notes here: https://rd.gt/416ObMi
2026-05-18 12:28:53 INFO  [main] o.f.c.i.license.VersionPrinter - 
2026-05-18 12:28:53 INFO  [main] org.flywaydb.core.FlywayExecutor - Database: jdbc:postgresql://localhost:5432/api_dev (PostgreSQL 18.1)
2026-05-18 12:28:53 WARN  [main] o.f.c.i.database.base.Database - Flyway upgrade recommended: PostgreSQL 18.1 is newer than this version of Flyway and support has not been tested. The latest supported version of PostgreSQL is 15.
2026-05-18 12:28:53 INFO  [main] o.f.core.internal.command.DbValidate - Successfully validated 1 migration (execution time 00:00.024s)
2026-05-18 12:28:53 INFO  [main] o.f.core.internal.command.DbMigrate - Current version of schema "public": 1
2026-05-18 12:28:53 INFO  [main] o.f.core.internal.command.DbMigrate - Schema "public" is up to date. No migration necessary.
2026-05-18 12:28:53 INFO  [main] o.h.jpa.internal.util.LogHelper - HHH000204: Processing PersistenceUnitInfo [name: default]
2026-05-18 12:28:53 INFO  [main] org.hibernate.Version - HHH000412: Hibernate ORM core version 6.3.1.Final
2026-05-18 12:28:53 INFO  [main] o.h.c.i.RegionFactoryInitiator - HHH000026: Second-level cache disabled
2026-05-18 12:28:54 INFO  [main] o.s.o.j.p.SpringPersistenceUnitInfo - No LoadTimeWeaver setup: ignoring JPA class transformer
2026-05-18 12:28:54 WARN  [main] org.hibernate.orm.deprecation - HHH90000025: PostgreSQLDialect does not need to be specified explicitly using 'hibernate.dialect' (remove the property setting and it will be selected by default)
2026-05-18 12:28:55 INFO  [main] o.h.e.t.j.p.i.JtaPlatformInitiator - HHH000489: No JTA platform available (set 'hibernate.transaction.jta.platform' to enable JTA platform integration)
2026-05-18 12:28:55 INFO  [main] o.s.o.j.LocalContainerEntityManagerFactoryBean - Initialized JPA EntityManagerFactory for persistence unit 'default'
2026-05-18 12:28:56 DEBUG [main] c.p.a.s.JwtAuthenticationFilter - Filter 'jwtAuthenticationFilter' configured for use
2026-05-18 12:28:56 DEBUG [main] o.s.w.f.ServerHttpObservationFilter - Filter 'webMvcObservationFilter' configured for use
2026-05-18 12:28:56 INFO  [main] o.s.d.j.r.query.QueryEnhancerFactory - Hibernate is in classpath; If applicable, HQL parser will be used.
2026-05-18 12:28:57 WARN  [main] o.s.b.a.o.j.JpaBaseConfiguration$JpaWebConfiguration - spring.jpa.open-in-view is enabled by default. Therefore, database queries may be performed during view rendering. Explicitly configure spring.jpa.open-in-view to disable this warning
2026-05-18 12:28:57 DEBUG [main] o.s.w.s.m.m.a.RequestMappingHandlerMapping - 58 mappings in 'requestMappingHandlerMapping'
2026-05-18 12:28:57 DEBUG [main] o.s.w.s.h.SimpleUrlHandlerMapping - Patterns [/swagger-ui*/*swagger-initializer.js, /swagger-ui*/**] in 'resourceHandlerMapping'
2026-05-18 12:28:57 DEBUG [main] o.s.w.s.m.m.a.RequestMappingHandlerAdapter - ControllerAdvice beans: 0 @ModelAttribute, 0 @InitBinder, 1 RequestBodyAdvice, 1 ResponseBodyAdvice
2026-05-18 12:28:57 DEBUG [main] o.s.w.s.m.m.a.ExceptionHandlerExceptionResolver - ControllerAdvice beans: 2 @ExceptionHandler, 1 ResponseBodyAdvice
2026-05-18 12:28:57 INFO  [main] o.s.b.a.e.web.EndpointLinksResolver - Exposing 1 endpoint(s) beneath base path '/actuator'
2026-05-18 12:28:57 INFO  [main] o.s.s.web.DefaultSecurityFilterChain - Will secure any request with [org.springframework.security.web.session.DisableEncodeUrlFilter@c1b96e6, org.springframework.security.web.context.request.async.WebAsyncManagerIntegrationFilter@69f4143, org.springframework.security.web.context.SecurityContextHolderFilter@6307382, org.springframework.security.web.header.HeaderWriterFilter@54dd2962, org.springframework.web.filter.CorsFilter@31df0ce3, org.springframework.security.web.authentication.logout.LogoutFilter@328f4e46, com.plants.api.security.JwtAuthenticationFilter@743167c7, org.springframework.security.web.savedrequest.RequestCacheAwareFilter@2111c3cc, org.springframework.security.web.servletapi.SecurityContextHolderAwareRequestFilter@148fc881, org.springframework.security.web.authentication.AnonymousAuthenticationFilter@530aaa86, org.springframework.security.web.session.SessionManagementFilter@656ed510, org.springframework.security.web.access.ExceptionTranslationFilter@7b968647, org.springframework.security.web.access.intercept.AuthorizationFilter@153d5d5b]
2026-05-18 12:28:58 INFO  [main] o.a.coyote.http11.Http11NioProtocol - Starting ProtocolHandler ["http-nio-8080"]
2026-05-18 12:28:58 INFO  [main] o.s.b.w.e.tomcat.TomcatWebServer - Tomcat started on port 8080 (http) with context path ''
2026-05-18 12:28:58 INFO  [main] com.plants.api.ApiApplication - Started ApiApplication in 8.304 seconds (process running for 9.189)
2026-05-18 12:28:58 INFO  [RMI TCP Connection(5)-192.168.1.118] o.a.c.c.C.[Tomcat].[localhost].[/] - Initializing Spring DispatcherServlet 'dispatcherServlet'
2026-05-18 12:28:58 INFO  [RMI TCP Connection(5)-192.168.1.118] o.s.web.servlet.DispatcherServlet - Initializing Servlet 'dispatcherServlet'
2026-05-18 12:28:58 DEBUG [RMI TCP Connection(5)-192.168.1.118] o.s.web.servlet.DispatcherServlet - Detected StandardServletMultipartResolver
2026-05-18 12:28:58 DEBUG [RMI TCP Connection(5)-192.168.1.118] o.s.web.servlet.DispatcherServlet - Detected AcceptHeaderLocaleResolver
2026-05-18 12:28:58 DEBUG [RMI TCP Connection(5)-192.168.1.118] o.s.web.servlet.DispatcherServlet - Detected FixedThemeResolver
2026-05-18 12:28:58 DEBUG [RMI TCP Connection(5)-192.168.1.118] o.s.web.servlet.DispatcherServlet - Detected org.springframework.web.servlet.view.DefaultRequestToViewNameTranslator@29f32a41
2026-05-18 12:28:58 DEBUG [RMI TCP Connection(5)-192.168.1.118] o.s.web.servlet.DispatcherServlet - Detected org.springframework.web.servlet.support.SessionFlashMapManager@159d2313
2026-05-18 12:28:58 DEBUG [RMI TCP Connection(5)-192.168.1.118] o.s.web.servlet.DispatcherServlet - enableLoggingRequestDetails='false': request parameters and headers will be masked to prevent unsafe logging of potentially sensitive data
2026-05-18 12:28:58 INFO  [RMI TCP Connection(5)-192.168.1.118] o.s.web.servlet.DispatcherServlet - Completed initialization in 3 ms
2026-05-18 12:29:24 WARN  [http-nio-8080-exec-1] o.s.w.s.h.HandlerMappingIntrospector - Cache miss for REQUEST dispatch to '/swagger-ui/index.html' (previous null). Performing MatchableHandlerMapping lookup. This is logged once only at WARN level, and every time at TRACE.
2026-05-18 12:29:24 DEBUG [http-nio-8080-exec-1] o.s.web.servlet.DispatcherServlet - GET "/swagger-ui/index.html?urls.primaryName=Articles", parameters={masked}
2026-05-18 12:29:24 DEBUG [http-nio-8080-exec-1] o.s.w.s.h.SimpleUrlHandlerMapping - Mapped to ResourceHttpRequestHandler [classpath [META-INF/resources/webjars/]]
2026-05-18 12:29:24 DEBUG [http-nio-8080-exec-1] o.s.web.servlet.DispatcherServlet - Completed 200 OK
2026-05-18 12:29:24 DEBUG [http-nio-8080-exec-4] o.s.web.servlet.DispatcherServlet - GET "/swagger-ui/swagger-ui.css", parameters={}
2026-05-18 12:29:24 DEBUG [http-nio-8080-exec-4] o.s.w.s.h.SimpleUrlHandlerMapping - Mapped to ResourceHttpRequestHandler [classpath [META-INF/resources/webjars/]]
2026-05-18 12:29:24 DEBUG [http-nio-8080-exec-4] o.s.web.servlet.DispatcherServlet - Completed 200 OK
2026-05-18 12:29:24 DEBUG [http-nio-8080-exec-2] o.s.web.servlet.DispatcherServlet - GET "/swagger-ui/swagger-ui-bundle.js", parameters={}
2026-05-18 12:29:24 DEBUG [http-nio-8080-exec-3] o.s.web.servlet.DispatcherServlet - GET "/swagger-ui/index.css", parameters={}
2026-05-18 12:29:24 DEBUG [http-nio-8080-exec-5] o.s.web.servlet.DispatcherServlet - GET "/swagger-ui/swagger-initializer.js", parameters={}
2026-05-18 12:29:24 DEBUG [http-nio-8080-exec-2] o.s.w.s.h.SimpleUrlHandlerMapping - Mapped to ResourceHttpRequestHandler [classpath [META-INF/resources/webjars/]]
2026-05-18 12:29:24 DEBUG [http-nio-8080-exec-5] o.s.w.s.h.SimpleUrlHandlerMapping - Mapped to ResourceHttpRequestHandler [classpath [META-INF/resources/webjars/]]
2026-05-18 12:29:24 DEBUG [http-nio-8080-exec-3] o.s.w.s.h.SimpleUrlHandlerMapping - Mapped to ResourceHttpRequestHandler [classpath [META-INF/resources/webjars/]]
2026-05-18 12:29:24 DEBUG [http-nio-8080-exec-6] o.s.web.servlet.DispatcherServlet - GET "/swagger-ui/swagger-ui-standalone-preset.js", parameters={}
2026-05-18 12:29:24 DEBUG [http-nio-8080-exec-6] o.s.w.s.h.SimpleUrlHandlerMapping - Mapped to ResourceHttpRequestHandler [classpath [META-INF/resources/webjars/]]
2026-05-18 12:29:24 DEBUG [http-nio-8080-exec-3] o.s.web.servlet.DispatcherServlet - Completed 200 OK
2026-05-18 12:29:24 DEBUG [http-nio-8080-exec-6] o.s.web.servlet.DispatcherServlet - Completed 200 OK
2026-05-18 12:29:24 DEBUG [http-nio-8080-exec-5] o.s.web.servlet.DispatcherServlet - Completed 200 OK
2026-05-18 12:29:24 DEBUG [http-nio-8080-exec-2] o.s.web.servlet.DispatcherServlet - Completed 200 OK
2026-05-18 12:29:25 DEBUG [http-nio-8080-exec-7] o.s.web.servlet.DispatcherServlet - GET "/swagger-ui/swagger-ui-standalone-preset.js", parameters={}
2026-05-18 12:29:25 DEBUG [http-nio-8080-exec-7] o.s.w.s.h.SimpleUrlHandlerMapping - Mapped to ResourceHttpRequestHandler [classpath [META-INF/resources/webjars/]]
2026-05-18 12:29:25 DEBUG [http-nio-8080-exec-7] o.s.web.servlet.DispatcherServlet - Completed 200 OK
2026-05-18 12:29:25 DEBUG [http-nio-8080-exec-8] o.s.web.servlet.DispatcherServlet - GET "/swagger-ui/swagger-initializer.js", parameters={}
2026-05-18 12:29:25 DEBUG [http-nio-8080-exec-8] o.s.w.s.h.SimpleUrlHandlerMapping - Mapped to ResourceHttpRequestHandler [classpath [META-INF/resources/webjars/]]
2026-05-18 12:29:25 DEBUG [http-nio-8080-exec-8] o.s.web.servlet.DispatcherServlet - Completed 200 OK
2026-05-18 12:29:25 DEBUG [http-nio-8080-exec-9] o.s.web.servlet.DispatcherServlet - GET "/swagger-ui/swagger-ui-bundle.js", parameters={}
2026-05-18 12:29:25 DEBUG [http-nio-8080-exec-9] o.s.w.s.h.SimpleUrlHandlerMapping - Mapped to ResourceHttpRequestHandler [classpath [META-INF/resources/webjars/]]
2026-05-18 12:29:25 DEBUG [http-nio-8080-exec-9] o.s.web.servlet.DispatcherServlet - Completed 200 OK
2026-05-18 12:29:26 DEBUG [http-nio-8080-exec-10] o.s.web.servlet.DispatcherServlet - GET "/v3/api-docs/swagger-config", parameters={}
2026-05-18 12:29:26 DEBUG [http-nio-8080-exec-10] o.s.w.s.m.m.a.RequestMappingHandlerMapping - Mapped to org.springdoc.webmvc.ui.SwaggerConfigResource#openapiJson(HttpServletRequest)
2026-05-18 12:29:26 DEBUG [http-nio-8080-exec-10] o.s.w.s.m.m.a.RequestResponseBodyMethodProcessor - Using 'application/json', given [*/*] and supported [application/json]
2026-05-18 12:29:26 DEBUG [http-nio-8080-exec-10] o.s.w.s.m.m.a.RequestResponseBodyMethodProcessor - Writing [{configUrl=/v3/api-docs/swagger-config, oauth2RedirectUrl=http://localhost:8080/swagger-ui/oauth2-re (truncated)...]
2026-05-18 12:29:26 DEBUG [http-nio-8080-exec-10] o.s.web.servlet.DispatcherServlet - Completed 200 OK
2026-05-18 12:29:26 DEBUG [http-nio-8080-exec-1] o.s.web.servlet.DispatcherServlet - GET "/swagger-ui/favicon-32x32.png", parameters={}
2026-05-18 12:29:26 DEBUG [http-nio-8080-exec-1] o.s.w.s.h.SimpleUrlHandlerMapping - Mapped to ResourceHttpRequestHandler [classpath [META-INF/resources/webjars/]]
2026-05-18 12:29:26 DEBUG [http-nio-8080-exec-1] o.s.web.servlet.DispatcherServlet - Completed 200 OK
2026-05-18 12:29:26 DEBUG [http-nio-8080-exec-4] o.s.web.servlet.DispatcherServlet - GET "/v3/api-docs/Articles", parameters={}
2026-05-18 12:29:26 DEBUG [http-nio-8080-exec-4] o.s.w.s.m.m.a.RequestMappingHandlerMapping - Mapped to org.springdoc.webmvc.api.MultipleOpenApiWebMvcResource#openapiJson(HttpServletRequest, String, String, Locale)
2026-05-18 12:29:27 INFO  [http-nio-8080-exec-4] o.s.api.AbstractOpenApiResource - Init duration for springdoc-openapi is: 686 ms
2026-05-18 12:29:27 DEBUG [http-nio-8080-exec-4] o.s.w.s.m.m.a.RequestResponseBodyMethodProcessor - Using 'application/json', given [application/json, */*] and supported [application/json]
2026-05-18 12:29:27 DEBUG [http-nio-8080-exec-4] o.s.w.s.m.m.a.RequestResponseBodyMethodProcessor - Writing [{123, 34, 111, 112, 101, 110, 97, 112, 105, 34, 58, 34, 51, 46, 48, 46, 49, 34, 44, 34, 105, 110, 10 (truncated)...]
2026-05-18 12:29:27 DEBUG [http-nio-8080-exec-4] o.s.web.servlet.DispatcherServlet - Completed 200 OK
2026-05-18 12:29:32 DEBUG [http-nio-8080-exec-3] o.s.web.servlet.DispatcherServlet - POST "/api/articles", parameters={}
2026-05-18 12:29:32 DEBUG [http-nio-8080-exec-3] o.s.w.s.m.m.a.RequestMappingHandlerMapping - Mapped to com.plants.api.controllers.ArticleController#createArticle(ArticleRequest)
2026-05-18 12:29:32 DEBUG [http-nio-8080-exec-3] o.s.w.s.m.m.a.RequestResponseBodyMethodProcessor - Read "application/json;charset=UTF-8" to [ArticleRequest(title=string, content=string, category=string, readTime=0, imageUrl=string)]
2026-05-18 12:29:32 DEBUG [http-nio-8080-exec-3] org.hibernate.SQL - 
    insert 
    into
        articles
        (category, content, created_at, image_url, read_time, slug, title) 
    values
        (?, ?, ?, ?, ?, ?, ?)
2026-05-18 12:29:32 DEBUG [http-nio-8080-exec-3] o.s.w.s.m.m.a.HttpEntityMethodProcessor - Using 'application/json', given [*/*] and supported [application/json, application/*+json]
2026-05-18 12:29:32 DEBUG [http-nio-8080-exec-3] o.s.w.s.m.m.a.HttpEntityMethodProcessor - Writing [ArticleResponse(id=1, title=string, slug=string, content=string, category=string, readTime=0, imageU (truncated)...]
2026-05-18 12:29:32 DEBUG [http-nio-8080-exec-3] o.s.web.servlet.DispatcherServlet - Completed 201 CREATED
2026-05-18 12:30:05 DEBUG [http-nio-8080-exec-6] o.s.web.servlet.DispatcherServlet - GET "/v3/api-docs/Admin", parameters={}
2026-05-18 12:30:05 DEBUG [http-nio-8080-exec-6] o.s.w.s.m.m.a.RequestMappingHandlerMapping - Mapped to org.springdoc.webmvc.api.MultipleOpenApiWebMvcResource#openapiJson(HttpServletRequest, String, String, Locale)
2026-05-18 12:30:06 INFO  [http-nio-8080-exec-6] o.s.api.AbstractOpenApiResource - Init duration for springdoc-openapi is: 173 ms
2026-05-18 12:30:06 DEBUG [http-nio-8080-exec-6] o.s.w.s.m.m.a.RequestResponseBodyMethodProcessor - Using 'application/json', given [application/json, */*] and supported [application/json]
2026-05-18 12:30:06 DEBUG [http-nio-8080-exec-6] o.s.w.s.m.m.a.RequestResponseBodyMethodProcessor - Writing [{123, 34, 111, 112, 101, 110, 97, 112, 105, 34, 58, 34, 51, 46, 48, 46, 49, 34, 44, 34, 105, 110, 10 (truncated)...]
2026-05-18 12:30:06 DEBUG [http-nio-8080-exec-6] o.s.web.servlet.DispatcherServlet - Completed 200 OK
2026-05-18 12:30:09 DEBUG [http-nio-8080-exec-5] o.s.web.servlet.DispatcherServlet - GET "/v3/api-docs/Authentification", parameters={}
2026-05-18 12:30:09 DEBUG [http-nio-8080-exec-5] o.s.w.s.m.m.a.RequestMappingHandlerMapping - Mapped to org.springdoc.webmvc.api.MultipleOpenApiWebMvcResource#openapiJson(HttpServletRequest, String, String, Locale)
2026-05-18 12:30:10 INFO  [http-nio-8080-exec-5] o.s.api.AbstractOpenApiResource - Init duration for springdoc-openapi is: 168 ms
2026-05-18 12:30:10 DEBUG [http-nio-8080-exec-5] o.s.w.s.m.m.a.RequestResponseBodyMethodProcessor - Using 'application/json', given [application/json, */*] and supported [application/json]
2026-05-18 12:30:10 DEBUG [http-nio-8080-exec-5] o.s.w.s.m.m.a.RequestResponseBodyMethodProcessor - Writing [{123, 34, 111, 112, 101, 110, 97, 112, 105, 34, 58, 34, 51, 46, 48, 46, 49, 34, 44, 34, 105, 110, 10 (truncated)...]
2026-05-18 12:30:10 DEBUG [http-nio-8080-exec-5] o.s.web.servlet.DispatcherServlet - Completed 200 OK
2026-05-18 12:30:30 DEBUG [http-nio-8080-exec-4] o.s.web.servlet.DispatcherServlet - POST "/api/auth/register", parameters={}
2026-05-18 12:30:30 DEBUG [http-nio-8080-exec-4] o.s.w.s.m.m.a.RequestMappingHandlerMapping - Mapped to com.plants.api.controllers.AuthController#register(RegisterRequest)
2026-05-18 12:30:30 DEBUG [http-nio-8080-exec-4] o.s.w.s.m.m.a.RequestResponseBodyMethodProcessor - Read "application/json;charset=UTF-8" to [RegisterRequest(email=admin@example.com, password=admin123)]
2026-05-18 12:30:30 DEBUG [http-nio-8080-exec-4] org.hibernate.SQL - 
    select
        u1_0.id 
    from
        users u1_0 
    where
        u1_0.email=? 
    fetch
        first ? rows only
2026-05-18 12:30:30 DEBUG [http-nio-8080-exec-4] org.hibernate.SQL - 
    insert 
    into
        users
        (created_at, email, password, role) 
    values
        (?, ?, ?, ?)
2026-05-18 12:30:31 DEBUG [http-nio-8080-exec-4] o.s.w.s.m.m.a.HttpEntityMethodProcessor - Using 'application/json', given [*/*] and supported [application/json, application/*+json]
2026-05-18 12:30:31 DEBUG [http-nio-8080-exec-4] o.s.w.s.m.m.a.HttpEntityMethodProcessor - Writing [AuthResponse(accessToken=eyJhbGciOiJIUzI1NiJ9.eyJzdWIiOiJhZG1pbkBleGFtcGxlLmNvbSIsImlhdCI6MTc3OTEwMD (truncated)...]
2026-05-18 12:30:31 DEBUG [http-nio-8080-exec-4] o.s.web.servlet.DispatcherServlet - Completed 201 CREATED
2026-05-18 12:38:12 INFO  [SpringApplicationShutdownHook] o.s.o.j.LocalContainerEntityManagerFactoryBean - Closing JPA EntityManagerFactory for persistence unit 'default'
2026-05-18 12:38:12 INFO  [SpringApplicationShutdownHook] com.zaxxer.hikari.HikariDataSource - HikariPool-1 - Shutdown initiated...
2026-05-18 12:38:12 INFO  [SpringApplicationShutdownHook] com.zaxxer.hikari.HikariDataSource - HikariPool-1 - Shutdown completed.
2026-05-18 12:38:16 INFO  [background-preinit] o.h.validator.internal.util.Version - HV000001: Hibernate Validator 8.0.1.Final
2026-05-18 12:38:16 INFO  [main] com.plants.api.ApiApplication - Starting ApiApplication using Java 21.0.11 with PID 29860 (C:\Users\kader\plants-medicinales-SaaS\target\classes started by kader in C:\Users\kader\plants-medicinales-SaaS)
2026-05-18 12:38:16 DEBUG [main] com.plants.api.ApiApplication - Running with Spring Boot v3.2.0, Spring v6.1.1
2026-05-18 12:38:16 INFO  [main] com.plants.api.ApiApplication - The following 1 profile is active: "dev"
2026-05-18 12:38:17 INFO  [main] o.s.d.r.c.RepositoryConfigurationDelegate - Multiple Spring Data modules found, entering strict repository configuration mode
2026-05-18 12:38:17 INFO  [main] o.s.d.r.c.RepositoryConfigurationDelegate - Bootstrapping Spring Data JPA repositories in DEFAULT mode.
2026-05-18 12:38:17 INFO  [main] o.s.d.r.c.RepositoryConfigurationDelegate - Finished Spring Data repository scanning in 120 ms. Found 6 JPA repository interfaces.
2026-05-18 12:38:17 INFO  [main] o.s.d.r.c.RepositoryConfigurationDelegate - Multiple Spring Data modules found, entering strict repository configuration mode
2026-05-18 12:38:17 INFO  [main] o.s.d.r.c.RepositoryConfigurationDelegate - Bootstrapping Spring Data Redis repositories in DEFAULT mode.
2026-05-18 12:38:17 INFO  [main] o.s.d.r.c.RepositoryConfigurationExtensionSupport - Spring Data Redis - Could not safely identify store assignment for repository candidate interface com.plants.api.repositories.AffiliateClickRepository; If you want this repository to be a Redis repository, consider annotating your entities with one of these annotations: org.springframework.data.redis.core.RedisHash (preferred), or consider extending one of the following types with your repository: org.springframework.data.keyvalue.repository.KeyValueRepository
2026-05-18 12:38:17 INFO  [main] o.s.d.r.c.RepositoryConfigurationExtensionSupport - Spring Data Redis - Could not safely identify store assignment for repository candidate interface com.plants.api.repositories.AffiliateProductRepository; If you want this repository to be a Redis repository, consider annotating your entities with one of these annotations: org.springframework.data.redis.core.RedisHash (preferred), or consider extending one of the following types with your repository: org.springframework.data.keyvalue.repository.KeyValueRepository
2026-05-18 12:38:17 INFO  [main] o.s.d.r.c.RepositoryConfigurationExtensionSupport - Spring Data Redis - Could not safely identify store assignment for repository candidate interface com.plants.api.repositories.ArticleRepository; If you want this repository to be a Redis repository, consider annotating your entities with one of these annotations: org.springframework.data.redis.core.RedisHash (preferred), or consider extending one of the following types with your repository: org.springframework.data.keyvalue.repository.KeyValueRepository
2026-05-18 12:38:17 INFO  [main] o.s.d.r.c.RepositoryConfigurationExtensionSupport - Spring Data Redis - Could not safely identify store assignment for repository candidate interface com.plants.api.repositories.OilRepository; If you want this repository to be a Redis repository, consider annotating your entities with one of these annotations: org.springframework.data.redis.core.RedisHash (preferred), or consider extending one of the following types with your repository: org.springframework.data.keyvalue.repository.KeyValueRepository
2026-05-18 12:38:17 INFO  [main] o.s.d.r.c.RepositoryConfigurationExtensionSupport - Spring Data Redis - Could not safely identify store assignment for repository candidate interface com.plants.api.repositories.PlantRepository; If you want this repository to be a Redis repository, consider annotating your entities with one of these annotations: org.springframework.data.redis.core.RedisHash (preferred), or consider extending one of the following types with your repository: org.springframework.data.keyvalue.repository.KeyValueRepository
2026-05-18 12:38:17 INFO  [main] o.s.d.r.c.RepositoryConfigurationExtensionSupport - Spring Data Redis - Could not safely identify store assignment for repository candidate interface com.plants.api.repositories.UserRepository; If you want this repository to be a Redis repository, consider annotating your entities with one of these annotations: org.springframework.data.redis.core.RedisHash (preferred), or consider extending one of the following types with your repository: org.springframework.data.keyvalue.repository.KeyValueRepository
2026-05-18 12:38:17 INFO  [main] o.s.d.r.c.RepositoryConfigurationDelegate - Finished Spring Data repository scanning in 5 ms. Found 0 Redis repository interfaces.
2026-05-18 12:38:18 INFO  [main] o.s.b.w.e.tomcat.TomcatWebServer - Tomcat initialized with port 8080 (http)
2026-05-18 12:38:18 INFO  [main] o.a.coyote.http11.Http11NioProtocol - Initializing ProtocolHandler ["http-nio-8080"]
2026-05-18 12:38:18 INFO  [main] o.a.catalina.core.StandardService - Starting service [Tomcat]
2026-05-18 12:38:18 INFO  [main] o.a.catalina.core.StandardEngine - Starting Servlet engine: [Apache Tomcat/10.1.16]
2026-05-18 12:38:18 INFO  [main] o.a.c.c.C.[Tomcat].[localhost].[/] - Initializing Spring embedded WebApplicationContext
2026-05-18 12:38:18 INFO  [main] o.s.b.w.s.c.ServletWebServerApplicationContext - Root WebApplicationContext: initialization completed in 1830 ms
2026-05-18 12:38:18 INFO  [main] com.zaxxer.hikari.HikariDataSource - HikariPool-1 - Starting...
2026-05-18 12:38:19 INFO  [main] com.zaxxer.hikari.pool.HikariPool - HikariPool-1 - Added connection org.postgresql.jdbc.PgConnection@5d15789f
2026-05-18 12:38:19 INFO  [main] com.zaxxer.hikari.HikariDataSource - HikariPool-1 - Start completed.
2026-05-18 12:38:19 INFO  [main] o.f.c.i.license.VersionPrinter - Flyway Community Edition 9.22.3 by Redgate
2026-05-18 12:38:19 INFO  [main] o.f.c.i.license.VersionPrinter - See release notes here: https://rd.gt/416ObMi
2026-05-18 12:38:19 INFO  [main] o.f.c.i.license.VersionPrinter - 
2026-05-18 12:38:19 INFO  [main] org.flywaydb.core.FlywayExecutor - Database: jdbc:postgresql://localhost:5432/api_dev (PostgreSQL 18.1)
2026-05-18 12:38:19 WARN  [main] o.f.c.i.database.base.Database - Flyway upgrade recommended: PostgreSQL 18.1 is newer than this version of Flyway and support has not been tested. The latest supported version of PostgreSQL is 15.
2026-05-18 12:38:19 INFO  [main] o.f.core.internal.command.DbValidate - Successfully validated 1 migration (execution time 00:00.017s)
2026-05-18 12:38:19 INFO  [main] o.f.core.internal.command.DbMigrate - Current version of schema "public": 1
2026-05-18 12:38:19 INFO  [main] o.f.core.internal.command.DbMigrate - Schema "public" is up to date. No migration necessary.
2026-05-18 12:38:19 INFO  [main] o.h.jpa.internal.util.LogHelper - HHH000204: Processing PersistenceUnitInfo [name: default]
2026-05-18 12:38:19 INFO  [main] org.hibernate.Version - HHH000412: Hibernate ORM core version 6.3.1.Final
2026-05-18 12:38:19 INFO  [main] o.h.c.i.RegionFactoryInitiator - HHH000026: Second-level cache disabled
2026-05-18 12:38:19 INFO  [main] o.s.o.j.p.SpringPersistenceUnitInfo - No LoadTimeWeaver setup: ignoring JPA class transformer
2026-05-18 12:38:19 WARN  [main] org.hibernate.orm.deprecation - HHH90000025: PostgreSQLDialect does not need to be specified explicitly using 'hibernate.dialect' (remove the property setting and it will be selected by default)
2026-05-18 12:38:20 INFO  [main] o.h.e.t.j.p.i.JtaPlatformInitiator - HHH000489: No JTA platform available (set 'hibernate.transaction.jta.platform' to enable JTA platform integration)
2026-05-18 12:38:21 INFO  [main] o.s.o.j.LocalContainerEntityManagerFactoryBean - Initialized JPA EntityManagerFactory for persistence unit 'default'
2026-05-18 12:38:21 DEBUG [main] c.p.a.s.JwtAuthenticationFilter - Filter 'jwtAuthenticationFilter' configured for use
2026-05-18 12:38:21 DEBUG [main] o.s.w.f.ServerHttpObservationFilter - Filter 'webMvcObservationFilter' configured for use
2026-05-18 12:38:22 INFO  [main] o.s.d.j.r.query.QueryEnhancerFactory - Hibernate is in classpath; If applicable, HQL parser will be used.
2026-05-18 12:38:23 WARN  [main] o.s.b.a.o.j.JpaBaseConfiguration$JpaWebConfiguration - spring.jpa.open-in-view is enabled by default. Therefore, database queries may be performed during view rendering. Explicitly configure spring.jpa.open-in-view to disable this warning
2026-05-18 12:38:23 DEBUG [main] o.s.w.s.m.m.a.RequestMappingHandlerMapping - 58 mappings in 'requestMappingHandlerMapping'
2026-05-18 12:38:23 DEBUG [main] o.s.w.s.h.SimpleUrlHandlerMapping - Patterns [/swagger-ui*/*swagger-initializer.js, /swagger-ui*/**] in 'resourceHandlerMapping'
2026-05-18 12:38:23 DEBUG [main] o.s.w.s.m.m.a.RequestMappingHandlerAdapter - ControllerAdvice beans: 0 @ModelAttribute, 0 @InitBinder, 1 RequestBodyAdvice, 1 ResponseBodyAdvice
2026-05-18 12:38:24 DEBUG [main] o.s.w.s.m.m.a.ExceptionHandlerExceptionResolver - ControllerAdvice beans: 2 @ExceptionHandler, 1 ResponseBodyAdvice
2026-05-18 12:38:24 INFO  [main] o.s.b.a.e.web.EndpointLinksResolver - Exposing 1 endpoint(s) beneath base path '/actuator'
2026-05-18 12:38:24 INFO  [main] o.s.s.web.DefaultSecurityFilterChain - Will secure any request with [org.springframework.security.web.session.DisableEncodeUrlFilter@34f3448a, org.springframework.security.web.context.request.async.WebAsyncManagerIntegrationFilter@52e7bed1, org.springframework.security.web.context.SecurityContextHolderFilter@51768401, org.springframework.security.web.header.HeaderWriterFilter@33cdd, org.springframework.web.filter.CorsFilter@75adbfae, org.springframework.security.web.authentication.logout.LogoutFilter@cb7ec2c, com.plants.api.security.JwtAuthenticationFilter@3ea3b20d, org.springframework.security.web.savedrequest.RequestCacheAwareFilter@27d0703e, org.springframework.security.web.servletapi.SecurityContextHolderAwareRequestFilter@772ce28e, org.springframework.security.web.authentication.AnonymousAuthenticationFilter@2b686050, org.springframework.security.web.session.SessionManagementFilter@52647605, org.springframework.security.web.access.ExceptionTranslationFilter@1f4c8062, org.springframework.security.web.access.intercept.AuthorizationFilter@3f745640]
2026-05-18 12:38:25 INFO  [main] o.a.coyote.http11.Http11NioProtocol - Starting ProtocolHandler ["http-nio-8080"]
2026-05-18 12:38:25 INFO  [main] o.s.b.w.e.tomcat.TomcatWebServer - Tomcat started on port 8080 (http) with context path ''
2026-05-18 12:38:25 INFO  [main] com.plants.api.ApiApplication - Started ApiApplication in 9.522 seconds (process running for 10.116)
2026-05-18 12:38:26 INFO  [http-nio-8080-exec-1] o.a.c.c.C.[Tomcat].[localhost].[/] - Initializing Spring DispatcherServlet 'dispatcherServlet'
2026-05-18 12:38:26 INFO  [http-nio-8080-exec-1] o.s.web.servlet.DispatcherServlet - Initializing Servlet 'dispatcherServlet'
2026-05-18 12:38:26 DEBUG [http-nio-8080-exec-1] o.s.web.servlet.DispatcherServlet - Detected StandardServletMultipartResolver
2026-05-18 12:38:26 DEBUG [http-nio-8080-exec-1] o.s.web.servlet.DispatcherServlet - Detected AcceptHeaderLocaleResolver
2026-05-18 12:38:26 DEBUG [http-nio-8080-exec-1] o.s.web.servlet.DispatcherServlet - Detected FixedThemeResolver
2026-05-18 12:38:26 DEBUG [http-nio-8080-exec-1] o.s.web.servlet.DispatcherServlet - Detected org.springframework.web.servlet.view.DefaultRequestToViewNameTranslator@49ce2726
2026-05-18 12:38:26 DEBUG [http-nio-8080-exec-1] o.s.web.servlet.DispatcherServlet - Detected org.springframework.web.servlet.support.SessionFlashMapManager@4ef69c53
2026-05-18 12:38:26 DEBUG [http-nio-8080-exec-1] o.s.web.servlet.DispatcherServlet - enableLoggingRequestDetails='false': request parameters and headers will be masked to prevent unsafe logging of potentially sensitive data
2026-05-18 12:38:26 INFO  [http-nio-8080-exec-1] o.s.web.servlet.DispatcherServlet - Completed initialization in 2 ms
2026-05-18 12:38:26 WARN  [http-nio-8080-exec-1] o.s.w.s.h.HandlerMappingIntrospector - Cache miss for REQUEST dispatch to '/swagger-ui/index.html' (previous null). Performing MatchableHandlerMapping lookup. This is logged once only at WARN level, and every time at TRACE.
2026-05-18 12:38:26 DEBUG [http-nio-8080-exec-1] o.s.web.servlet.DispatcherServlet - GET "/swagger-ui/index.html?urls.primaryName=Authentification", parameters={masked}
2026-05-18 12:38:26 DEBUG [http-nio-8080-exec-1] o.s.w.s.h.SimpleUrlHandlerMapping - Mapped to ResourceHttpRequestHandler [classpath [META-INF/resources/webjars/]]
2026-05-18 12:38:26 DEBUG [http-nio-8080-exec-1] o.s.web.servlet.DispatcherServlet - Completed 200 OK
2026-05-18 12:38:26 DEBUG [http-nio-8080-exec-3] o.s.web.servlet.DispatcherServlet - GET "/swagger-ui/swagger-ui.css", parameters={}
2026-05-18 12:38:26 DEBUG [http-nio-8080-exec-3] o.s.w.s.h.SimpleUrlHandlerMapping - Mapped to ResourceHttpRequestHandler [classpath [META-INF/resources/webjars/]]
2026-05-18 12:38:26 DEBUG [http-nio-8080-exec-5] o.s.web.servlet.DispatcherServlet - GET "/swagger-ui/swagger-ui-standalone-preset.js", parameters={}
2026-05-18 12:38:26 DEBUG [http-nio-8080-exec-5] o.s.w.s.h.SimpleUrlHandlerMapping - Mapped to ResourceHttpRequestHandler [classpath [META-INF/resources/webjars/]]
2026-05-18 12:38:26 DEBUG [http-nio-8080-exec-6] o.s.web.servlet.DispatcherServlet - GET "/swagger-ui/swagger-initializer.js", parameters={}
2026-05-18 12:38:26 DEBUG [http-nio-8080-exec-2] o.s.web.servlet.DispatcherServlet - GET "/swagger-ui/index.css", parameters={}
2026-05-18 12:38:26 DEBUG [http-nio-8080-exec-4] o.s.web.servlet.DispatcherServlet - GET "/swagger-ui/swagger-ui-bundle.js", parameters={}
2026-05-18 12:38:26 DEBUG [http-nio-8080-exec-4] o.s.w.s.h.SimpleUrlHandlerMapping - Mapped to ResourceHttpRequestHandler [classpath [META-INF/resources/webjars/]]
2026-05-18 12:38:26 DEBUG [http-nio-8080-exec-2] o.s.w.s.h.SimpleUrlHandlerMapping - Mapped to ResourceHttpRequestHandler [classpath [META-INF/resources/webjars/]]
2026-05-18 12:38:26 DEBUG [http-nio-8080-exec-6] o.s.w.s.h.SimpleUrlHandlerMapping - Mapped to ResourceHttpRequestHandler [classpath [META-INF/resources/webjars/]]
2026-05-18 12:38:26 DEBUG [http-nio-8080-exec-2] o.s.web.servlet.DispatcherServlet - Completed 200 OK
2026-05-18 12:38:26 DEBUG [http-nio-8080-exec-3] o.s.web.servlet.DispatcherServlet - Completed 200 OK
2026-05-18 12:38:26 DEBUG [http-nio-8080-exec-5] o.s.web.servlet.DispatcherServlet - Completed 200 OK
2026-05-18 12:38:26 DEBUG [http-nio-8080-exec-7] o.s.web.servlet.DispatcherServlet - GET "/swagger-ui/swagger-ui-standalone-preset.js", parameters={}
2026-05-18 12:38:26 DEBUG [http-nio-8080-exec-7] o.s.w.s.h.SimpleUrlHandlerMapping - Mapped to ResourceHttpRequestHandler [classpath [META-INF/resources/webjars/]]
2026-05-18 12:38:26 DEBUG [http-nio-8080-exec-7] o.s.web.servlet.DispatcherServlet - Completed 200 OK
2026-05-18 12:38:26 DEBUG [http-nio-8080-exec-4] o.s.web.servlet.DispatcherServlet - Completed 200 OK
2026-05-18 12:38:26 DEBUG [http-nio-8080-exec-6] o.s.web.servlet.DispatcherServlet - Completed 200 OK
2026-05-18 12:38:27 DEBUG [http-nio-8080-exec-8] o.s.web.servlet.DispatcherServlet - GET "/swagger-ui/swagger-ui-bundle.js", parameters={}
2026-05-18 12:38:27 DEBUG [http-nio-8080-exec-8] o.s.w.s.h.SimpleUrlHandlerMapping - Mapped to ResourceHttpRequestHandler [classpath [META-INF/resources/webjars/]]
2026-05-18 12:38:27 DEBUG [http-nio-8080-exec-9] o.s.web.servlet.DispatcherServlet - GET "/swagger-ui/swagger-initializer.js", parameters={}
2026-05-18 12:38:27 DEBUG [http-nio-8080-exec-9] o.s.w.s.h.SimpleUrlHandlerMapping - Mapped to ResourceHttpRequestHandler [classpath [META-INF/resources/webjars/]]
2026-05-18 12:38:27 DEBUG [http-nio-8080-exec-9] o.s.web.servlet.DispatcherServlet - Completed 200 OK
2026-05-18 12:38:27 DEBUG [http-nio-8080-exec-8] o.s.web.servlet.DispatcherServlet - Completed 200 OK
2026-05-18 12:38:27 DEBUG [http-nio-8080-exec-10] o.s.web.servlet.DispatcherServlet - GET "/v3/api-docs/swagger-config", parameters={}
2026-05-18 12:38:27 DEBUG [http-nio-8080-exec-10] o.s.w.s.m.m.a.RequestMappingHandlerMapping - Mapped to org.springdoc.webmvc.ui.SwaggerConfigResource#openapiJson(HttpServletRequest)
2026-05-18 12:38:27 DEBUG [http-nio-8080-exec-1] o.s.web.servlet.DispatcherServlet - GET "/swagger-ui/favicon-32x32.png", parameters={}
2026-05-18 12:38:27 DEBUG [http-nio-8080-exec-1] o.s.w.s.h.SimpleUrlHandlerMapping - Mapped to ResourceHttpRequestHandler [classpath [META-INF/resources/webjars/]]
2026-05-18 12:38:27 DEBUG [http-nio-8080-exec-10] o.s.w.s.m.m.a.RequestResponseBodyMethodProcessor - Using 'application/json', given [*/*] and supported [application/json]
2026-05-18 12:38:27 DEBUG [http-nio-8080-exec-10] o.s.w.s.m.m.a.RequestResponseBodyMethodProcessor - Writing [{configUrl=/v3/api-docs/swagger-config, oauth2RedirectUrl=http://localhost:8080/swagger-ui/oauth2-re (truncated)...]
2026-05-18 12:38:27 DEBUG [http-nio-8080-exec-1] o.s.web.servlet.DispatcherServlet - Completed 200 OK
2026-05-18 12:38:27 DEBUG [http-nio-8080-exec-10] o.s.web.servlet.DispatcherServlet - Completed 200 OK
2026-05-18 12:38:27 DEBUG [http-nio-8080-exec-2] o.s.web.servlet.DispatcherServlet - GET "/v3/api-docs/Authentification", parameters={}
2026-05-18 12:38:27 DEBUG [http-nio-8080-exec-2] o.s.w.s.m.m.a.RequestMappingHandlerMapping - Mapped to org.springdoc.webmvc.api.MultipleOpenApiWebMvcResource#openapiJson(HttpServletRequest, String, String, Locale)
2026-05-18 12:38:28 INFO  [http-nio-8080-exec-2] o.s.api.AbstractOpenApiResource - Init duration for springdoc-openapi is: 552 ms
2026-05-18 12:38:28 DEBUG [http-nio-8080-exec-2] o.s.w.s.m.m.a.RequestResponseBodyMethodProcessor - Using 'application/json', given [application/json, */*] and supported [application/json]
2026-05-18 12:38:28 DEBUG [http-nio-8080-exec-2] o.s.w.s.m.m.a.RequestResponseBodyMethodProcessor - Writing [{123, 34, 111, 112, 101, 110, 97, 112, 105, 34, 58, 34, 51, 46, 48, 46, 49, 34, 44, 34, 105, 110, 10 (truncated)...]
2026-05-18 12:38:28 DEBUG [http-nio-8080-exec-2] o.s.web.servlet.DispatcherServlet - Completed 200 OK
2026-05-18 12:38:51 DEBUG [http-nio-8080-exec-3] o.s.web.servlet.DispatcherServlet - POST "/api/auth/register", parameters={}
2026-05-18 12:38:51 DEBUG [http-nio-8080-exec-3] o.s.w.s.m.m.a.RequestMappingHandlerMapping - Mapped to com.plants.api.controllers.AuthController#register(RegisterRequest)
2026-05-18 12:38:51 DEBUG [http-nio-8080-exec-3] o.s.w.s.m.m.a.RequestResponseBodyMethodProcessor - Read "application/json;charset=UTF-8" to [RegisterRequest(email=admin@example.com, password=admin123)]
2026-05-18 12:38:51 DEBUG [http-nio-8080-exec-3] org.hibernate.SQL - 
    select
        u1_0.id 
    from
        users u1_0 
    where
        u1_0.email=? 
    fetch
        first ? rows only
2026-05-18 12:38:51 DEBUG [http-nio-8080-exec-3] o.s.w.s.m.m.a.ExceptionHandlerExceptionResolver - Using @ExceptionHandler com.plants.api.exceptions.GlobalExceptionHandler#handleBadRequestException(BadRequestException, WebRequest)
2026-05-18 12:38:51 DEBUG [http-nio-8080-exec-3] o.s.w.s.m.m.a.HttpEntityMethodProcessor - Using 'application/json', given [*/*] and supported [application/json, application/*+json]
2026-05-18 12:38:51 DEBUG [http-nio-8080-exec-3] o.s.w.s.m.m.a.HttpEntityMethodProcessor - Writing [ErrorResponse(timestamp=2026-05-18T12:38:51.353361800, status=400, error=Bad Request, message=Email  (truncated)...]
2026-05-18 12:38:51 DEBUG [http-nio-8080-exec-3] o.s.w.s.m.m.a.ExceptionHandlerExceptionResolver - Resolved [com.plants.api.exceptions.BadRequestException: Email already in use]
2026-05-18 12:38:51 DEBUG [http-nio-8080-exec-3] o.s.web.servlet.DispatcherServlet - Completed 400 BAD_REQUEST
2026-05-18 12:39:41 DEBUG [http-nio-8080-exec-1] o.s.web.servlet.DispatcherServlet - POST "/api/auth/register", parameters={}
2026-05-18 12:39:41 DEBUG [http-nio-8080-exec-1] o.s.w.s.m.m.a.RequestMappingHandlerMapping - Mapped to com.plants.api.controllers.AuthController#register(RegisterRequest)
2026-05-18 12:39:41 DEBUG [http-nio-8080-exec-1] o.s.w.s.m.m.a.RequestResponseBodyMethodProcessor - Read "application/json;charset=UTF-8" to [RegisterRequest(email=kader@gmail.com, password=admin123)]
2026-05-18 12:39:41 DEBUG [http-nio-8080-exec-1] org.hibernate.SQL - 
    select
        u1_0.id 
    from
        users u1_0 
    where
        u1_0.email=? 
    fetch
        first ? rows only
2026-05-18 12:39:41 DEBUG [http-nio-8080-exec-1] org.hibernate.SQL - 
    insert 
    into
        users
        (created_at, email, password, role) 
    values
        (?, ?, ?, ?)
2026-05-18 12:39:41 DEBUG [http-nio-8080-exec-1] o.s.w.s.m.m.a.HttpEntityMethodProcessor - Using 'application/json', given [*/*] and supported [application/json, application/*+json]
2026-05-18 12:39:41 DEBUG [http-nio-8080-exec-1] o.s.w.s.m.m.a.HttpEntityMethodProcessor - Writing [AuthResponse(accessToken=eyJhbGciOiJIUzI1NiJ9.eyJzdWIiOiJrYWRlckBnbWFpbC5jb20iLCJpYXQiOjE3NzkxMDA3OD (truncated)...]
2026-05-18 12:39:41 DEBUG [http-nio-8080-exec-1] o.s.web.servlet.DispatcherServlet - Completed 201 CREATED
2026-05-18 12:40:23 DEBUG [http-nio-8080-exec-10] o.s.web.servlet.DispatcherServlet - POST "/api/auth/register", parameters={}
2026-05-18 12:40:23 DEBUG [http-nio-8080-exec-10] o.s.w.s.m.m.a.RequestMappingHandlerMapping - Mapped to com.plants.api.controllers.AuthController#register(RegisterRequest)
2026-05-18 12:40:23 DEBUG [http-nio-8080-exec-10] o.s.w.s.m.m.a.RequestResponseBodyMethodProcessor - Read "application/json;charset=UTF-8" to [RegisterRequest(email=math.a@hotmail.fr, password=math1234)]
2026-05-18 12:40:23 DEBUG [http-nio-8080-exec-10] org.hibernate.SQL - 
    select
        u1_0.id 
    from
        users u1_0 
    where
        u1_0.email=? 
    fetch
        first ? rows only
2026-05-18 12:40:23 DEBUG [http-nio-8080-exec-10] org.hibernate.SQL - 
    insert 
    into
        users
        (created_at, email, password, role) 
    values
        (?, ?, ?, ?)
2026-05-18 12:40:23 DEBUG [http-nio-8080-exec-10] o.s.w.s.m.m.a.HttpEntityMethodProcessor - Using 'application/json', given [*/*] and supported [application/json, application/*+json]
2026-05-18 12:40:23 DEBUG [http-nio-8080-exec-10] o.s.w.s.m.m.a.HttpEntityMethodProcessor - Writing [AuthResponse(accessToken=eyJhbGciOiJIUzI1NiJ9.eyJzdWIiOiJtYXRoLmFAaG90bWFpbC5mciIsImlhdCI6MTc3OTEwMD (truncated)...]
2026-05-18 12:40:23 DEBUG [http-nio-8080-exec-10] o.s.web.servlet.DispatcherServlet - Completed 201 CREATED
2026-05-18 12:41:09 DEBUG [http-nio-8080-exec-2] o.s.web.servlet.DispatcherServlet - GET "/v3/api-docs/Huiles", parameters={}
2026-05-18 12:41:09 DEBUG [http-nio-8080-exec-2] o.s.w.s.m.m.a.RequestMappingHandlerMapping - Mapped to org.springdoc.webmvc.api.MultipleOpenApiWebMvcResource#openapiJson(HttpServletRequest, String, String, Locale)
2026-05-18 12:41:10 INFO  [http-nio-8080-exec-2] o.s.api.AbstractOpenApiResource - Init duration for springdoc-openapi is: 298 ms
2026-05-18 12:41:10 DEBUG [http-nio-8080-exec-2] o.s.w.s.m.m.a.RequestResponseBodyMethodProcessor - Using 'application/json', given [application/json, */*] and supported [application/json]
2026-05-18 12:41:10 DEBUG [http-nio-8080-exec-2] o.s.w.s.m.m.a.RequestResponseBodyMethodProcessor - Writing [{123, 34, 111, 112, 101, 110, 97, 112, 105, 34, 58, 34, 51, 46, 48, 46, 49, 34, 44, 34, 105, 110, 10 (truncated)...]
2026-05-18 12:41:10 DEBUG [http-nio-8080-exec-2] o.s.web.servlet.DispatcherServlet - Completed 200 OK
2026-05-18 12:41:16 DEBUG [http-nio-8080-exec-3] o.s.web.servlet.DispatcherServlet - POST "/api/oils", parameters={}
2026-05-18 12:41:16 DEBUG [http-nio-8080-exec-3] o.s.w.s.m.m.a.RequestMappingHandlerMapping - Mapped to com.plants.api.controllers.OilController#createOil(OilRequest)
2026-05-18 12:41:16 DEBUG [http-nio-8080-exec-3] o.s.w.s.m.m.a.RequestResponseBodyMethodProcessor - Read "application/json;charset=UTF-8" to [OilRequest(name=string, description=string, benefits=[string], precautions=[string], imageUrl=string (truncated)...]
2026-05-18 12:41:16 DEBUG [http-nio-8080-exec-3] org.hibernate.SQL - 
    select
        p1_0.id,
        p1_0.affiliate_link,
        p1_0.description,
        p1_0.image_url,
        p1_0.name,
        p1_0.origin,
        p1_0.season_found 
    from
        plants p1_0 
    where
        p1_0.id=?
2026-05-18 12:41:16 DEBUG [http-nio-8080-exec-3] o.s.w.s.m.m.a.ExceptionHandlerExceptionResolver - Using @ExceptionHandler com.plants.api.exceptions.GlobalExceptionHandler#handleResourceNotFoundException(ResourceNotFoundException, WebRequest)
2026-05-18 12:41:16 DEBUG [http-nio-8080-exec-3] o.s.w.s.m.m.a.HttpEntityMethodProcessor - Using 'application/json', given [*/*] and supported [application/json, application/*+json]
2026-05-18 12:41:16 DEBUG [http-nio-8080-exec-3] o.s.w.s.m.m.a.HttpEntityMethodProcessor - Writing [ErrorResponse(timestamp=2026-05-18T12:41:16.358735, status=404, error=Not Found, message=Plant not f (truncated)...]
2026-05-18 12:41:16 DEBUG [http-nio-8080-exec-3] o.s.w.s.m.m.a.ExceptionHandlerExceptionResolver - Resolved [com.plants.api.exceptions.ResourceNotFoundException: Plant not found with id: 0]
2026-05-18 12:41:16 DEBUG [http-nio-8080-exec-3] o.s.web.servlet.DispatcherServlet - Completed 404 NOT_FOUND
2026-05-18 12:44:17 DEBUG [http-nio-8080-exec-5] o.s.web.servlet.DispatcherServlet - GET "/v3/api-docs/Plantes", parameters={}
2026-05-18 12:44:17 DEBUG [http-nio-8080-exec-5] o.s.w.s.m.m.a.RequestMappingHandlerMapping - Mapped to org.springdoc.webmvc.api.MultipleOpenApiWebMvcResource#openapiJson(HttpServletRequest, String, String, Locale)
2026-05-18 12:44:17 INFO  [http-nio-8080-exec-5] o.s.api.AbstractOpenApiResource - Init duration for springdoc-openapi is: 253 ms
2026-05-18 12:44:17 DEBUG [http-nio-8080-exec-5] o.s.w.s.m.m.a.RequestResponseBodyMethodProcessor - Using 'application/json', given [application/json, */*] and supported [application/json]
2026-05-18 12:44:17 DEBUG [http-nio-8080-exec-5] o.s.w.s.m.m.a.RequestResponseBodyMethodProcessor - Writing [{123, 34, 111, 112, 101, 110, 97, 112, 105, 34, 58, 34, 51, 46, 48, 46, 49, 34, 44, 34, 105, 110, 10 (truncated)...]
2026-05-18 12:44:17 DEBUG [http-nio-8080-exec-5] o.s.web.servlet.DispatcherServlet - Completed 200 OK
2026-05-18 12:47:19 DEBUG [http-nio-8080-exec-9] o.s.web.servlet.DispatcherServlet - POST "/api/plants", parameters={}
2026-05-18 12:47:19 DEBUG [http-nio-8080-exec-9] o.s.w.s.m.m.a.RequestMappingHandlerMapping - Mapped to com.plants.api.controllers.PlantController#createPlant(PlantRequest)
2026-05-18 12:47:19 DEBUG [http-nio-8080-exec-9] o.s.w.s.m.m.a.RequestResponseBodyMethodProcessor - Read "application/json;charset=UTF-8" to [PlantRequest(name=Lavande, description=Plante médicinale connue pour ses propriétés calmantes., orig (truncated)...]
2026-05-18 12:47:19 DEBUG [http-nio-8080-exec-9] org.hibernate.SQL - 
    insert 
    into
        plants
        (affiliate_link, description, image_url, name, origin, season_found) 
    values
        (?, ?, ?, ?, ?, ?)
2026-05-18 12:47:19 DEBUG [http-nio-8080-exec-9] org.hibernate.SQL - 
    insert 
    into
        plant_properties
        (plant_id, property) 
    values
        (?, ?)
2026-05-18 12:47:19 DEBUG [http-nio-8080-exec-9] org.hibernate.SQL - 
    insert 
    into
        plant_properties
        (plant_id, property) 
    values
        (?, ?)
2026-05-18 12:47:19 DEBUG [http-nio-8080-exec-9] org.hibernate.SQL - 
    insert 
    into
        plant_properties
        (plant_id, property) 
    values
        (?, ?)
2026-05-18 12:47:19 DEBUG [http-nio-8080-exec-9] org.hibernate.SQL - 
    insert 
    into
        plant_uses
        (plant_id, use) 
    values
        (?, ?)
2026-05-18 12:47:19 DEBUG [http-nio-8080-exec-9] org.hibernate.SQL - 
    insert 
    into
        plant_uses
        (plant_id, use) 
    values
        (?, ?)
2026-05-18 12:47:19 DEBUG [http-nio-8080-exec-9] org.hibernate.SQL - 
    insert 
    into
        plant_uses
        (plant_id, use) 
    values
        (?, ?)
2026-05-18 12:47:19 DEBUG [http-nio-8080-exec-9] o.s.w.s.m.m.a.HttpEntityMethodProcessor - Using 'application/json', given [*/*] and supported [application/json, application/*+json]
2026-05-18 12:47:19 DEBUG [http-nio-8080-exec-9] o.s.w.s.m.m.a.HttpEntityMethodProcessor - Writing [PlantResponse(id=1, name=Lavande, description=Plante médicinale connue pour ses propriétés calmantes (truncated)...]
2026-05-18 12:47:19 DEBUG [http-nio-8080-exec-9] o.s.web.servlet.DispatcherServlet - Completed 201 CREATED
2026-05-18 12:48:26 DEBUG [http-nio-8080-exec-6] o.s.web.servlet.DispatcherServlet - POST "/api/plants", parameters={}
2026-05-18 12:48:26 DEBUG [http-nio-8080-exec-6] o.s.w.s.m.m.a.RequestMappingHandlerMapping - Mapped to com.plants.api.controllers.PlantController#createPlant(PlantRequest)
2026-05-18 12:48:26 DEBUG [http-nio-8080-exec-6] o.s.w.s.m.m.a.RequestResponseBodyMethodProcessor - Read "application/json;charset=UTF-8" to [PlantRequest(name=Menthe poivrée, description=Plante aromatique utilisée pour la digestion et la res (truncated)...]
2026-05-18 12:48:26 DEBUG [http-nio-8080-exec-6] org.hibernate.SQL - 
    insert 
    into
        plants
        (affiliate_link, description, image_url, name, origin, season_found) 
    values
        (?, ?, ?, ?, ?, ?)
2026-05-18 12:48:26 DEBUG [http-nio-8080-exec-6] org.hibernate.SQL - 
    insert 
    into
        plant_properties
        (plant_id, property) 
    values
        (?, ?)
2026-05-18 12:48:26 DEBUG [http-nio-8080-exec-6] org.hibernate.SQL - 
    insert 
    into
        plant_properties
        (plant_id, property) 
    values
        (?, ?)
2026-05-18 12:48:26 DEBUG [http-nio-8080-exec-6] org.hibernate.SQL - 
    insert 
    into
        plant_properties
        (plant_id, property) 
    values
        (?, ?)
2026-05-18 12:48:26 DEBUG [http-nio-8080-exec-6] org.hibernate.SQL - 
    insert 
    into
        plant_uses
        (plant_id, use) 
    values
        (?, ?)
2026-05-18 12:48:26 DEBUG [http-nio-8080-exec-6] org.hibernate.SQL - 
    insert 
    into
        plant_uses
        (plant_id, use) 
    values
        (?, ?)
2026-05-18 12:48:26 DEBUG [http-nio-8080-exec-6] org.hibernate.SQL - 
    insert 
    into
        plant_uses
        (plant_id, use) 
    values
        (?, ?)
2026-05-18 12:48:26 DEBUG [http-nio-8080-exec-6] o.s.w.s.m.m.a.HttpEntityMethodProcessor - Using 'application/json', given [*/*] and supported [application/json, application/*+json]
2026-05-18 12:48:26 DEBUG [http-nio-8080-exec-6] o.s.w.s.m.m.a.HttpEntityMethodProcessor - Writing [PlantResponse(id=2, name=Menthe poivrée, description=Plante aromatique utilisée pour la digestion et (truncated)...]
2026-05-18 12:48:26 DEBUG [http-nio-8080-exec-6] o.s.web.servlet.DispatcherServlet - Completed 201 CREATED
2026-05-18 12:48:37 DEBUG [http-nio-8080-exec-1] o.s.web.servlet.DispatcherServlet - POST "/api/plants", parameters={}
2026-05-18 12:48:37 DEBUG [http-nio-8080-exec-1] o.s.w.s.m.m.a.RequestMappingHandlerMapping - Mapped to com.plants.api.controllers.PlantController#createPlant(PlantRequest)
2026-05-18 12:48:37 DEBUG [http-nio-8080-exec-1] o.s.w.s.m.m.a.RequestResponseBodyMethodProcessor - Read "application/json;charset=UTF-8" to [PlantRequest(name=Camomille, description=Plante douce utilisée pour apaiser le stress et favoriser l (truncated)...]
2026-05-18 12:48:37 DEBUG [http-nio-8080-exec-1] org.hibernate.SQL - 
    insert 
    into
        plants
        (affiliate_link, description, image_url, name, origin, season_found) 
    values
        (?, ?, ?, ?, ?, ?)
2026-05-18 12:48:37 DEBUG [http-nio-8080-exec-1] org.hibernate.SQL - 
    insert 
    into
        plant_properties
        (plant_id, property) 
    values
        (?, ?)
2026-05-18 12:48:37 DEBUG [http-nio-8080-exec-1] org.hibernate.SQL - 
    insert 
    into
        plant_properties
        (plant_id, property) 
    values
        (?, ?)
2026-05-18 12:48:37 DEBUG [http-nio-8080-exec-1] org.hibernate.SQL - 
    insert 
    into
        plant_properties
        (plant_id, property) 
    values
        (?, ?)
2026-05-18 12:48:37 DEBUG [http-nio-8080-exec-1] org.hibernate.SQL - 
    insert 
    into
        plant_uses
        (plant_id, use) 
    values
        (?, ?)
2026-05-18 12:48:37 DEBUG [http-nio-8080-exec-1] org.hibernate.SQL - 
    insert 
    into
        plant_uses
        (plant_id, use) 
    values
        (?, ?)
2026-05-18 12:48:37 DEBUG [http-nio-8080-exec-1] org.hibernate.SQL - 
    insert 
    into
        plant_uses
        (plant_id, use) 
    values
        (?, ?)
2026-05-18 12:48:37 DEBUG [http-nio-8080-exec-1] o.s.w.s.m.m.a.HttpEntityMethodProcessor - Using 'application/json', given [*/*] and supported [application/json, application/*+json]
2026-05-18 12:48:37 DEBUG [http-nio-8080-exec-1] o.s.w.s.m.m.a.HttpEntityMethodProcessor - Writing [PlantResponse(id=3, name=Camomille, description=Plante douce utilisée pour apaiser le stress et favo (truncated)...]
2026-05-18 12:48:37 DEBUG [http-nio-8080-exec-1] o.s.web.servlet.DispatcherServlet - Completed 201 CREATED
2026-05-18 12:48:52 DEBUG [http-nio-8080-exec-10] o.s.web.servlet.DispatcherServlet - POST "/api/plants", parameters={}
2026-05-18 12:48:52 DEBUG [http-nio-8080-exec-10] o.s.w.s.m.m.a.RequestMappingHandlerMapping - Mapped to com.plants.api.controllers.PlantController#createPlant(PlantRequest)
2026-05-18 12:48:52 DEBUG [http-nio-8080-exec-10] o.s.w.s.m.m.a.RequestResponseBodyMethodProcessor - Read "application/json;charset=UTF-8" to [PlantRequest(name=Thym, description=Plante antiseptique puissante utilisée pour les infections respi (truncated)...]
2026-05-18 12:48:52 DEBUG [http-nio-8080-exec-10] org.hibernate.SQL - 
    insert 
    into
        plants
        (affiliate_link, description, image_url, name, origin, season_found) 
    values
        (?, ?, ?, ?, ?, ?)
2026-05-18 12:48:52 DEBUG [http-nio-8080-exec-10] org.hibernate.SQL - 
    insert 
    into
        plant_properties
        (plant_id, property) 
    values
        (?, ?)
2026-05-18 12:48:52 DEBUG [http-nio-8080-exec-10] org.hibernate.SQL - 
    insert 
    into
        plant_properties
        (plant_id, property) 
    values
        (?, ?)
2026-05-18 12:48:52 DEBUG [http-nio-8080-exec-10] org.hibernate.SQL - 
    insert 
    into
        plant_properties
        (plant_id, property) 
    values
        (?, ?)
2026-05-18 12:48:52 DEBUG [http-nio-8080-exec-10] org.hibernate.SQL - 
    insert 
    into
        plant_uses
        (plant_id, use) 
    values
        (?, ?)
2026-05-18 12:48:52 DEBUG [http-nio-8080-exec-10] org.hibernate.SQL - 
    insert 
    into
        plant_uses
        (plant_id, use) 
    values
        (?, ?)
2026-05-18 12:48:52 DEBUG [http-nio-8080-exec-10] org.hibernate.SQL - 
    insert 
    into
        plant_uses
        (plant_id, use) 
    values
        (?, ?)
2026-05-18 12:48:52 DEBUG [http-nio-8080-exec-10] o.s.w.s.m.m.a.HttpEntityMethodProcessor - Using 'application/json', given [*/*] and supported [application/json, application/*+json]
2026-05-18 12:48:52 DEBUG [http-nio-8080-exec-10] o.s.w.s.m.m.a.HttpEntityMethodProcessor - Writing [PlantResponse(id=4, name=Thym, description=Plante antiseptique puissante utilisée pour les infection (truncated)...]
2026-05-18 12:48:52 DEBUG [http-nio-8080-exec-10] o.s.web.servlet.DispatcherServlet - Completed 201 CREATED
2026-05-18 12:49:01 DEBUG [http-nio-8080-exec-2] o.s.web.servlet.DispatcherServlet - POST "/api/plants", parameters={}
2026-05-18 12:49:01 DEBUG [http-nio-8080-exec-2] o.s.w.s.m.m.a.RequestMappingHandlerMapping - Mapped to com.plants.api.controllers.PlantController#createPlant(PlantRequest)
2026-05-18 12:49:01 DEBUG [http-nio-8080-exec-2] o.s.w.s.m.m.a.RequestResponseBodyMethodProcessor - Read "application/json;charset=UTF-8" to [PlantRequest(name=Romarin, description=Plante tonique et stimulante, excellente pour la mémoire et l (truncated)...]
2026-05-18 12:49:01 DEBUG [http-nio-8080-exec-2] org.hibernate.SQL - 
    insert 
    into
        plants
        (affiliate_link, description, image_url, name, origin, season_found) 
    values
        (?, ?, ?, ?, ?, ?)
2026-05-18 12:49:01 DEBUG [http-nio-8080-exec-2] org.hibernate.SQL - 
    insert 
    into
        plant_properties
        (plant_id, property) 
    values
        (?, ?)
2026-05-18 12:49:01 DEBUG [http-nio-8080-exec-2] org.hibernate.SQL - 
    insert 
    into
        plant_properties
        (plant_id, property) 
    values
        (?, ?)
2026-05-18 12:49:01 DEBUG [http-nio-8080-exec-2] org.hibernate.SQL - 
    insert 
    into
        plant_properties
        (plant_id, property) 
    values
        (?, ?)
2026-05-18 12:49:01 DEBUG [http-nio-8080-exec-2] org.hibernate.SQL - 
    insert 
    into
        plant_uses
        (plant_id, use) 
    values
        (?, ?)
2026-05-18 12:49:01 DEBUG [http-nio-8080-exec-2] org.hibernate.SQL - 
    insert 
    into
        plant_uses
        (plant_id, use) 
    values
        (?, ?)
2026-05-18 12:49:01 DEBUG [http-nio-8080-exec-2] org.hibernate.SQL - 
    insert 
    into
        plant_uses
        (plant_id, use) 
    values
        (?, ?)
2026-05-18 12:49:01 DEBUG [http-nio-8080-exec-2] o.s.w.s.m.m.a.HttpEntityMethodProcessor - Using 'application/json', given [*/*] and supported [application/json, application/*+json]
2026-05-18 12:49:01 DEBUG [http-nio-8080-exec-2] o.s.w.s.m.m.a.HttpEntityMethodProcessor - Writing [PlantResponse(id=5, name=Romarin, description=Plante tonique et stimulante, excellente pour la mémoi (truncated)...]
2026-05-18 12:49:01 DEBUG [http-nio-8080-exec-2] o.s.web.servlet.DispatcherServlet - Completed 201 CREATED
2026-05-18 12:49:11 DEBUG [http-nio-8080-exec-3] o.s.web.servlet.DispatcherServlet - POST "/api/plants", parameters={}
2026-05-18 12:49:11 DEBUG [http-nio-8080-exec-3] o.s.w.s.m.m.a.RequestMappingHandlerMapping - Mapped to com.plants.api.controllers.PlantController#createPlant(PlantRequest)
2026-05-18 12:49:11 DEBUG [http-nio-8080-exec-3] o.s.w.s.m.m.a.RequestResponseBodyMethodProcessor - Read "application/json;charset=UTF-8" to [PlantRequest(name=Aloe Vera, description=Plante succulente utilisée pour hydrater et réparer la peau (truncated)...]
2026-05-18 12:49:11 DEBUG [http-nio-8080-exec-3] org.hibernate.SQL - 
    insert 
    into
        plants
        (affiliate_link, description, image_url, name, origin, season_found) 
    values
        (?, ?, ?, ?, ?, ?)
2026-05-18 12:49:11 DEBUG [http-nio-8080-exec-3] org.hibernate.SQL - 
    insert 
    into
        plant_properties
        (plant_id, property) 
    values
        (?, ?)
2026-05-18 12:49:11 DEBUG [http-nio-8080-exec-3] org.hibernate.SQL - 
    insert 
    into
        plant_properties
        (plant_id, property) 
    values
        (?, ?)
2026-05-18 12:49:11 DEBUG [http-nio-8080-exec-3] org.hibernate.SQL - 
    insert 
    into
        plant_properties
        (plant_id, property) 
    values
        (?, ?)
2026-05-18 12:49:11 DEBUG [http-nio-8080-exec-3] org.hibernate.SQL - 
    insert 
    into
        plant_uses
        (plant_id, use) 
    values
        (?, ?)
2026-05-18 12:49:11 DEBUG [http-nio-8080-exec-3] org.hibernate.SQL - 
    insert 
    into
        plant_uses
        (plant_id, use) 
    values
        (?, ?)
2026-05-18 12:49:11 DEBUG [http-nio-8080-exec-3] org.hibernate.SQL - 
    insert 
    into
        plant_uses
        (plant_id, use) 
    values
        (?, ?)
2026-05-18 12:49:11 DEBUG [http-nio-8080-exec-3] o.s.w.s.m.m.a.HttpEntityMethodProcessor - Using 'application/json', given [*/*] and supported [application/json, application/*+json]
2026-05-18 12:49:11 DEBUG [http-nio-8080-exec-3] o.s.w.s.m.m.a.HttpEntityMethodProcessor - Writing [PlantResponse(id=6, name=Aloe Vera, description=Plante succulente utilisée pour hydrater et réparer  (truncated)...]
2026-05-18 12:49:11 DEBUG [http-nio-8080-exec-3] o.s.web.servlet.DispatcherServlet - Completed 201 CREATED
2026-05-18 12:49:20 DEBUG [http-nio-8080-exec-4] o.s.web.servlet.DispatcherServlet - POST "/api/plants", parameters={}
2026-05-18 12:49:20 DEBUG [http-nio-8080-exec-4] o.s.w.s.m.m.a.RequestMappingHandlerMapping - Mapped to com.plants.api.controllers.PlantController#createPlant(PlantRequest)
2026-05-18 12:49:20 DEBUG [http-nio-8080-exec-4] o.s.w.s.m.m.a.RequestResponseBodyMethodProcessor - Read "application/json;charset=UTF-8" to [PlantRequest(name=Gingembre, description=Racine stimulante utilisée pour la digestion et l'immunité. (truncated)...]
2026-05-18 12:49:20 DEBUG [http-nio-8080-exec-4] org.hibernate.SQL - 
    insert 
    into
        plants
        (affiliate_link, description, image_url, name, origin, season_found) 
    values
        (?, ?, ?, ?, ?, ?)
2026-05-18 12:49:20 DEBUG [http-nio-8080-exec-4] org.hibernate.SQL - 
    insert 
    into
        plant_properties
        (plant_id, property) 
    values
        (?, ?)
2026-05-18 12:49:20 DEBUG [http-nio-8080-exec-4] org.hibernate.SQL - 
    insert 
    into
        plant_properties
        (plant_id, property) 
    values
        (?, ?)
2026-05-18 12:49:20 DEBUG [http-nio-8080-exec-4] org.hibernate.SQL - 
    insert 
    into
        plant_properties
        (plant_id, property) 
    values
        (?, ?)
2026-05-18 12:49:20 DEBUG [http-nio-8080-exec-4] org.hibernate.SQL - 
    insert 
    into
        plant_uses
        (plant_id, use) 
    values
        (?, ?)
2026-05-18 12:49:20 DEBUG [http-nio-8080-exec-4] org.hibernate.SQL - 
    insert 
    into
        plant_uses
        (plant_id, use) 
    values
        (?, ?)
2026-05-18 12:49:20 DEBUG [http-nio-8080-exec-4] org.hibernate.SQL - 
    insert 
    into
        plant_uses
        (plant_id, use) 
    values
        (?, ?)
2026-05-18 12:49:20 DEBUG [http-nio-8080-exec-4] o.s.w.s.m.m.a.HttpEntityMethodProcessor - Using 'application/json', given [*/*] and supported [application/json, application/*+json]
2026-05-18 12:49:20 DEBUG [http-nio-8080-exec-4] o.s.w.s.m.m.a.HttpEntityMethodProcessor - Writing [PlantResponse(id=7, name=Gingembre, description=Racine stimulante utilisée pour la digestion et l'im (truncated)...]
2026-05-18 12:49:20 DEBUG [http-nio-8080-exec-4] o.s.web.servlet.DispatcherServlet - Completed 201 CREATED
2026-05-18 12:49:29 DEBUG [http-nio-8080-exec-5] o.s.web.servlet.DispatcherServlet - POST "/api/plants", parameters={}
2026-05-18 12:49:29 DEBUG [http-nio-8080-exec-5] o.s.w.s.m.m.a.RequestMappingHandlerMapping - Mapped to com.plants.api.controllers.PlantController#createPlant(PlantRequest)
2026-05-18 12:49:29 DEBUG [http-nio-8080-exec-5] o.s.w.s.m.m.a.RequestResponseBodyMethodProcessor - Read "application/json;charset=UTF-8" to [PlantRequest(name=Curcuma, description=Plante anti-inflammatoire puissante grâce à la curcumine., or (truncated)...]
2026-05-18 12:49:29 DEBUG [http-nio-8080-exec-5] org.hibernate.SQL - 
    insert 
    into
        plants
        (affiliate_link, description, image_url, name, origin, season_found) 
    values
        (?, ?, ?, ?, ?, ?)
2026-05-18 12:49:29 DEBUG [http-nio-8080-exec-5] org.hibernate.SQL - 
    insert 
    into
        plant_properties
        (plant_id, property) 
    values
        (?, ?)
2026-05-18 12:49:29 DEBUG [http-nio-8080-exec-5] org.hibernate.SQL - 
    insert 
    into
        plant_properties
        (plant_id, property) 
    values
        (?, ?)
2026-05-18 12:49:29 DEBUG [http-nio-8080-exec-5] org.hibernate.SQL - 
    insert 
    into
        plant_properties
        (plant_id, property) 
    values
        (?, ?)
2026-05-18 12:49:29 DEBUG [http-nio-8080-exec-5] org.hibernate.SQL - 
    insert 
    into
        plant_uses
        (plant_id, use) 
    values
        (?, ?)
2026-05-18 12:49:29 DEBUG [http-nio-8080-exec-5] org.hibernate.SQL - 
    insert 
    into
        plant_uses
        (plant_id, use) 
    values
        (?, ?)
2026-05-18 12:49:29 DEBUG [http-nio-8080-exec-5] org.hibernate.SQL - 
    insert 
    into
        plant_uses
        (plant_id, use) 
    values
        (?, ?)
2026-05-18 12:49:29 DEBUG [http-nio-8080-exec-5] o.s.w.s.m.m.a.HttpEntityMethodProcessor - Using 'application/json', given [*/*] and supported [application/json, application/*+json]
2026-05-18 12:49:29 DEBUG [http-nio-8080-exec-5] o.s.w.s.m.m.a.HttpEntityMethodProcessor - Writing [PlantResponse(id=8, name=Curcuma, description=Plante anti-inflammatoire puissante grâce à la curcumi (truncated)...]
2026-05-18 12:49:29 DEBUG [http-nio-8080-exec-5] o.s.web.servlet.DispatcherServlet - Completed 201 CREATED
2026-05-18 12:49:37 DEBUG [http-nio-8080-exec-7] o.s.web.servlet.DispatcherServlet - POST "/api/plants", parameters={}
2026-05-18 12:49:37 DEBUG [http-nio-8080-exec-7] o.s.w.s.m.m.a.RequestMappingHandlerMapping - Mapped to com.plants.api.controllers.PlantController#createPlant(PlantRequest)
2026-05-18 12:49:37 DEBUG [http-nio-8080-exec-7] o.s.w.s.m.m.a.RequestResponseBodyMethodProcessor - Read "application/json;charset=UTF-8" to [PlantRequest(name=Eucalyptus, description=Plante respiratoire par excellence, utilisée en inhalation (truncated)...]
2026-05-18 12:49:37 DEBUG [http-nio-8080-exec-7] org.hibernate.SQL - 
    insert 
    into
        plants
        (affiliate_link, description, image_url, name, origin, season_found) 
    values
        (?, ?, ?, ?, ?, ?)
2026-05-18 12:49:37 DEBUG [http-nio-8080-exec-7] org.hibernate.SQL - 
    insert 
    into
        plant_properties
        (plant_id, property) 
    values
        (?, ?)
2026-05-18 12:49:37 DEBUG [http-nio-8080-exec-7] org.hibernate.SQL - 
    insert 
    into
        plant_properties
        (plant_id, property) 
    values
        (?, ?)
2026-05-18 12:49:37 DEBUG [http-nio-8080-exec-7] org.hibernate.SQL - 
    insert 
    into
        plant_properties
        (plant_id, property) 
    values
        (?, ?)
2026-05-18 12:49:37 DEBUG [http-nio-8080-exec-7] org.hibernate.SQL - 
    insert 
    into
        plant_uses
        (plant_id, use) 
    values
        (?, ?)
2026-05-18 12:49:37 DEBUG [http-nio-8080-exec-7] org.hibernate.SQL - 
    insert 
    into
        plant_uses
        (plant_id, use) 
    values
        (?, ?)
2026-05-18 12:49:37 DEBUG [http-nio-8080-exec-7] org.hibernate.SQL - 
    insert 
    into
        plant_uses
        (plant_id, use) 
    values
        (?, ?)
2026-05-18 12:49:37 DEBUG [http-nio-8080-exec-7] o.s.w.s.m.m.a.HttpEntityMethodProcessor - Using 'application/json', given [*/*] and supported [application/json, application/*+json]
2026-05-18 12:49:37 DEBUG [http-nio-8080-exec-7] o.s.w.s.m.m.a.HttpEntityMethodProcessor - Writing [PlantResponse(id=9, name=Eucalyptus, description=Plante respiratoire par excellence, utilisée en inh (truncated)...]
2026-05-18 12:49:37 DEBUG [http-nio-8080-exec-7] o.s.web.servlet.DispatcherServlet - Completed 201 CREATED
2026-05-18 12:49:49 DEBUG [http-nio-8080-exec-9] o.s.web.servlet.DispatcherServlet - POST "/api/plants", parameters={}
2026-05-18 12:49:49 DEBUG [http-nio-8080-exec-9] o.s.w.s.m.m.a.RequestMappingHandlerMapping - Mapped to com.plants.api.controllers.PlantController#createPlant(PlantRequest)
2026-05-18 12:49:49 DEBUG [http-nio-8080-exec-9] o.s.w.s.m.m.a.RequestResponseBodyMethodProcessor - Read "application/json;charset=UTF-8" to [PlantRequest(name=Ortie, description=Plante reminéralisante riche en fer et en vitamines., origin=Eu (truncated)...]
2026-05-18 12:49:49 DEBUG [http-nio-8080-exec-9] org.hibernate.SQL - 
    insert 
    into
        plants
        (affiliate_link, description, image_url, name, origin, season_found) 
    values
        (?, ?, ?, ?, ?, ?)
2026-05-18 12:49:49 DEBUG [http-nio-8080-exec-9] org.hibernate.SQL - 
    insert 
    into
        plant_properties
        (plant_id, property) 
    values
        (?, ?)
2026-05-18 12:49:49 DEBUG [http-nio-8080-exec-9] org.hibernate.SQL - 
    insert 
    into
        plant_properties
        (plant_id, property) 
    values
        (?, ?)
2026-05-18 12:49:49 DEBUG [http-nio-8080-exec-9] org.hibernate.SQL - 
    insert 
    into
        plant_properties
        (plant_id, property) 
    values
        (?, ?)
2026-05-18 12:49:49 DEBUG [http-nio-8080-exec-9] org.hibernate.SQL - 
    insert 
    into
        plant_uses
        (plant_id, use) 
    values
        (?, ?)
2026-05-18 12:49:49 DEBUG [http-nio-8080-exec-9] org.hibernate.SQL - 
    insert 
    into
        plant_uses
        (plant_id, use) 
    values
        (?, ?)
2026-05-18 12:49:49 DEBUG [http-nio-8080-exec-9] org.hibernate.SQL - 
    insert 
    into
        plant_uses
        (plant_id, use) 
    values
        (?, ?)
2026-05-18 12:49:49 DEBUG [http-nio-8080-exec-9] o.s.w.s.m.m.a.HttpEntityMethodProcessor - Using 'application/json', given [*/*] and supported [application/json, application/*+json]
2026-05-18 12:49:49 DEBUG [http-nio-8080-exec-9] o.s.w.s.m.m.a.HttpEntityMethodProcessor - Writing [PlantResponse(id=10, name=Ortie, description=Plante reminéralisante riche en fer et en vitamines., o (truncated)...]
2026-05-18 12:49:49 DEBUG [http-nio-8080-exec-9] o.s.web.servlet.DispatcherServlet - Completed 201 CREATED
2026-05-18 12:52:51 DEBUG [http-nio-8080-exec-6] o.s.web.servlet.DispatcherServlet - GET "/v3/api-docs/Huiles", parameters={}
2026-05-18 12:52:51 DEBUG [http-nio-8080-exec-6] o.s.w.s.m.m.a.RequestMappingHandlerMapping - Mapped to org.springdoc.webmvc.api.MultipleOpenApiWebMvcResource#openapiJson(HttpServletRequest, String, String, Locale)
2026-05-18 12:52:51 DEBUG [http-nio-8080-exec-6] o.s.api.AbstractOpenApiResource - Fetching openApi document from cache
2026-05-18 12:52:51 DEBUG [http-nio-8080-exec-6] o.s.w.s.m.m.a.RequestResponseBodyMethodProcessor - Using 'application/json', given [application/json, */*] and supported [application/json]
2026-05-18 12:52:51 DEBUG [http-nio-8080-exec-6] o.s.w.s.m.m.a.RequestResponseBodyMethodProcessor - Writing [{123, 34, 111, 112, 101, 110, 97, 112, 105, 34, 58, 34, 51, 46, 48, 46, 49, 34, 44, 34, 105, 110, 10 (truncated)...]
2026-05-18 12:52:51 DEBUG [http-nio-8080-exec-6] o.s.web.servlet.DispatcherServlet - Completed 200 OK
2026-05-18 12:52:55 DEBUG [http-nio-8080-exec-1] o.s.web.servlet.DispatcherServlet - GET "/v3/api-docs/Authentification", parameters={}
2026-05-18 12:52:55 DEBUG [http-nio-8080-exec-1] o.s.w.s.m.m.a.RequestMappingHandlerMapping - Mapped to org.springdoc.webmvc.api.MultipleOpenApiWebMvcResource#openapiJson(HttpServletRequest, String, String, Locale)
2026-05-18 12:52:55 DEBUG [http-nio-8080-exec-1] o.s.api.AbstractOpenApiResource - Fetching openApi document from cache
2026-05-18 12:52:55 DEBUG [http-nio-8080-exec-1] o.s.w.s.m.m.a.RequestResponseBodyMethodProcessor - Using 'application/json', given [application/json, */*] and supported [application/json]
2026-05-18 12:52:55 DEBUG [http-nio-8080-exec-1] o.s.w.s.m.m.a.RequestResponseBodyMethodProcessor - Writing [{123, 34, 111, 112, 101, 110, 97, 112, 105, 34, 58, 34, 51, 46, 48, 46, 49, 34, 44, 34, 105, 110, 10 (truncated)...]
2026-05-18 12:52:55 DEBUG [http-nio-8080-exec-1] o.s.web.servlet.DispatcherServlet - Completed 200 OK
2026-05-18 12:53:20 DEBUG [http-nio-8080-exec-10] o.s.web.servlet.DispatcherServlet - POST "/api/auth/register", parameters={}
2026-05-18 12:53:20 DEBUG [http-nio-8080-exec-10] o.s.w.s.m.m.a.RequestMappingHandlerMapping - Mapped to com.plants.api.controllers.AuthController#register(RegisterRequest)
2026-05-18 12:53:20 DEBUG [http-nio-8080-exec-10] o.s.w.s.m.m.a.RequestResponseBodyMethodProcessor - Read "application/json;charset=UTF-8" to [RegisterRequest(email=toto@gmail.com, password=Toto123)]
2026-05-18 12:53:20 DEBUG [http-nio-8080-exec-10] o.s.w.s.m.m.a.ExceptionHandlerExceptionResolver - Using @ExceptionHandler com.plants.api.exceptions.GlobalExceptionHandler#handleValidationExceptions(MethodArgumentNotValidException, WebRequest)
2026-05-18 12:53:20 DEBUG [http-nio-8080-exec-10] o.s.w.s.m.m.a.HttpEntityMethodProcessor - Using 'application/json', given [*/*] and supported [application/json, application/*+json]
2026-05-18 12:53:20 DEBUG [http-nio-8080-exec-10] o.s.w.s.m.m.a.HttpEntityMethodProcessor - Writing [ErrorResponse(timestamp=2026-05-18T12:53:20.463878300, status=422, error=Validation Error, message=V (truncated)...]
2026-05-18 12:53:20 DEBUG [http-nio-8080-exec-10] o.s.w.s.m.m.a.ExceptionHandlerExceptionResolver - Resolved [org.springframework.web.bind.MethodArgumentNotValidException: Validation failed for argument [0] in public org.springframework.http.ResponseEntity<com.plants.api.dto.responses.AuthResponse> com.plants.api.controllers.AuthController.register(com.plants.api.dto.request.RegisterRequest): [Field error in object 'registerRequest' on field 'password': rejected value [Toto123]; codes [Size.registerRequest.password,Size.password,Size.java.lang.String,Size]; arguments [org.springframework.context.support.DefaultMessageSourceResolvable: codes [registerRequest.password,password]; arguments []; default message [password],2147483647,8]; default message [Password must be at least 8 characters long]] ]
2026-05-18 12:53:20 DEBUG [http-nio-8080-exec-10] o.s.web.servlet.DispatcherServlet - Completed 422 UNPROCESSABLE_ENTITY
2026-05-18 12:53:43 DEBUG [http-nio-8080-exec-2] o.s.web.servlet.DispatcherServlet - POST "/api/auth/register", parameters={}
2026-05-18 12:53:43 DEBUG [http-nio-8080-exec-2] o.s.w.s.m.m.a.RequestMappingHandlerMapping - Mapped to com.plants.api.controllers.AuthController#register(RegisterRequest)
2026-05-18 12:53:43 DEBUG [http-nio-8080-exec-2] o.s.w.s.m.m.a.RequestResponseBodyMethodProcessor - Read "application/json;charset=UTF-8" to [RegisterRequest(email=toto@gmail.com, password=Toto1234)]
2026-05-18 12:53:43 DEBUG [http-nio-8080-exec-2] org.hibernate.SQL - 
    select
        u1_0.id 
    from
        users u1_0 
    where
        u1_0.email=? 
    fetch
        first ? rows only
2026-05-18 12:53:43 DEBUG [http-nio-8080-exec-2] org.hibernate.SQL - 
    insert 
    into
        users
        (created_at, email, password, role) 
    values
        (?, ?, ?, ?)
2026-05-18 12:53:43 DEBUG [http-nio-8080-exec-2] o.s.w.s.m.m.a.HttpEntityMethodProcessor - Using 'application/json', given [*/*] and supported [application/json, application/*+json]
2026-05-18 12:53:43 DEBUG [http-nio-8080-exec-2] o.s.w.s.m.m.a.HttpEntityMethodProcessor - Writing [AuthResponse(accessToken=eyJhbGciOiJIUzI1NiJ9.eyJzdWIiOiJ0b3RvQGdtYWlsLmNvbSIsImlhdCI6MTc3OTEwMTYyMy (truncated)...]
2026-05-18 12:53:43 DEBUG [http-nio-8080-exec-2] o.s.web.servlet.DispatcherServlet - Completed 201 CREATED
2026-05-18 13:26:14 INFO  [SpringApplicationShutdownHook] o.s.o.j.LocalContainerEntityManagerFactoryBean - Closing JPA EntityManagerFactory for persistence unit 'default'
2026-05-18 13:26:14 INFO  [SpringApplicationShutdownHook] com.zaxxer.hikari.HikariDataSource - HikariPool-1 - Shutdown initiated...
2026-05-18 13:26:14 INFO  [SpringApplicationShutdownHook] com.zaxxer.hikari.HikariDataSource - HikariPool-1 - Shutdown completed.
2026-05-18 13:26:22 INFO  [background-preinit] o.h.validator.internal.util.Version - HV000001: Hibernate Validator 8.0.1.Final
2026-05-18 13:26:22 INFO  [main] com.plants.api.ApiApplication - Starting ApiApplication using Java 21.0.11 with PID 29260 (C:\Users\kader\plants-medicinales-SaaS\target\classes started by kader in C:\Users\kader\plants-medicinales-SaaS)
2026-05-18 13:26:22 DEBUG [main] com.plants.api.ApiApplication - Running with Spring Boot v3.2.0, Spring v6.1.1
2026-05-18 13:26:22 INFO  [main] com.plants.api.ApiApplication - The following 1 profile is active: "dev"
2026-05-18 13:26:24 INFO  [main] o.s.d.r.c.RepositoryConfigurationDelegate - Multiple Spring Data modules found, entering strict repository configuration mode
2026-05-18 13:26:24 INFO  [main] o.s.d.r.c.RepositoryConfigurationDelegate - Bootstrapping Spring Data JPA repositories in DEFAULT mode.
2026-05-18 13:26:24 INFO  [main] o.s.d.r.c.RepositoryConfigurationDelegate - Finished Spring Data repository scanning in 150 ms. Found 8 JPA repository interfaces.
2026-05-18 13:26:24 INFO  [main] o.s.d.r.c.RepositoryConfigurationDelegate - Multiple Spring Data modules found, entering strict repository configuration mode
2026-05-18 13:26:24 INFO  [main] o.s.d.r.c.RepositoryConfigurationDelegate - Bootstrapping Spring Data Redis repositories in DEFAULT mode.
2026-05-18 13:26:24 INFO  [main] o.s.d.r.c.RepositoryConfigurationExtensionSupport - Spring Data Redis - Could not safely identify store assignment for repository candidate interface com.plants.api.repositories.AffiliateClickRepository; If you want this repository to be a Redis repository, consider annotating your entities with one of these annotations: org.springframework.data.redis.core.RedisHash (preferred), or consider extending one of the following types with your repository: org.springframework.data.keyvalue.repository.KeyValueRepository
2026-05-18 13:26:24 INFO  [main] o.s.d.r.c.RepositoryConfigurationExtensionSupport - Spring Data Redis - Could not safely identify store assignment for repository candidate interface com.plants.api.repositories.AffiliateProductRepository; If you want this repository to be a Redis repository, consider annotating your entities with one of these annotations: org.springframework.data.redis.core.RedisHash (preferred), or consider extending one of the following types with your repository: org.springframework.data.keyvalue.repository.KeyValueRepository
2026-05-18 13:26:24 INFO  [main] o.s.d.r.c.RepositoryConfigurationExtensionSupport - Spring Data Redis - Could not safely identify store assignment for repository candidate interface com.plants.api.repositories.ArticleRepository; If you want this repository to be a Redis repository, consider annotating your entities with one of these annotations: org.springframework.data.redis.core.RedisHash (preferred), or consider extending one of the following types with your repository: org.springframework.data.keyvalue.repository.KeyValueRepository
2026-05-18 13:26:24 INFO  [main] o.s.d.r.c.RepositoryConfigurationExtensionSupport - Spring Data Redis - Could not safely identify store assignment for repository candidate interface com.plants.api.repositories.CommentRepository; If you want this repository to be a Redis repository, consider annotating your entities with one of these annotations: org.springframework.data.redis.core.RedisHash (preferred), or consider extending one of the following types with your repository: org.springframework.data.keyvalue.repository.KeyValueRepository
2026-05-18 13:26:24 INFO  [main] o.s.d.r.c.RepositoryConfigurationExtensionSupport - Spring Data Redis - Could not safely identify store assignment for repository candidate interface com.plants.api.repositories.FavoriteRepository; If you want this repository to be a Redis repository, consider annotating your entities with one of these annotations: org.springframework.data.redis.core.RedisHash (preferred), or consider extending one of the following types with your repository: org.springframework.data.keyvalue.repository.KeyValueRepository
2026-05-18 13:26:24 INFO  [main] o.s.d.r.c.RepositoryConfigurationExtensionSupport - Spring Data Redis - Could not safely identify store assignment for repository candidate interface com.plants.api.repositories.OilRepository; If you want this repository to be a Redis repository, consider annotating your entities with one of these annotations: org.springframework.data.redis.core.RedisHash (preferred), or consider extending one of the following types with your repository: org.springframework.data.keyvalue.repository.KeyValueRepository
2026-05-18 13:26:24 INFO  [main] o.s.d.r.c.RepositoryConfigurationExtensionSupport - Spring Data Redis - Could not safely identify store assignment for repository candidate interface com.plants.api.repositories.PlantRepository; If you want this repository to be a Redis repository, consider annotating your entities with one of these annotations: org.springframework.data.redis.core.RedisHash (preferred), or consider extending one of the following types with your repository: org.springframework.data.keyvalue.repository.KeyValueRepository
2026-05-18 13:26:24 INFO  [main] o.s.d.r.c.RepositoryConfigurationExtensionSupport - Spring Data Redis - Could not safely identify store assignment for repository candidate interface com.plants.api.repositories.UserRepository; If you want this repository to be a Redis repository, consider annotating your entities with one of these annotations: org.springframework.data.redis.core.RedisHash (preferred), or consider extending one of the following types with your repository: org.springframework.data.keyvalue.repository.KeyValueRepository
2026-05-18 13:26:24 INFO  [main] o.s.d.r.c.RepositoryConfigurationDelegate - Finished Spring Data repository scanning in 6 ms. Found 0 Redis repository interfaces.
2026-05-18 13:26:25 INFO  [main] o.s.b.w.e.tomcat.TomcatWebServer - Tomcat initialized with port 8080 (http)
2026-05-18 13:26:25 INFO  [main] o.a.coyote.http11.Http11NioProtocol - Initializing ProtocolHandler ["http-nio-8080"]
2026-05-18 13:26:25 INFO  [main] o.a.catalina.core.StandardService - Starting service [Tomcat]
2026-05-18 13:26:25 INFO  [main] o.a.catalina.core.StandardEngine - Starting Servlet engine: [Apache Tomcat/10.1.16]
2026-05-18 13:26:25 INFO  [main] o.a.c.c.C.[Tomcat].[localhost].[/] - Initializing Spring embedded WebApplicationContext
2026-05-18 13:26:25 INFO  [main] o.s.b.w.s.c.ServletWebServerApplicationContext - Root WebApplicationContext: initialization completed in 2315 ms
2026-05-18 13:26:25 INFO  [main] com.zaxxer.hikari.HikariDataSource - HikariPool-1 - Starting...
2026-05-18 13:26:25 INFO  [main] com.zaxxer.hikari.pool.HikariPool - HikariPool-1 - Added connection org.postgresql.jdbc.PgConnection@6651efa4
2026-05-18 13:26:25 INFO  [main] com.zaxxer.hikari.HikariDataSource - HikariPool-1 - Start completed.
2026-05-18 13:26:25 INFO  [main] o.f.c.i.license.VersionPrinter - Flyway Community Edition 9.22.3 by Redgate
2026-05-18 13:26:25 INFO  [main] o.f.c.i.license.VersionPrinter - See release notes here: https://rd.gt/416ObMi
2026-05-18 13:26:25 INFO  [main] o.f.c.i.license.VersionPrinter - 
2026-05-18 13:26:25 INFO  [main] org.flywaydb.core.FlywayExecutor - Database: jdbc:postgresql://localhost:5432/api_dev (PostgreSQL 18.1)
2026-05-18 13:26:25 WARN  [main] o.f.c.i.database.base.Database - Flyway upgrade recommended: PostgreSQL 18.1 is newer than this version of Flyway and support has not been tested. The latest supported version of PostgreSQL is 15.
2026-05-18 13:26:25 INFO  [main] o.f.core.internal.command.DbValidate - Successfully validated 1 migration (execution time 00:00.028s)
2026-05-18 13:26:25 INFO  [main] o.f.core.internal.command.DbMigrate - Current version of schema "public": 1
2026-05-18 13:26:25 INFO  [main] o.f.core.internal.command.DbMigrate - Schema "public" is up to date. No migration necessary.
2026-05-18 13:26:26 INFO  [main] o.h.jpa.internal.util.LogHelper - HHH000204: Processing PersistenceUnitInfo [name: default]
2026-05-18 13:26:26 INFO  [main] org.hibernate.Version - HHH000412: Hibernate ORM core version 6.3.1.Final
2026-05-18 13:26:26 INFO  [main] o.h.c.i.RegionFactoryInitiator - HHH000026: Second-level cache disabled
2026-05-18 13:26:26 INFO  [main] o.s.o.j.p.SpringPersistenceUnitInfo - No LoadTimeWeaver setup: ignoring JPA class transformer
2026-05-18 13:26:26 WARN  [main] org.hibernate.orm.deprecation - HHH90000025: PostgreSQLDialect does not need to be specified explicitly using 'hibernate.dialect' (remove the property setting and it will be selected by default)
2026-05-18 13:26:27 INFO  [main] o.h.e.t.j.p.i.JtaPlatformInitiator - HHH000489: No JTA platform available (set 'hibernate.transaction.jta.platform' to enable JTA platform integration)
2026-05-18 13:26:27 DEBUG [main] org.hibernate.SQL - 
    create table comments (
        id bigserial not null,
        content TEXT not null,
        created_at timestamp(6),
        target_id bigint not null,
        type varchar(255) not null check (type in ('PLANT','OIL','ARTICLE')),
        visible boolean,
        user_id bigint not null,
        primary key (id)
    )
2026-05-18 13:26:27 DEBUG [main] org.hibernate.SQL - 
    create table favorites (
        id bigserial not null,
        created_at timestamp(6),
        pinned boolean,
        target_id bigint not null,
        type varchar(255) not null check (type in ('PLANT','OIL')),
        user_id bigint not null,
        primary key (id)
    )
2026-05-18 13:26:27 DEBUG [main] org.hibernate.SQL - 
    alter table if exists oil_benefits 
       add column benefit varchar(255)
2026-05-18 13:26:27 DEBUG [main] org.hibernate.SQL - 
    create table oil_precautions (
        oil_id bigint not null,
        precaution varchar(255)
    )
2026-05-18 13:26:27 DEBUG [main] org.hibernate.SQL - 
    alter table if exists comments 
       add constraint FK8omq0tc18jd43bu5tjh6jvraq 
       foreign key (user_id) 
       references users
2026-05-18 13:26:27 DEBUG [main] org.hibernate.SQL - 
    alter table if exists favorites 
       add constraint FKk7du8b8ewipawnnpg76d55fus 
       foreign key (user_id) 
       references users
2026-05-18 13:26:27 DEBUG [main] org.hibernate.SQL - 
    alter table if exists oil_precautions 
       add constraint FKd6r21x1k1vuxaw78e50p40r0 
       foreign key (oil_id) 
       references oils
2026-05-18 13:26:27 INFO  [main] o.s.o.j.LocalContainerEntityManagerFactoryBean - Initialized JPA EntityManagerFactory for persistence unit 'default'
2026-05-18 13:26:28 DEBUG [main] c.p.a.s.JwtAuthenticationFilter - Filter 'jwtAuthenticationFilter' configured for use
2026-05-18 13:26:28 DEBUG [main] o.s.w.f.ServerHttpObservationFilter - Filter 'webMvcObservationFilter' configured for use
2026-05-18 13:26:28 INFO  [main] o.s.d.j.r.query.QueryEnhancerFactory - Hibernate is in classpath; If applicable, HQL parser will be used.
2026-05-18 13:26:31 WARN  [main] o.s.b.a.o.j.JpaBaseConfiguration$JpaWebConfiguration - spring.jpa.open-in-view is enabled by default. Therefore, database queries may be performed during view rendering. Explicitly configure spring.jpa.open-in-view to disable this warning
2026-05-18 13:26:31 DEBUG [main] o.s.w.s.m.m.a.RequestMappingHandlerMapping - 64 mappings in 'requestMappingHandlerMapping'
2026-05-18 13:26:32 DEBUG [main] o.s.w.s.h.SimpleUrlHandlerMapping - Patterns [/swagger-ui*/*swagger-initializer.js, /swagger-ui*/**] in 'resourceHandlerMapping'
2026-05-18 13:26:32 DEBUG [main] o.s.w.s.m.m.a.RequestMappingHandlerAdapter - ControllerAdvice beans: 0 @ModelAttribute, 0 @InitBinder, 1 RequestBodyAdvice, 1 ResponseBodyAdvice
2026-05-18 13:26:32 DEBUG [main] o.s.w.s.m.m.a.ExceptionHandlerExceptionResolver - ControllerAdvice beans: 2 @ExceptionHandler, 1 ResponseBodyAdvice
2026-05-18 13:26:33 INFO  [main] o.s.b.a.e.web.EndpointLinksResolver - Exposing 1 endpoint(s) beneath base path '/actuator'
2026-05-18 13:26:33 INFO  [main] o.s.s.web.DefaultSecurityFilterChain - Will secure any request with [org.springframework.security.web.session.DisableEncodeUrlFilter@4b7c4e0e, org.springframework.security.web.context.request.async.WebAsyncManagerIntegrationFilter@78698291, org.springframework.security.web.context.SecurityContextHolderFilter@6a67e945, org.springframework.security.web.header.HeaderWriterFilter@5b218570, org.springframework.web.filter.CorsFilter@48f7dbe0, org.springframework.security.web.authentication.logout.LogoutFilter@45e5212f, com.plants.api.security.JwtAuthenticationFilter@28cfbcc, org.springframework.security.web.savedrequest.RequestCacheAwareFilter@1f44c6b6, org.springframework.security.web.servletapi.SecurityContextHolderAwareRequestFilter@1607278e, org.springframework.security.web.authentication.AnonymousAuthenticationFilter@25ce4114, org.springframework.security.web.session.SessionManagementFilter@65b4a0d2, org.springframework.security.web.access.ExceptionTranslationFilter@57bbdcf1, org.springframework.security.web.access.intercept.AuthorizationFilter@5f9b21a1]
2026-05-18 13:26:34 INFO  [main] o.a.coyote.http11.Http11NioProtocol - Starting ProtocolHandler ["http-nio-8080"]
2026-05-18 13:26:34 INFO  [main] o.s.b.w.e.tomcat.TomcatWebServer - Tomcat started on port 8080 (http) with context path ''
2026-05-18 13:26:34 INFO  [main] com.plants.api.ApiApplication - Started ApiApplication in 12.477 seconds (process running for 13.493)
2026-05-18 13:26:35 INFO  [RMI TCP Connection(1)-192.168.1.118] o.a.c.c.C.[Tomcat].[localhost].[/] - Initializing Spring DispatcherServlet 'dispatcherServlet'
2026-05-18 13:26:35 INFO  [RMI TCP Connection(1)-192.168.1.118] o.s.web.servlet.DispatcherServlet - Initializing Servlet 'dispatcherServlet'
2026-05-18 13:26:35 DEBUG [RMI TCP Connection(1)-192.168.1.118] o.s.web.servlet.DispatcherServlet - Detected StandardServletMultipartResolver
2026-05-18 13:26:35 DEBUG [RMI TCP Connection(1)-192.168.1.118] o.s.web.servlet.DispatcherServlet - Detected AcceptHeaderLocaleResolver
2026-05-18 13:26:35 DEBUG [RMI TCP Connection(1)-192.168.1.118] o.s.web.servlet.DispatcherServlet - Detected FixedThemeResolver
2026-05-18 13:26:35 DEBUG [RMI TCP Connection(1)-192.168.1.118] o.s.web.servlet.DispatcherServlet - Detected org.springframework.web.servlet.view.DefaultRequestToViewNameTranslator@36df566
2026-05-18 13:26:35 DEBUG [RMI TCP Connection(1)-192.168.1.118] o.s.web.servlet.DispatcherServlet - Detected org.springframework.web.servlet.support.SessionFlashMapManager@6980c50b
2026-05-18 13:26:35 DEBUG [RMI TCP Connection(1)-192.168.1.118] o.s.web.servlet.DispatcherServlet - enableLoggingRequestDetails='false': request parameters and headers will be masked to prevent unsafe logging of potentially sensitive data
2026-05-18 13:26:35 INFO  [RMI TCP Connection(1)-192.168.1.118] o.s.web.servlet.DispatcherServlet - Completed initialization in 11 ms
2026-05-18 14:10:25 WARN  [http-nio-8080-exec-2] o.s.w.s.h.HandlerMappingIntrospector - Cache miss for REQUEST dispatch to '/swagger-ui/index.html' (previous null). Performing MatchableHandlerMapping lookup. This is logged once only at WARN level, and every time at TRACE.
2026-05-18 14:10:25 DEBUG [http-nio-8080-exec-2] o.s.web.servlet.DispatcherServlet - GET "/swagger-ui/index.html?urls.primaryName=Authentification", parameters={masked}
2026-05-18 14:10:25 DEBUG [http-nio-8080-exec-2] o.s.w.s.h.SimpleUrlHandlerMapping - Mapped to ResourceHttpRequestHandler [classpath [META-INF/resources/webjars/]]
2026-05-18 14:10:25 DEBUG [http-nio-8080-exec-2] o.s.web.servlet.DispatcherServlet - Completed 200 OK
2026-05-18 14:10:25 DEBUG [http-nio-8080-exec-3] o.s.web.servlet.DispatcherServlet - GET "/swagger-ui/swagger-ui.css", parameters={}
2026-05-18 14:10:25 DEBUG [http-nio-8080-exec-3] o.s.w.s.h.SimpleUrlHandlerMapping - Mapped to ResourceHttpRequestHandler [classpath [META-INF/resources/webjars/]]
2026-05-18 14:10:25 DEBUG [http-nio-8080-exec-4] o.s.web.servlet.DispatcherServlet - GET "/swagger-ui/index.css", parameters={}
2026-05-18 14:10:25 DEBUG [http-nio-8080-exec-4] o.s.w.s.h.SimpleUrlHandlerMapping - Mapped to ResourceHttpRequestHandler [classpath [META-INF/resources/webjars/]]
2026-05-18 14:10:25 DEBUG [http-nio-8080-exec-3] o.s.web.servlet.DispatcherServlet - Completed 200 OK
2026-05-18 14:10:25 DEBUG [http-nio-8080-exec-4] o.s.web.servlet.DispatcherServlet - Completed 200 OK
2026-05-18 14:10:25 DEBUG [http-nio-8080-exec-5] o.s.web.servlet.DispatcherServlet - GET "/swagger-ui/swagger-ui-bundle.js", parameters={}
2026-05-18 14:10:25 DEBUG [http-nio-8080-exec-5] o.s.w.s.h.SimpleUrlHandlerMapping - Mapped to ResourceHttpRequestHandler [classpath [META-INF/resources/webjars/]]
2026-05-18 14:10:25 DEBUG [http-nio-8080-exec-5] o.s.web.servlet.DispatcherServlet - Completed 200 OK
2026-05-18 14:10:25 DEBUG [http-nio-8080-exec-6] o.s.web.servlet.DispatcherServlet - GET "/swagger-ui/swagger-ui-standalone-preset.js", parameters={}
2026-05-18 14:10:25 DEBUG [http-nio-8080-exec-6] o.s.w.s.h.SimpleUrlHandlerMapping - Mapped to ResourceHttpRequestHandler [classpath [META-INF/resources/webjars/]]
2026-05-18 14:10:25 DEBUG [http-nio-8080-exec-6] o.s.web.servlet.DispatcherServlet - Completed 200 OK
2026-05-18 14:10:25 DEBUG [http-nio-8080-exec-7] o.s.web.servlet.DispatcherServlet - GET "/swagger-ui/swagger-initializer.js", parameters={}
2026-05-18 14:10:25 DEBUG [http-nio-8080-exec-7] o.s.w.s.h.SimpleUrlHandlerMapping - Mapped to ResourceHttpRequestHandler [classpath [META-INF/resources/webjars/]]
2026-05-18 14:10:25 DEBUG [http-nio-8080-exec-7] o.s.web.servlet.DispatcherServlet - Completed 200 OK
2026-05-18 14:10:26 DEBUG [http-nio-8080-exec-8] o.s.web.servlet.DispatcherServlet - GET "/swagger-ui/swagger-ui-bundle.js", parameters={}
2026-05-18 14:10:26 DEBUG [http-nio-8080-exec-8] o.s.w.s.h.SimpleUrlHandlerMapping - Mapped to ResourceHttpRequestHandler [classpath [META-INF/resources/webjars/]]
2026-05-18 14:10:26 DEBUG [http-nio-8080-exec-8] o.s.web.servlet.DispatcherServlet - Completed 200 OK
2026-05-18 14:10:29 DEBUG [http-nio-8080-exec-9] o.s.web.servlet.DispatcherServlet - GET "/v3/api-docs/swagger-config", parameters={}
2026-05-18 14:10:29 DEBUG [http-nio-8080-exec-9] o.s.w.s.m.m.a.RequestMappingHandlerMapping - Mapped to org.springdoc.webmvc.ui.SwaggerConfigResource#openapiJson(HttpServletRequest)
2026-05-18 14:10:29 DEBUG [http-nio-8080-exec-9] o.s.w.s.m.m.a.RequestResponseBodyMethodProcessor - Using 'application/json', given [*/*] and supported [application/json]
2026-05-18 14:10:29 DEBUG [http-nio-8080-exec-9] o.s.w.s.m.m.a.RequestResponseBodyMethodProcessor - Writing [{configUrl=/v3/api-docs/swagger-config, oauth2RedirectUrl=http://localhost:8080/swagger-ui/oauth2-re (truncated)...]
2026-05-18 14:10:29 DEBUG [http-nio-8080-exec-9] o.s.web.servlet.DispatcherServlet - Completed 200 OK
2026-05-18 14:10:30 DEBUG [http-nio-8080-exec-10] o.s.web.servlet.DispatcherServlet - GET "/v3/api-docs/Authentification", parameters={}
2026-05-18 14:10:30 DEBUG [http-nio-8080-exec-10] o.s.w.s.m.m.a.RequestMappingHandlerMapping - Mapped to org.springdoc.webmvc.api.MultipleOpenApiWebMvcResource#openapiJson(HttpServletRequest, String, String, Locale)
2026-05-18 14:10:30 INFO  [http-nio-8080-exec-10] o.s.api.AbstractOpenApiResource - Init duration for springdoc-openapi is: 632 ms
2026-05-18 14:10:30 DEBUG [http-nio-8080-exec-10] o.s.w.s.m.m.a.RequestResponseBodyMethodProcessor - Using 'application/json', given [application/json, */*] and supported [application/json]
2026-05-18 14:10:30 DEBUG [http-nio-8080-exec-10] o.s.w.s.m.m.a.RequestResponseBodyMethodProcessor - Writing [{123, 34, 111, 112, 101, 110, 97, 112, 105, 34, 58, 34, 51, 46, 48, 46, 49, 34, 44, 34, 105, 110, 10 (truncated)...]
2026-05-18 14:10:30 DEBUG [http-nio-8080-exec-10] o.s.web.servlet.DispatcherServlet - Completed 200 OK
2026-05-18 14:10:37 DEBUG [http-nio-8080-exec-1] o.s.web.servlet.DispatcherServlet - GET "/swagger-ui/swagger-ui-standalone-preset.js", parameters={}
2026-05-18 14:10:37 DEBUG [http-nio-8080-exec-1] o.s.w.s.h.SimpleUrlHandlerMapping - Mapped to ResourceHttpRequestHandler [classpath [META-INF/resources/webjars/]]
2026-05-18 14:10:37 DEBUG [http-nio-8080-exec-1] o.s.web.servlet.DispatcherServlet - Completed 200 OK
2026-05-18 14:10:38 DEBUG [http-nio-8080-exec-5] o.s.web.servlet.DispatcherServlet - GET "/swagger-ui/swagger-initializer.js", parameters={}
2026-05-18 14:10:38 DEBUG [http-nio-8080-exec-5] o.s.w.s.h.SimpleUrlHandlerMapping - Mapped to ResourceHttpRequestHandler [classpath [META-INF/resources/webjars/]]
2026-05-18 14:10:38 DEBUG [http-nio-8080-exec-5] o.s.web.servlet.DispatcherServlet - Completed 200 OK
2026-05-18 14:58:02 INFO  [SpringApplicationShutdownHook] o.s.o.j.LocalContainerEntityManagerFactoryBean - Closing JPA EntityManagerFactory for persistence unit 'default'
2026-05-18 14:58:02 INFO  [SpringApplicationShutdownHook] com.zaxxer.hikari.HikariDataSource - HikariPool-1 - Shutdown initiated...
2026-05-18 14:58:02 INFO  [SpringApplicationShutdownHook] com.zaxxer.hikari.HikariDataSource - HikariPool-1 - Shutdown completed.
2026-05-18 14:58:08 INFO  [background-preinit] o.h.validator.internal.util.Version - HV000001: Hibernate Validator 8.0.1.Final
2026-05-18 14:58:08 INFO  [main] com.plants.api.ApiApplication - Starting ApiApplication using Java 21.0.11 with PID 21728 (C:\Users\kader\plants-medicinales-SaaS\target\classes started by kader in C:\Users\kader\plants-medicinales-SaaS)
2026-05-18 14:58:08 DEBUG [main] com.plants.api.ApiApplication - Running with Spring Boot v3.2.0, Spring v6.1.1
2026-05-18 14:58:08 INFO  [main] com.plants.api.ApiApplication - The following 1 profile is active: "dev"
2026-05-18 14:58:09 INFO  [main] o.s.d.r.c.RepositoryConfigurationDelegate - Multiple Spring Data modules found, entering strict repository configuration mode
2026-05-18 14:58:09 INFO  [main] o.s.d.r.c.RepositoryConfigurationDelegate - Bootstrapping Spring Data JPA repositories in DEFAULT mode.
2026-05-18 14:58:09 INFO  [main] o.s.d.r.c.RepositoryConfigurationDelegate - Finished Spring Data repository scanning in 166 ms. Found 8 JPA repository interfaces.
2026-05-18 14:58:09 INFO  [main] o.s.d.r.c.RepositoryConfigurationDelegate - Multiple Spring Data modules found, entering strict repository configuration mode
2026-05-18 14:58:09 INFO  [main] o.s.d.r.c.RepositoryConfigurationDelegate - Bootstrapping Spring Data Redis repositories in DEFAULT mode.
2026-05-18 14:58:09 INFO  [main] o.s.d.r.c.RepositoryConfigurationExtensionSupport - Spring Data Redis - Could not safely identify store assignment for repository candidate interface com.plants.api.repositories.AffiliateClickRepository; If you want this repository to be a Redis repository, consider annotating your entities with one of these annotations: org.springframework.data.redis.core.RedisHash (preferred), or consider extending one of the following types with your repository: org.springframework.data.keyvalue.repository.KeyValueRepository
2026-05-18 14:58:09 INFO  [main] o.s.d.r.c.RepositoryConfigurationExtensionSupport - Spring Data Redis - Could not safely identify store assignment for repository candidate interface com.plants.api.repositories.AffiliateProductRepository; If you want this repository to be a Redis repository, consider annotating your entities with one of these annotations: org.springframework.data.redis.core.RedisHash (preferred), or consider extending one of the following types with your repository: org.springframework.data.keyvalue.repository.KeyValueRepository
2026-05-18 14:58:09 INFO  [main] o.s.d.r.c.RepositoryConfigurationExtensionSupport - Spring Data Redis - Could not safely identify store assignment for repository candidate interface com.plants.api.repositories.ArticleRepository; If you want this repository to be a Redis repository, consider annotating your entities with one of these annotations: org.springframework.data.redis.core.RedisHash (preferred), or consider extending one of the following types with your repository: org.springframework.data.keyvalue.repository.KeyValueRepository
2026-05-18 14:58:09 INFO  [main] o.s.d.r.c.RepositoryConfigurationExtensionSupport - Spring Data Redis - Could not safely identify store assignment for repository candidate interface com.plants.api.repositories.CommentRepository; If you want this repository to be a Redis repository, consider annotating your entities with one of these annotations: org.springframework.data.redis.core.RedisHash (preferred), or consider extending one of the following types with your repository: org.springframework.data.keyvalue.repository.KeyValueRepository
2026-05-18 14:58:09 INFO  [main] o.s.d.r.c.RepositoryConfigurationExtensionSupport - Spring Data Redis - Could not safely identify store assignment for repository candidate interface com.plants.api.repositories.FavoriteRepository; If you want this repository to be a Redis repository, consider annotating your entities with one of these annotations: org.springframework.data.redis.core.RedisHash (preferred), or consider extending one of the following types with your repository: org.springframework.data.keyvalue.repository.KeyValueRepository
2026-05-18 14:58:09 INFO  [main] o.s.d.r.c.RepositoryConfigurationExtensionSupport - Spring Data Redis - Could not safely identify store assignment for repository candidate interface com.plants.api.repositories.OilRepository; If you want this repository to be a Redis repository, consider annotating your entities with one of these annotations: org.springframework.data.redis.core.RedisHash (preferred), or consider extending one of the following types with your repository: org.springframework.data.keyvalue.repository.KeyValueRepository
2026-05-18 14:58:09 INFO  [main] o.s.d.r.c.RepositoryConfigurationExtensionSupport - Spring Data Redis - Could not safely identify store assignment for repository candidate interface com.plants.api.repositories.PlantRepository; If you want this repository to be a Redis repository, consider annotating your entities with one of these annotations: org.springframework.data.redis.core.RedisHash (preferred), or consider extending one of the following types with your repository: org.springframework.data.keyvalue.repository.KeyValueRepository
2026-05-18 14:58:09 INFO  [main] o.s.d.r.c.RepositoryConfigurationExtensionSupport - Spring Data Redis - Could not safely identify store assignment for repository candidate interface com.plants.api.repositories.UserRepository; If you want this repository to be a Redis repository, consider annotating your entities with one of these annotations: org.springframework.data.redis.core.RedisHash (preferred), or consider extending one of the following types with your repository: org.springframework.data.keyvalue.repository.KeyValueRepository
2026-05-18 14:58:09 INFO  [main] o.s.d.r.c.RepositoryConfigurationDelegate - Finished Spring Data repository scanning in 7 ms. Found 0 Redis repository interfaces.
2026-05-18 14:58:11 INFO  [main] o.s.b.w.e.tomcat.TomcatWebServer - Tomcat initialized with port 8080 (http)
2026-05-18 14:58:11 INFO  [main] o.a.coyote.http11.Http11NioProtocol - Initializing ProtocolHandler ["http-nio-8080"]
2026-05-18 14:58:11 INFO  [main] o.a.catalina.core.StandardService - Starting service [Tomcat]
2026-05-18 14:58:11 INFO  [main] o.a.catalina.core.StandardEngine - Starting Servlet engine: [Apache Tomcat/10.1.16]
2026-05-18 14:58:11 INFO  [main] o.a.c.c.C.[Tomcat].[localhost].[/] - Initializing Spring embedded WebApplicationContext
2026-05-18 14:58:11 INFO  [main] o.s.b.w.s.c.ServletWebServerApplicationContext - Root WebApplicationContext: initialization completed in 2696 ms
2026-05-18 14:58:11 INFO  [main] com.zaxxer.hikari.HikariDataSource - HikariPool-1 - Starting...
2026-05-18 14:58:11 INFO  [main] com.zaxxer.hikari.pool.HikariPool - HikariPool-1 - Added connection org.postgresql.jdbc.PgConnection@5ac646b3
2026-05-18 14:58:11 INFO  [main] com.zaxxer.hikari.HikariDataSource - HikariPool-1 - Start completed.
2026-05-18 14:58:12 INFO  [main] o.f.c.i.license.VersionPrinter - Flyway Community Edition 9.22.3 by Redgate
2026-05-18 14:58:12 INFO  [main] o.f.c.i.license.VersionPrinter - See release notes here: https://rd.gt/416ObMi
2026-05-18 14:58:12 INFO  [main] o.f.c.i.license.VersionPrinter - 
2026-05-18 14:58:12 INFO  [main] org.flywaydb.core.FlywayExecutor - Database: jdbc:postgresql://localhost:5432/api_dev (PostgreSQL 18.1)
2026-05-18 14:58:12 WARN  [main] o.f.c.i.database.base.Database - Flyway upgrade recommended: PostgreSQL 18.1 is newer than this version of Flyway and support has not been tested. The latest supported version of PostgreSQL is 15.
2026-05-18 14:58:12 INFO  [main] o.f.core.internal.command.DbValidate - Successfully validated 1 migration (execution time 00:00.063s)
2026-05-18 14:58:12 INFO  [main] o.f.core.internal.command.DbMigrate - Current version of schema "public": 1
2026-05-18 14:58:12 INFO  [main] o.f.core.internal.command.DbMigrate - Schema "public" is up to date. No migration necessary.
2026-05-18 14:58:12 INFO  [main] o.h.jpa.internal.util.LogHelper - HHH000204: Processing PersistenceUnitInfo [name: default]
2026-05-18 14:58:12 INFO  [main] org.hibernate.Version - HHH000412: Hibernate ORM core version 6.3.1.Final
2026-05-18 14:58:12 INFO  [main] o.h.c.i.RegionFactoryInitiator - HHH000026: Second-level cache disabled
2026-05-18 14:58:13 INFO  [main] o.s.o.j.p.SpringPersistenceUnitInfo - No LoadTimeWeaver setup: ignoring JPA class transformer
2026-05-18 14:58:13 WARN  [main] org.hibernate.orm.deprecation - HHH90000025: PostgreSQLDialect does not need to be specified explicitly using 'hibernate.dialect' (remove the property setting and it will be selected by default)
2026-05-18 14:58:15 INFO  [main] o.h.e.t.j.p.i.JtaPlatformInitiator - HHH000489: No JTA platform available (set 'hibernate.transaction.jta.platform' to enable JTA platform integration)
2026-05-18 14:58:16 INFO  [main] o.s.o.j.LocalContainerEntityManagerFactoryBean - Initialized JPA EntityManagerFactory for persistence unit 'default'
2026-05-18 14:58:17 DEBUG [main] c.p.a.s.JwtAuthenticationFilter - Filter 'jwtAuthenticationFilter' configured for use
2026-05-18 14:58:17 DEBUG [main] o.s.w.f.ServerHttpObservationFilter - Filter 'webMvcObservationFilter' configured for use
2026-05-18 14:58:17 INFO  [main] o.s.d.j.r.query.QueryEnhancerFactory - Hibernate is in classpath; If applicable, HQL parser will be used.
2026-05-18 14:58:19 WARN  [main] o.s.b.a.o.j.JpaBaseConfiguration$JpaWebConfiguration - spring.jpa.open-in-view is enabled by default. Therefore, database queries may be performed during view rendering. Explicitly configure spring.jpa.open-in-view to disable this warning
2026-05-18 14:58:19 DEBUG [main] o.s.w.s.m.m.a.RequestMappingHandlerMapping - 64 mappings in 'requestMappingHandlerMapping'
2026-05-18 14:58:19 DEBUG [main] o.s.w.s.h.SimpleUrlHandlerMapping - Patterns [/swagger-ui*/*swagger-initializer.js, /swagger-ui*/**] in 'resourceHandlerMapping'
2026-05-18 14:58:19 DEBUG [main] o.s.w.s.m.m.a.RequestMappingHandlerAdapter - ControllerAdvice beans: 0 @ModelAttribute, 0 @InitBinder, 1 RequestBodyAdvice, 1 ResponseBodyAdvice
2026-05-18 14:58:19 DEBUG [main] o.s.w.s.m.m.a.ExceptionHandlerExceptionResolver - ControllerAdvice beans: 2 @ExceptionHandler, 1 ResponseBodyAdvice
2026-05-18 14:58:19 INFO  [main] o.s.b.a.e.web.EndpointLinksResolver - Exposing 1 endpoint(s) beneath base path '/actuator'
2026-05-18 14:58:20 INFO  [main] o.s.s.web.DefaultSecurityFilterChain - Will secure any request with [org.springframework.security.web.session.DisableEncodeUrlFilter@646af766, org.springframework.security.web.context.request.async.WebAsyncManagerIntegrationFilter@a739cd9, org.springframework.security.web.context.SecurityContextHolderFilter@4eb870be, org.springframework.security.web.header.HeaderWriterFilter@57bbdcf1, org.springframework.web.filter.CorsFilter@610f3f1b, org.springframework.security.web.authentication.logout.LogoutFilter@35019e56, com.plants.api.security.JwtAuthenticationFilter@2d487df4, org.springframework.security.web.savedrequest.RequestCacheAwareFilter@63dd100c, org.springframework.security.web.servletapi.SecurityContextHolderAwareRequestFilter@6a67e945, org.springframework.security.web.authentication.AnonymousAuthenticationFilter@7a7ae0e1, org.springframework.security.web.session.SessionManagementFilter@782fb591, org.springframework.security.web.access.ExceptionTranslationFilter@74d3c448, org.springframework.security.web.access.intercept.AuthorizationFilter@21e860cd]
2026-05-18 14:58:20 INFO  [main] o.a.coyote.http11.Http11NioProtocol - Starting ProtocolHandler ["http-nio-8080"]
2026-05-18 14:58:21 INFO  [main] o.s.b.w.e.tomcat.TomcatWebServer - Tomcat started on port 8080 (http) with context path ''
2026-05-18 14:58:21 INFO  [main] com.plants.api.ApiApplication - Started ApiApplication in 13.198 seconds (process running for 14.112)
2026-05-18 14:58:21 INFO  [RMI TCP Connection(1)-192.168.1.118] o.a.c.c.C.[Tomcat].[localhost].[/] - Initializing Spring DispatcherServlet 'dispatcherServlet'
2026-05-18 14:58:21 INFO  [RMI TCP Connection(1)-192.168.1.118] o.s.web.servlet.DispatcherServlet - Initializing Servlet 'dispatcherServlet'
2026-05-18 14:58:21 DEBUG [RMI TCP Connection(1)-192.168.1.118] o.s.web.servlet.DispatcherServlet - Detected StandardServletMultipartResolver
2026-05-18 14:58:21 DEBUG [RMI TCP Connection(1)-192.168.1.118] o.s.web.servlet.DispatcherServlet - Detected AcceptHeaderLocaleResolver
2026-05-18 14:58:21 DEBUG [RMI TCP Connection(1)-192.168.1.118] o.s.web.servlet.DispatcherServlet - Detected FixedThemeResolver
2026-05-18 14:58:21 DEBUG [RMI TCP Connection(1)-192.168.1.118] o.s.web.servlet.DispatcherServlet - Detected org.springframework.web.servlet.view.DefaultRequestToViewNameTranslator@2a673ee8
2026-05-18 14:58:21 DEBUG [RMI TCP Connection(1)-192.168.1.118] o.s.web.servlet.DispatcherServlet - Detected org.springframework.web.servlet.support.SessionFlashMapManager@23368646
2026-05-18 14:58:21 DEBUG [RMI TCP Connection(1)-192.168.1.118] o.s.web.servlet.DispatcherServlet - enableLoggingRequestDetails='false': request parameters and headers will be masked to prevent unsafe logging of potentially sensitive data
2026-05-18 14:58:21 INFO  [RMI TCP Connection(1)-192.168.1.118] o.s.web.servlet.DispatcherServlet - Completed initialization in 4 ms
2026-05-18 14:58:47 WARN  [http-nio-8080-exec-2] o.s.w.s.h.HandlerMappingIntrospector - Cache miss for REQUEST dispatch to '/swagger-ui/index.html' (previous null). Performing MatchableHandlerMapping lookup. This is logged once only at WARN level, and every time at TRACE.
2026-05-18 14:58:47 DEBUG [http-nio-8080-exec-2] o.s.web.servlet.DispatcherServlet - GET "/swagger-ui/index.html?urls.primaryName=Authentification", parameters={masked}
2026-05-18 14:58:47 DEBUG [http-nio-8080-exec-2] o.s.w.s.h.SimpleUrlHandlerMapping - Mapped to ResourceHttpRequestHandler [classpath [META-INF/resources/webjars/]]
2026-05-18 14:58:47 DEBUG [http-nio-8080-exec-2] o.s.web.servlet.DispatcherServlet - Completed 200 OK
2026-05-18 14:58:48 DEBUG [http-nio-8080-exec-1] o.s.web.servlet.DispatcherServlet - GET "/swagger-ui/swagger-ui.css", parameters={}
2026-05-18 14:58:48 DEBUG [http-nio-8080-exec-1] o.s.w.s.h.SimpleUrlHandlerMapping - Mapped to ResourceHttpRequestHandler [classpath [META-INF/resources/webjars/]]
2026-05-18 14:58:48 DEBUG [http-nio-8080-exec-3] o.s.web.servlet.DispatcherServlet - GET "/swagger-ui/index.css", parameters={}
2026-05-18 14:58:48 DEBUG [http-nio-8080-exec-3] o.s.w.s.h.SimpleUrlHandlerMapping - Mapped to ResourceHttpRequestHandler [classpath [META-INF/resources/webjars/]]
2026-05-18 14:58:48 DEBUG [http-nio-8080-exec-5] o.s.web.servlet.DispatcherServlet - GET "/swagger-ui/swagger-ui-standalone-preset.js", parameters={}
2026-05-18 14:58:48 DEBUG [http-nio-8080-exec-6] o.s.web.servlet.DispatcherServlet - GET "/swagger-ui/swagger-initializer.js", parameters={}
2026-05-18 14:58:48 DEBUG [http-nio-8080-exec-5] o.s.w.s.h.SimpleUrlHandlerMapping - Mapped to ResourceHttpRequestHandler [classpath [META-INF/resources/webjars/]]
2026-05-18 14:58:48 DEBUG [http-nio-8080-exec-6] o.s.w.s.h.SimpleUrlHandlerMapping - Mapped to ResourceHttpRequestHandler [classpath [META-INF/resources/webjars/]]
2026-05-18 14:58:48 DEBUG [http-nio-8080-exec-3] o.s.web.servlet.DispatcherServlet - Completed 200 OK
2026-05-18 14:58:48 DEBUG [http-nio-8080-exec-4] o.s.web.servlet.DispatcherServlet - GET "/swagger-ui/swagger-ui-bundle.js", parameters={}
2026-05-18 14:58:48 DEBUG [http-nio-8080-exec-4] o.s.w.s.h.SimpleUrlHandlerMapping - Mapped to ResourceHttpRequestHandler [classpath [META-INF/resources/webjars/]]
2026-05-18 14:58:48 DEBUG [http-nio-8080-exec-1] o.s.web.servlet.DispatcherServlet - Completed 200 OK
2026-05-18 14:58:48 DEBUG [http-nio-8080-exec-5] o.s.web.servlet.DispatcherServlet - Completed 200 OK
2026-05-18 14:58:48 DEBUG [http-nio-8080-exec-6] o.s.web.servlet.DispatcherServlet - Completed 200 OK
2026-05-18 14:58:48 DEBUG [http-nio-8080-exec-4] o.s.web.servlet.DispatcherServlet - Completed 200 OK
2026-05-18 14:58:48 DEBUG [http-nio-8080-exec-7] o.s.web.servlet.DispatcherServlet - GET "/swagger-ui/swagger-initializer.js", parameters={}
2026-05-18 14:58:48 DEBUG [http-nio-8080-exec-8] o.s.web.servlet.DispatcherServlet - GET "/swagger-ui/swagger-ui-bundle.js", parameters={}
2026-05-18 14:58:48 DEBUG [http-nio-8080-exec-7] o.s.w.s.h.SimpleUrlHandlerMapping - Mapped to ResourceHttpRequestHandler [classpath [META-INF/resources/webjars/]]
2026-05-18 14:58:48 DEBUG [http-nio-8080-exec-8] o.s.w.s.h.SimpleUrlHandlerMapping - Mapped to ResourceHttpRequestHandler [classpath [META-INF/resources/webjars/]]
2026-05-18 14:58:48 DEBUG [http-nio-8080-exec-7] o.s.web.servlet.DispatcherServlet - Completed 200 OK
2026-05-18 14:58:48 DEBUG [http-nio-8080-exec-9] o.s.web.servlet.DispatcherServlet - GET "/swagger-ui/swagger-ui-standalone-preset.js", parameters={}
2026-05-18 14:58:48 DEBUG [http-nio-8080-exec-9] o.s.w.s.h.SimpleUrlHandlerMapping - Mapped to ResourceHttpRequestHandler [classpath [META-INF/resources/webjars/]]
2026-05-18 14:58:48 DEBUG [http-nio-8080-exec-8] o.s.web.servlet.DispatcherServlet - Completed 200 OK
2026-05-18 14:58:48 DEBUG [http-nio-8080-exec-9] o.s.web.servlet.DispatcherServlet - Completed 200 OK
2026-05-18 14:58:49 DEBUG [http-nio-8080-exec-10] o.s.web.servlet.DispatcherServlet - GET "/v3/api-docs/swagger-config", parameters={}
2026-05-18 14:58:49 DEBUG [http-nio-8080-exec-10] o.s.w.s.m.m.a.RequestMappingHandlerMapping - Mapped to org.springdoc.webmvc.ui.SwaggerConfigResource#openapiJson(HttpServletRequest)
2026-05-18 14:58:49 DEBUG [http-nio-8080-exec-2] o.s.web.servlet.DispatcherServlet - GET "/swagger-ui/favicon-32x32.png", parameters={}
2026-05-18 14:58:49 DEBUG [http-nio-8080-exec-2] o.s.w.s.h.SimpleUrlHandlerMapping - Mapped to ResourceHttpRequestHandler [classpath [META-INF/resources/webjars/]]
2026-05-18 14:58:49 DEBUG [http-nio-8080-exec-2] o.s.web.servlet.DispatcherServlet - Completed 200 OK
2026-05-18 14:58:49 DEBUG [http-nio-8080-exec-10] o.s.w.s.m.m.a.RequestResponseBodyMethodProcessor - Using 'application/json', given [*/*] and supported [application/json]
2026-05-18 14:58:49 DEBUG [http-nio-8080-exec-10] o.s.w.s.m.m.a.RequestResponseBodyMethodProcessor - Writing [{configUrl=/v3/api-docs/swagger-config, oauth2RedirectUrl=http://localhost:8080/swagger-ui/oauth2-re (truncated)...]
2026-05-18 14:58:49 DEBUG [http-nio-8080-exec-10] o.s.web.servlet.DispatcherServlet - Completed 200 OK
2026-05-18 14:58:49 DEBUG [http-nio-8080-exec-3] o.s.web.servlet.DispatcherServlet - GET "/v3/api-docs/Authentification", parameters={}
2026-05-18 14:58:49 DEBUG [http-nio-8080-exec-3] o.s.w.s.m.m.a.RequestMappingHandlerMapping - Mapped to org.springdoc.webmvc.api.MultipleOpenApiWebMvcResource#openapiJson(HttpServletRequest, String, String, Locale)
2026-05-18 14:58:50 INFO  [http-nio-8080-exec-3] o.s.api.AbstractOpenApiResource - Init duration for springdoc-openapi is: 456 ms
2026-05-18 14:58:50 DEBUG [http-nio-8080-exec-3] o.s.w.s.m.m.a.RequestResponseBodyMethodProcessor - Using 'application/json', given [application/json, */*] and supported [application/json]
2026-05-18 14:58:50 DEBUG [http-nio-8080-exec-3] o.s.w.s.m.m.a.RequestResponseBodyMethodProcessor - Writing [{123, 34, 111, 112, 101, 110, 97, 112, 105, 34, 58, 34, 51, 46, 48, 46, 49, 34, 44, 34, 105, 110, 10 (truncated)...]
2026-05-18 14:58:50 DEBUG [http-nio-8080-exec-3] o.s.web.servlet.DispatcherServlet - Completed 200 OK
2026-05-18 14:58:59 DEBUG [http-nio-8080-exec-1] o.s.web.servlet.DispatcherServlet - GET "/v3/api-docs/Plantes", parameters={}
2026-05-18 14:58:59 DEBUG [http-nio-8080-exec-1] o.s.w.s.m.m.a.RequestMappingHandlerMapping - Mapped to org.springdoc.webmvc.api.MultipleOpenApiWebMvcResource#openapiJson(HttpServletRequest, String, String, Locale)
2026-05-18 14:59:00 INFO  [http-nio-8080-exec-1] o.s.api.AbstractOpenApiResource - Init duration for springdoc-openapi is: 440 ms
2026-05-18 14:59:00 DEBUG [http-nio-8080-exec-1] o.s.w.s.m.m.a.RequestResponseBodyMethodProcessor - Using 'application/json', given [application/json, */*] and supported [application/json]
2026-05-18 14:59:00 DEBUG [http-nio-8080-exec-1] o.s.w.s.m.m.a.RequestResponseBodyMethodProcessor - Writing [{123, 34, 111, 112, 101, 110, 97, 112, 105, 34, 58, 34, 51, 46, 48, 46, 49, 34, 44, 34, 105, 110, 10 (truncated)...]
2026-05-18 14:59:00 DEBUG [http-nio-8080-exec-1] o.s.web.servlet.DispatcherServlet - Completed 200 OK
2026-05-18 14:59:33 DEBUG [http-nio-8080-exec-5] o.s.web.servlet.DispatcherServlet - GET "/api/plants?page=0&size=10", parameters={masked}
2026-05-18 14:59:33 DEBUG [http-nio-8080-exec-5] o.s.w.s.m.m.a.RequestMappingHandlerMapping - Mapped to com.plants.api.controllers.PlantController#getAllPlants(Pageable)
2026-05-18 14:59:33 DEBUG [http-nio-8080-exec-5] org.hibernate.SQL - 
    select
        p1_0.id,
        p1_0.affiliate_link,
        p1_0.description,
        p1_0.image_url,
        p1_0.name,
        p1_0.origin,
        p1_0.season_found 
    from
        plants p1_0 
    order by
        p1_0.name 
    offset
        ? rows 
    fetch
        first ? rows only
2026-05-18 14:59:33 DEBUG [http-nio-8080-exec-5] org.hibernate.SQL - 
    select
        count(p1_0.id) 
    from
        plants p1_0
2026-05-18 14:59:33 DEBUG [http-nio-8080-exec-5] org.hibernate.SQL - 
    select
        p1_0.plant_id,
        p1_0.property 
    from
        plant_properties p1_0 
    where
        p1_0.plant_id=?
2026-05-18 14:59:33 DEBUG [http-nio-8080-exec-5] org.hibernate.SQL - 
    select
        u1_0.plant_id,
        u1_0.use 
    from
        plant_uses u1_0 
    where
        u1_0.plant_id=?
2026-05-18 14:59:33 DEBUG [http-nio-8080-exec-5] org.hibernate.SQL - 
    select
        p1_0.plant_id,
        p1_0.property 
    from
        plant_properties p1_0 
    where
        p1_0.plant_id=?
2026-05-18 14:59:33 DEBUG [http-nio-8080-exec-5] org.hibernate.SQL - 
    select
        u1_0.plant_id,
        u1_0.use 
    from
        plant_uses u1_0 
    where
        u1_0.plant_id=?
2026-05-18 14:59:33 DEBUG [http-nio-8080-exec-5] org.hibernate.SQL - 
    select
        p1_0.plant_id,
        p1_0.property 
    from
        plant_properties p1_0 
    where
        p1_0.plant_id=?
2026-05-18 14:59:33 DEBUG [http-nio-8080-exec-5] org.hibernate.SQL - 
    select
        u1_0.plant_id,
        u1_0.use 
    from
        plant_uses u1_0 
    where
        u1_0.plant_id=?
2026-05-18 14:59:33 DEBUG [http-nio-8080-exec-5] org.hibernate.SQL - 
    select
        p1_0.plant_id,
        p1_0.property 
    from
        plant_properties p1_0 
    where
        p1_0.plant_id=?
2026-05-18 14:59:33 DEBUG [http-nio-8080-exec-5] org.hibernate.SQL - 
    select
        u1_0.plant_id,
        u1_0.use 
    from
        plant_uses u1_0 
    where
        u1_0.plant_id=?
2026-05-18 14:59:33 DEBUG [http-nio-8080-exec-5] org.hibernate.SQL - 
    select
        p1_0.plant_id,
        p1_0.property 
    from
        plant_properties p1_0 
    where
        p1_0.plant_id=?
2026-05-18 14:59:33 DEBUG [http-nio-8080-exec-5] org.hibernate.SQL - 
    select
        u1_0.plant_id,
        u1_0.use 
    from
        plant_uses u1_0 
    where
        u1_0.plant_id=?
2026-05-18 14:59:33 DEBUG [http-nio-8080-exec-5] org.hibernate.SQL - 
    select
        p1_0.plant_id,
        p1_0.property 
    from
        plant_properties p1_0 
    where
        p1_0.plant_id=?
2026-05-18 14:59:33 DEBUG [http-nio-8080-exec-5] org.hibernate.SQL - 
    select
        u1_0.plant_id,
        u1_0.use 
    from
        plant_uses u1_0 
    where
        u1_0.plant_id=?
2026-05-18 14:59:33 DEBUG [http-nio-8080-exec-5] org.hibernate.SQL - 
    select
        p1_0.plant_id,
        p1_0.property 
    from
        plant_properties p1_0 
    where
        p1_0.plant_id=?
2026-05-18 14:59:33 DEBUG [http-nio-8080-exec-5] org.hibernate.SQL - 
    select
        u1_0.plant_id,
        u1_0.use 
    from
        plant_uses u1_0 
    where
        u1_0.plant_id=?
2026-05-18 14:59:33 DEBUG [http-nio-8080-exec-5] org.hibernate.SQL - 
    select
        p1_0.plant_id,
        p1_0.property 
    from
        plant_properties p1_0 
    where
        p1_0.plant_id=?
2026-05-18 14:59:33 DEBUG [http-nio-8080-exec-5] org.hibernate.SQL - 
    select
        u1_0.plant_id,
        u1_0.use 
    from
        plant_uses u1_0 
    where
        u1_0.plant_id=?
2026-05-18 14:59:33 DEBUG [http-nio-8080-exec-5] org.hibernate.SQL - 
    select
        p1_0.plant_id,
        p1_0.property 
    from
        plant_properties p1_0 
    where
        p1_0.plant_id=?
2026-05-18 14:59:33 DEBUG [http-nio-8080-exec-5] org.hibernate.SQL - 
    select
        u1_0.plant_id,
        u1_0.use 
    from
        plant_uses u1_0 
    where
        u1_0.plant_id=?
2026-05-18 14:59:33 DEBUG [http-nio-8080-exec-5] org.hibernate.SQL - 
    select
        p1_0.plant_id,
        p1_0.property 
    from
        plant_properties p1_0 
    where
        p1_0.plant_id=?
2026-05-18 14:59:33 DEBUG [http-nio-8080-exec-5] org.hibernate.SQL - 
    select
        u1_0.plant_id,
        u1_0.use 
    from
        plant_uses u1_0 
    where
        u1_0.plant_id=?
2026-05-18 14:59:33 DEBUG [http-nio-8080-exec-5] o.s.w.s.m.m.a.HttpEntityMethodProcessor - Using 'application/json', given [*/*] and supported [application/json, application/*+json]
2026-05-18 14:59:33 DEBUG [http-nio-8080-exec-5] o.s.w.s.m.m.a.HttpEntityMethodProcessor - Writing [Page 1 of 1 containing com.plants.api.dto.responses.PlantResponse instances]
2026-05-18 14:59:33 DEBUG [http-nio-8080-exec-5] o.s.web.servlet.DispatcherServlet - Completed 200 OK
2026-05-18 15:00:16 DEBUG [http-nio-8080-exec-10] o.s.web.servlet.DispatcherServlet - GET "/api/plants?page=0&size=20", parameters={masked}
2026-05-18 15:00:16 DEBUG [http-nio-8080-exec-10] o.s.w.s.m.m.a.RequestMappingHandlerMapping - Mapped to com.plants.api.controllers.PlantController#getAllPlants(Pageable)
2026-05-18 15:00:16 DEBUG [http-nio-8080-exec-10] org.hibernate.SQL - 
    select
        p1_0.id,
        p1_0.affiliate_link,
        p1_0.description,
        p1_0.image_url,
        p1_0.name,
        p1_0.origin,
        p1_0.season_found 
    from
        plants p1_0 
    order by
        p1_0.name 
    offset
        ? rows 
    fetch
        first ? rows only
2026-05-18 15:00:16 DEBUG [http-nio-8080-exec-10] org.hibernate.SQL - 
    select
        p1_0.plant_id,
        p1_0.property 
    from
        plant_properties p1_0 
    where
        p1_0.plant_id=?
2026-05-18 15:00:16 DEBUG [http-nio-8080-exec-10] org.hibernate.SQL - 
    select
        u1_0.plant_id,
        u1_0.use 
    from
        plant_uses u1_0 
    where
        u1_0.plant_id=?
2026-05-18 15:00:16 DEBUG [http-nio-8080-exec-10] org.hibernate.SQL - 
    select
        p1_0.plant_id,
        p1_0.property 
    from
        plant_properties p1_0 
    where
        p1_0.plant_id=?
2026-05-18 15:00:16 DEBUG [http-nio-8080-exec-10] org.hibernate.SQL - 
    select
        u1_0.plant_id,
        u1_0.use 
    from
        plant_uses u1_0 
    where
        u1_0.plant_id=?
2026-05-18 15:00:16 DEBUG [http-nio-8080-exec-10] org.hibernate.SQL - 
    select
        p1_0.plant_id,
        p1_0.property 
    from
        plant_properties p1_0 
    where
        p1_0.plant_id=?
2026-05-18 15:00:16 DEBUG [http-nio-8080-exec-10] org.hibernate.SQL - 
    select
        u1_0.plant_id,
        u1_0.use 
    from
        plant_uses u1_0 
    where
        u1_0.plant_id=?
2026-05-18 15:00:16 DEBUG [http-nio-8080-exec-10] org.hibernate.SQL - 
    select
        p1_0.plant_id,
        p1_0.property 
    from
        plant_properties p1_0 
    where
        p1_0.plant_id=?
2026-05-18 15:00:16 DEBUG [http-nio-8080-exec-10] org.hibernate.SQL - 
    select
        u1_0.plant_id,
        u1_0.use 
    from
        plant_uses u1_0 
    where
        u1_0.plant_id=?
2026-05-18 15:00:16 DEBUG [http-nio-8080-exec-10] org.hibernate.SQL - 
    select
        p1_0.plant_id,
        p1_0.property 
    from
        plant_properties p1_0 
    where
        p1_0.plant_id=?
2026-05-18 15:00:16 DEBUG [http-nio-8080-exec-10] org.hibernate.SQL - 
    select
        u1_0.plant_id,
        u1_0.use 
    from
        plant_uses u1_0 
    where
        u1_0.plant_id=?
2026-05-18 15:00:16 DEBUG [http-nio-8080-exec-10] org.hibernate.SQL - 
    select
        p1_0.plant_id,
        p1_0.property 
    from
        plant_properties p1_0 
    where
        p1_0.plant_id=?
2026-05-18 15:00:16 DEBUG [http-nio-8080-exec-10] org.hibernate.SQL - 
    select
        u1_0.plant_id,
        u1_0.use 
    from
        plant_uses u1_0 
    where
        u1_0.plant_id=?
2026-05-18 15:00:16 DEBUG [http-nio-8080-exec-10] org.hibernate.SQL - 
    select
        p1_0.plant_id,
        p1_0.property 
    from
        plant_properties p1_0 
    where
        p1_0.plant_id=?
2026-05-18 15:00:16 DEBUG [http-nio-8080-exec-10] org.hibernate.SQL - 
    select
        u1_0.plant_id,
        u1_0.use 
    from
        plant_uses u1_0 
    where
        u1_0.plant_id=?
2026-05-18 15:00:16 DEBUG [http-nio-8080-exec-10] org.hibernate.SQL - 
    select
        p1_0.plant_id,
        p1_0.property 
    from
        plant_properties p1_0 
    where
        p1_0.plant_id=?
2026-05-18 15:00:16 DEBUG [http-nio-8080-exec-10] org.hibernate.SQL - 
    select
        u1_0.plant_id,
        u1_0.use 
    from
        plant_uses u1_0 
    where
        u1_0.plant_id=?
2026-05-18 15:00:16 DEBUG [http-nio-8080-exec-10] org.hibernate.SQL - 
    select
        p1_0.plant_id,
        p1_0.property 
    from
        plant_properties p1_0 
    where
        p1_0.plant_id=?
2026-05-18 15:00:16 DEBUG [http-nio-8080-exec-10] org.hibernate.SQL - 
    select
        u1_0.plant_id,
        u1_0.use 
    from
        plant_uses u1_0 
    where
        u1_0.plant_id=?
2026-05-18 15:00:16 DEBUG [http-nio-8080-exec-10] org.hibernate.SQL - 
    select
        p1_0.plant_id,
        p1_0.property 
    from
        plant_properties p1_0 
    where
        p1_0.plant_id=?
2026-05-18 15:00:16 DEBUG [http-nio-8080-exec-10] org.hibernate.SQL - 
    select
        u1_0.plant_id,
        u1_0.use 
    from
        plant_uses u1_0 
    where
        u1_0.plant_id=?
2026-05-18 15:00:16 DEBUG [http-nio-8080-exec-10] o.s.w.s.m.m.a.HttpEntityMethodProcessor - Using 'application/json', given [*/*] and supported [application/json, application/*+json]
2026-05-18 15:00:16 DEBUG [http-nio-8080-exec-10] o.s.w.s.m.m.a.HttpEntityMethodProcessor - Writing [Page 1 of 1 containing com.plants.api.dto.responses.PlantResponse instances]
2026-05-18 15:00:16 DEBUG [http-nio-8080-exec-10] o.s.web.servlet.DispatcherServlet - Completed 200 OK
2026-05-18 15:02:07 INFO  [SpringApplicationShutdownHook] o.s.o.j.LocalContainerEntityManagerFactoryBean - Closing JPA EntityManagerFactory for persistence unit 'default'
2026-05-18 15:02:07 INFO  [SpringApplicationShutdownHook] com.zaxxer.hikari.HikariDataSource - HikariPool-1 - Shutdown initiated...
2026-05-18 15:02:07 INFO  [SpringApplicationShutdownHook] com.zaxxer.hikari.HikariDataSource - HikariPool-1 - Shutdown completed.
2026-05-18 15:02:10 INFO  [background-preinit] o.h.validator.internal.util.Version - HV000001: Hibernate Validator 8.0.1.Final
2026-05-18 15:02:10 INFO  [main] com.plants.api.ApiApplication - Starting ApiApplication using Java 21.0.11 with PID 5668 (C:\Users\kader\plants-medicinales-SaaS\target\classes started by kader in C:\Users\kader\plants-medicinales-SaaS)
2026-05-18 15:02:10 DEBUG [main] com.plants.api.ApiApplication - Running with Spring Boot v3.2.0, Spring v6.1.1
2026-05-18 15:02:10 INFO  [main] com.plants.api.ApiApplication - The following 1 profile is active: "dev"
2026-05-18 15:02:11 INFO  [main] o.s.d.r.c.RepositoryConfigurationDelegate - Multiple Spring Data modules found, entering strict repository configuration mode
2026-05-18 15:02:11 INFO  [main] o.s.d.r.c.RepositoryConfigurationDelegate - Bootstrapping Spring Data JPA repositories in DEFAULT mode.
2026-05-18 15:02:11 INFO  [main] o.s.d.r.c.RepositoryConfigurationDelegate - Finished Spring Data repository scanning in 113 ms. Found 8 JPA repository interfaces.
2026-05-18 15:02:11 INFO  [main] o.s.d.r.c.RepositoryConfigurationDelegate - Multiple Spring Data modules found, entering strict repository configuration mode
2026-05-18 15:02:11 INFO  [main] o.s.d.r.c.RepositoryConfigurationDelegate - Bootstrapping Spring Data Redis repositories in DEFAULT mode.
2026-05-18 15:02:11 INFO  [main] o.s.d.r.c.RepositoryConfigurationExtensionSupport - Spring Data Redis - Could not safely identify store assignment for repository candidate interface com.plants.api.repositories.AffiliateClickRepository; If you want this repository to be a Redis repository, consider annotating your entities with one of these annotations: org.springframework.data.redis.core.RedisHash (preferred), or consider extending one of the following types with your repository: org.springframework.data.keyvalue.repository.KeyValueRepository
2026-05-18 15:02:11 INFO  [main] o.s.d.r.c.RepositoryConfigurationExtensionSupport - Spring Data Redis - Could not safely identify store assignment for repository candidate interface com.plants.api.repositories.AffiliateProductRepository; If you want this repository to be a Redis repository, consider annotating your entities with one of these annotations: org.springframework.data.redis.core.RedisHash (preferred), or consider extending one of the following types with your repository: org.springframework.data.keyvalue.repository.KeyValueRepository
2026-05-18 15:02:11 INFO  [main] o.s.d.r.c.RepositoryConfigurationExtensionSupport - Spring Data Redis - Could not safely identify store assignment for repository candidate interface com.plants.api.repositories.ArticleRepository; If you want this repository to be a Redis repository, consider annotating your entities with one of these annotations: org.springframework.data.redis.core.RedisHash (preferred), or consider extending one of the following types with your repository: org.springframework.data.keyvalue.repository.KeyValueRepository
2026-05-18 15:02:11 INFO  [main] o.s.d.r.c.RepositoryConfigurationExtensionSupport - Spring Data Redis - Could not safely identify store assignment for repository candidate interface com.plants.api.repositories.CommentRepository; If you want this repository to be a Redis repository, consider annotating your entities with one of these annotations: org.springframework.data.redis.core.RedisHash (preferred), or consider extending one of the following types with your repository: org.springframework.data.keyvalue.repository.KeyValueRepository
2026-05-18 15:02:11 INFO  [main] o.s.d.r.c.RepositoryConfigurationExtensionSupport - Spring Data Redis - Could not safely identify store assignment for repository candidate interface com.plants.api.repositories.FavoriteRepository; If you want this repository to be a Redis repository, consider annotating your entities with one of these annotations: org.springframework.data.redis.core.RedisHash (preferred), or consider extending one of the following types with your repository: org.springframework.data.keyvalue.repository.KeyValueRepository
2026-05-18 15:02:11 INFO  [main] o.s.d.r.c.RepositoryConfigurationExtensionSupport - Spring Data Redis - Could not safely identify store assignment for repository candidate interface com.plants.api.repositories.OilRepository; If you want this repository to be a Redis repository, consider annotating your entities with one of these annotations: org.springframework.data.redis.core.RedisHash (preferred), or consider extending one of the following types with your repository: org.springframework.data.keyvalue.repository.KeyValueRepository
2026-05-18 15:02:11 INFO  [main] o.s.d.r.c.RepositoryConfigurationExtensionSupport - Spring Data Redis - Could not safely identify store assignment for repository candidate interface com.plants.api.repositories.PlantRepository; If you want this repository to be a Redis repository, consider annotating your entities with one of these annotations: org.springframework.data.redis.core.RedisHash (preferred), or consider extending one of the following types with your repository: org.springframework.data.keyvalue.repository.KeyValueRepository
2026-05-18 15:02:11 INFO  [main] o.s.d.r.c.RepositoryConfigurationExtensionSupport - Spring Data Redis - Could not safely identify store assignment for repository candidate interface com.plants.api.repositories.UserRepository; If you want this repository to be a Redis repository, consider annotating your entities with one of these annotations: org.springframework.data.redis.core.RedisHash (preferred), or consider extending one of the following types with your repository: org.springframework.data.keyvalue.repository.KeyValueRepository
2026-05-18 15:02:11 INFO  [main] o.s.d.r.c.RepositoryConfigurationDelegate - Finished Spring Data repository scanning in 5 ms. Found 0 Redis repository interfaces.
2026-05-18 15:02:12 INFO  [main] o.s.b.w.e.tomcat.TomcatWebServer - Tomcat initialized with port 8080 (http)
2026-05-18 15:02:12 INFO  [main] o.a.coyote.http11.Http11NioProtocol - Initializing ProtocolHandler ["http-nio-8080"]
2026-05-18 15:02:12 INFO  [main] o.a.catalina.core.StandardService - Starting service [Tomcat]
2026-05-18 15:02:12 INFO  [main] o.a.catalina.core.StandardEngine - Starting Servlet engine: [Apache Tomcat/10.1.16]
2026-05-18 15:02:12 INFO  [main] o.a.c.c.C.[Tomcat].[localhost].[/] - Initializing Spring embedded WebApplicationContext
2026-05-18 15:02:12 INFO  [main] o.s.b.w.s.c.ServletWebServerApplicationContext - Root WebApplicationContext: initialization completed in 1965 ms
2026-05-18 15:02:12 INFO  [main] com.zaxxer.hikari.HikariDataSource - HikariPool-1 - Starting...
2026-05-18 15:02:12 INFO  [main] com.zaxxer.hikari.pool.HikariPool - HikariPool-1 - Added connection org.postgresql.jdbc.PgConnection@784212
2026-05-18 15:02:12 INFO  [main] com.zaxxer.hikari.HikariDataSource - HikariPool-1 - Start completed.
2026-05-18 15:02:13 INFO  [main] o.f.c.i.license.VersionPrinter - Flyway Community Edition 9.22.3 by Redgate
2026-05-18 15:02:13 INFO  [main] o.f.c.i.license.VersionPrinter - See release notes here: https://rd.gt/416ObMi
2026-05-18 15:02:13 INFO  [main] o.f.c.i.license.VersionPrinter - 
2026-05-18 15:02:13 INFO  [main] org.flywaydb.core.FlywayExecutor - Database: jdbc:postgresql://localhost:5432/api_dev (PostgreSQL 18.1)
2026-05-18 15:02:13 WARN  [main] o.f.c.i.database.base.Database - Flyway upgrade recommended: PostgreSQL 18.1 is newer than this version of Flyway and support has not been tested. The latest supported version of PostgreSQL is 15.
2026-05-18 15:02:13 INFO  [main] o.f.core.internal.command.DbValidate - Successfully validated 1 migration (execution time 00:00.035s)
2026-05-18 15:02:13 INFO  [main] o.f.core.internal.command.DbMigrate - Current version of schema "public": 1
2026-05-18 15:02:13 INFO  [main] o.f.core.internal.command.DbMigrate - Schema "public" is up to date. No migration necessary.
2026-05-18 15:02:13 INFO  [main] o.h.jpa.internal.util.LogHelper - HHH000204: Processing PersistenceUnitInfo [name: default]
2026-05-18 15:02:13 INFO  [main] org.hibernate.Version - HHH000412: Hibernate ORM core version 6.3.1.Final
2026-05-18 15:02:13 INFO  [main] o.h.c.i.RegionFactoryInitiator - HHH000026: Second-level cache disabled
2026-05-18 15:02:14 INFO  [main] o.s.o.j.p.SpringPersistenceUnitInfo - No LoadTimeWeaver setup: ignoring JPA class transformer
2026-05-18 15:02:14 WARN  [main] org.hibernate.orm.deprecation - HHH90000025: PostgreSQLDialect does not need to be specified explicitly using 'hibernate.dialect' (remove the property setting and it will be selected by default)
2026-05-18 15:02:15 INFO  [main] o.h.e.t.j.p.i.JtaPlatformInitiator - HHH000489: No JTA platform available (set 'hibernate.transaction.jta.platform' to enable JTA platform integration)
2026-05-18 15:02:15 INFO  [main] o.s.o.j.LocalContainerEntityManagerFactoryBean - Initialized JPA EntityManagerFactory for persistence unit 'default'
2026-05-18 15:02:16 DEBUG [main] c.p.a.s.JwtAuthenticationFilter - Filter 'jwtAuthenticationFilter' configured for use
2026-05-18 15:02:16 DEBUG [main] o.s.w.f.ServerHttpObservationFilter - Filter 'webMvcObservationFilter' configured for use
2026-05-18 15:02:16 INFO  [main] o.s.d.j.r.query.QueryEnhancerFactory - Hibernate is in classpath; If applicable, HQL parser will be used.
2026-05-18 15:02:17 WARN  [main] o.s.b.a.o.j.JpaBaseConfiguration$JpaWebConfiguration - spring.jpa.open-in-view is enabled by default. Therefore, database queries may be performed during view rendering. Explicitly configure spring.jpa.open-in-view to disable this warning
2026-05-18 15:02:18 DEBUG [main] o.s.w.s.m.m.a.RequestMappingHandlerMapping - 64 mappings in 'requestMappingHandlerMapping'
2026-05-18 15:02:18 DEBUG [main] o.s.w.s.h.SimpleUrlHandlerMapping - Patterns [/swagger-ui*/*swagger-initializer.js, /swagger-ui*/**] in 'resourceHandlerMapping'
2026-05-18 15:02:18 DEBUG [main] o.s.w.s.m.m.a.RequestMappingHandlerAdapter - ControllerAdvice beans: 0 @ModelAttribute, 0 @InitBinder, 1 RequestBodyAdvice, 1 ResponseBodyAdvice
2026-05-18 15:02:18 DEBUG [main] o.s.w.s.m.m.a.ExceptionHandlerExceptionResolver - ControllerAdvice beans: 2 @ExceptionHandler, 1 ResponseBodyAdvice
2026-05-18 15:02:18 INFO  [main] o.s.b.a.e.web.EndpointLinksResolver - Exposing 1 endpoint(s) beneath base path '/actuator'
2026-05-18 15:02:18 INFO  [main] o.s.s.web.DefaultSecurityFilterChain - Will secure any request with [org.springframework.security.web.session.DisableEncodeUrlFilter@29eeb1bb, org.springframework.security.web.context.request.async.WebAsyncManagerIntegrationFilter@10a479fe, org.springframework.security.web.context.SecurityContextHolderFilter@409c8a6b, org.springframework.security.web.header.HeaderWriterFilter@162be846, org.springframework.web.filter.CorsFilter@7beb2da0, org.springframework.security.web.authentication.logout.LogoutFilter@166a38a8, com.plants.api.security.JwtAuthenticationFilter@6cd0f9a4, org.springframework.security.web.savedrequest.RequestCacheAwareFilter@70ef340b, org.springframework.security.web.servletapi.SecurityContextHolderAwareRequestFilter@7f5c0e00, org.springframework.security.web.authentication.AnonymousAuthenticationFilter@2cc76912, org.springframework.security.web.session.SessionManagementFilter@1dc1f0a3, org.springframework.security.web.access.ExceptionTranslationFilter@3c7b9ee3, org.springframework.security.web.access.intercept.AuthorizationFilter@ee6533]
2026-05-18 15:02:19 INFO  [main] o.a.coyote.http11.Http11NioProtocol - Starting ProtocolHandler ["http-nio-8080"]
2026-05-18 15:02:19 INFO  [main] o.s.b.w.e.tomcat.TomcatWebServer - Tomcat started on port 8080 (http) with context path ''
2026-05-18 15:02:19 INFO  [main] com.plants.api.ApiApplication - Started ApiApplication in 9.338 seconds (process running for 10.206)
2026-05-18 15:02:19 INFO  [RMI TCP Connection(6)-192.168.1.118] o.a.c.c.C.[Tomcat].[localhost].[/] - Initializing Spring DispatcherServlet 'dispatcherServlet'
2026-05-18 15:02:19 INFO  [RMI TCP Connection(6)-192.168.1.118] o.s.web.servlet.DispatcherServlet - Initializing Servlet 'dispatcherServlet'
2026-05-18 15:02:19 DEBUG [RMI TCP Connection(6)-192.168.1.118] o.s.web.servlet.DispatcherServlet - Detected StandardServletMultipartResolver
2026-05-18 15:02:19 DEBUG [RMI TCP Connection(6)-192.168.1.118] o.s.web.servlet.DispatcherServlet - Detected AcceptHeaderLocaleResolver
2026-05-18 15:02:19 DEBUG [RMI TCP Connection(6)-192.168.1.118] o.s.web.servlet.DispatcherServlet - Detected FixedThemeResolver
2026-05-18 15:02:19 DEBUG [RMI TCP Connection(6)-192.168.1.118] o.s.web.servlet.DispatcherServlet - Detected org.springframework.web.servlet.view.DefaultRequestToViewNameTranslator@7cb77d5
2026-05-18 15:02:19 DEBUG [RMI TCP Connection(6)-192.168.1.118] o.s.web.servlet.DispatcherServlet - Detected org.springframework.web.servlet.support.SessionFlashMapManager@33966111
2026-05-18 15:02:19 DEBUG [RMI TCP Connection(6)-192.168.1.118] o.s.web.servlet.DispatcherServlet - enableLoggingRequestDetails='false': request parameters and headers will be masked to prevent unsafe logging of potentially sensitive data
2026-05-18 15:02:19 INFO  [RMI TCP Connection(6)-192.168.1.118] o.s.web.servlet.DispatcherServlet - Completed initialization in 3 ms
2026-05-18 15:13:41 INFO  [SpringApplicationShutdownHook] o.s.o.j.LocalContainerEntityManagerFactoryBean - Closing JPA EntityManagerFactory for persistence unit 'default'
2026-05-18 15:13:41 INFO  [SpringApplicationShutdownHook] com.zaxxer.hikari.HikariDataSource - HikariPool-1 - Shutdown initiated...
2026-05-18 15:13:41 INFO  [SpringApplicationShutdownHook] com.zaxxer.hikari.HikariDataSource - HikariPool-1 - Shutdown completed.
2026-05-18 15:13:43 INFO  [background-preinit] o.h.validator.internal.util.Version - HV000001: Hibernate Validator 8.0.1.Final
2026-05-18 15:13:43 INFO  [main] com.plants.api.ApiApplication - Starting ApiApplication using Java 21.0.11 with PID 41784 (C:\Users\kader\plants-medicinales-SaaS\target\classes started by kader in C:\Users\kader\plants-medicinales-SaaS)
2026-05-18 15:13:43 DEBUG [main] com.plants.api.ApiApplication - Running with Spring Boot v3.2.0, Spring v6.1.1
2026-05-18 15:13:43 INFO  [main] com.plants.api.ApiApplication - The following 1 profile is active: "dev"
2026-05-18 15:13:45 INFO  [main] o.s.d.r.c.RepositoryConfigurationDelegate - Multiple Spring Data modules found, entering strict repository configuration mode
2026-05-18 15:13:45 INFO  [main] o.s.d.r.c.RepositoryConfigurationDelegate - Bootstrapping Spring Data JPA repositories in DEFAULT mode.
2026-05-18 15:13:45 INFO  [main] o.s.d.r.c.RepositoryConfigurationDelegate - Finished Spring Data repository scanning in 125 ms. Found 8 JPA repository interfaces.
2026-05-18 15:13:45 INFO  [main] o.s.d.r.c.RepositoryConfigurationDelegate - Multiple Spring Data modules found, entering strict repository configuration mode
2026-05-18 15:13:45 INFO  [main] o.s.d.r.c.RepositoryConfigurationDelegate - Bootstrapping Spring Data Redis repositories in DEFAULT mode.
2026-05-18 15:13:45 INFO  [main] o.s.d.r.c.RepositoryConfigurationExtensionSupport - Spring Data Redis - Could not safely identify store assignment for repository candidate interface com.plants.api.repositories.AffiliateClickRepository; If you want this repository to be a Redis repository, consider annotating your entities with one of these annotations: org.springframework.data.redis.core.RedisHash (preferred), or consider extending one of the following types with your repository: org.springframework.data.keyvalue.repository.KeyValueRepository
2026-05-18 15:13:45 INFO  [main] o.s.d.r.c.RepositoryConfigurationExtensionSupport - Spring Data Redis - Could not safely identify store assignment for repository candidate interface com.plants.api.repositories.AffiliateProductRepository; If you want this repository to be a Redis repository, consider annotating your entities with one of these annotations: org.springframework.data.redis.core.RedisHash (preferred), or consider extending one of the following types with your repository: org.springframework.data.keyvalue.repository.KeyValueRepository
2026-05-18 15:13:45 INFO  [main] o.s.d.r.c.RepositoryConfigurationExtensionSupport - Spring Data Redis - Could not safely identify store assignment for repository candidate interface com.plants.api.repositories.ArticleRepository; If you want this repository to be a Redis repository, consider annotating your entities with one of these annotations: org.springframework.data.redis.core.RedisHash (preferred), or consider extending one of the following types with your repository: org.springframework.data.keyvalue.repository.KeyValueRepository
2026-05-18 15:13:45 INFO  [main] o.s.d.r.c.RepositoryConfigurationExtensionSupport - Spring Data Redis - Could not safely identify store assignment for repository candidate interface com.plants.api.repositories.CommentRepository; If you want this repository to be a Redis repository, consider annotating your entities with one of these annotations: org.springframework.data.redis.core.RedisHash (preferred), or consider extending one of the following types with your repository: org.springframework.data.keyvalue.repository.KeyValueRepository
2026-05-18 15:13:45 INFO  [main] o.s.d.r.c.RepositoryConfigurationExtensionSupport - Spring Data Redis - Could not safely identify store assignment for repository candidate interface com.plants.api.repositories.FavoriteRepository; If you want this repository to be a Redis repository, consider annotating your entities with one of these annotations: org.springframework.data.redis.core.RedisHash (preferred), or consider extending one of the following types with your repository: org.springframework.data.keyvalue.repository.KeyValueRepository
2026-05-18 15:13:45 INFO  [main] o.s.d.r.c.RepositoryConfigurationExtensionSupport - Spring Data Redis - Could not safely identify store assignment for repository candidate interface com.plants.api.repositories.OilRepository; If you want this repository to be a Redis repository, consider annotating your entities with one of these annotations: org.springframework.data.redis.core.RedisHash (preferred), or consider extending one of the following types with your repository: org.springframework.data.keyvalue.repository.KeyValueRepository
2026-05-18 15:13:45 INFO  [main] o.s.d.r.c.RepositoryConfigurationExtensionSupport - Spring Data Redis - Could not safely identify store assignment for repository candidate interface com.plants.api.repositories.PlantRepository; If you want this repository to be a Redis repository, consider annotating your entities with one of these annotations: org.springframework.data.redis.core.RedisHash (preferred), or consider extending one of the following types with your repository: org.springframework.data.keyvalue.repository.KeyValueRepository
2026-05-18 15:13:45 INFO  [main] o.s.d.r.c.RepositoryConfigurationExtensionSupport - Spring Data Redis - Could not safely identify store assignment for repository candidate interface com.plants.api.repositories.UserRepository; If you want this repository to be a Redis repository, consider annotating your entities with one of these annotations: org.springframework.data.redis.core.RedisHash (preferred), or consider extending one of the following types with your repository: org.springframework.data.keyvalue.repository.KeyValueRepository
2026-05-18 15:13:45 INFO  [main] o.s.d.r.c.RepositoryConfigurationDelegate - Finished Spring Data repository scanning in 5 ms. Found 0 Redis repository interfaces.
2026-05-18 15:13:46 INFO  [main] o.s.b.w.e.tomcat.TomcatWebServer - Tomcat initialized with port 8080 (http)
2026-05-18 15:13:46 INFO  [main] o.a.coyote.http11.Http11NioProtocol - Initializing ProtocolHandler ["http-nio-8080"]
2026-05-18 15:13:46 INFO  [main] o.a.catalina.core.StandardService - Starting service [Tomcat]
2026-05-18 15:13:46 INFO  [main] o.a.catalina.core.StandardEngine - Starting Servlet engine: [Apache Tomcat/10.1.16]
2026-05-18 15:13:47 INFO  [main] o.a.c.c.C.[Tomcat].[localhost].[/] - Initializing Spring embedded WebApplicationContext
2026-05-18 15:13:47 INFO  [main] o.s.b.w.s.c.ServletWebServerApplicationContext - Root WebApplicationContext: initialization completed in 3137 ms
2026-05-18 15:13:47 INFO  [main] com.zaxxer.hikari.HikariDataSource - HikariPool-1 - Starting...
2026-05-18 15:13:47 INFO  [main] com.zaxxer.hikari.pool.HikariPool - HikariPool-1 - Added connection org.postgresql.jdbc.PgConnection@7641ed02
2026-05-18 15:13:47 INFO  [main] com.zaxxer.hikari.HikariDataSource - HikariPool-1 - Start completed.
2026-05-18 15:13:48 INFO  [main] o.f.c.i.license.VersionPrinter - Flyway Community Edition 9.22.3 by Redgate
2026-05-18 15:13:48 INFO  [main] o.f.c.i.license.VersionPrinter - See release notes here: https://rd.gt/416ObMi
2026-05-18 15:13:48 INFO  [main] o.f.c.i.license.VersionPrinter - 
2026-05-18 15:13:48 INFO  [main] org.flywaydb.core.FlywayExecutor - Database: jdbc:postgresql://localhost:5432/api_dev (PostgreSQL 18.1)
2026-05-18 15:13:48 WARN  [main] o.f.c.i.database.base.Database - Flyway upgrade recommended: PostgreSQL 18.1 is newer than this version of Flyway and support has not been tested. The latest supported version of PostgreSQL is 15.
2026-05-18 15:13:48 INFO  [main] o.f.core.internal.command.DbValidate - Successfully validated 1 migration (execution time 00:00.045s)
2026-05-18 15:13:48 INFO  [main] o.f.core.internal.command.DbMigrate - Current version of schema "public": 1
2026-05-18 15:13:48 INFO  [main] o.f.core.internal.command.DbMigrate - Schema "public" is up to date. No migration necessary.
2026-05-18 15:13:48 ERROR [main] o.s.b.w.e.tomcat.TomcatStarter - Error starting Tomcat context. Exception: org.springframework.beans.factory.UnsatisfiedDependencyException. Message: Error creating bean with name 'jwtAuthenticationFilter' defined in file [C:\Users\kader\plants-medicinales-SaaS\target\classes\com\plants\api\security\JwtAuthenticationFilter.class]: Unsatisfied dependency expressed through constructor parameter 1: Error creating bean with name 'customUserDetailsService' defined in file [C:\Users\kader\plants-medicinales-SaaS\target\classes\com\plants\api\security\CustomUserDetailsService.class]: Unsatisfied dependency expressed through constructor parameter 0: Error creating bean with name 'userRepository' defined in com.plants.api.repositories.UserRepository defined in @EnableJpaRepositories declared on JpaRepositoriesRegistrar.EnableJpaRepositoriesConfiguration: Cannot resolve reference to bean 'jpaSharedEM_entityManagerFactory' while setting bean property 'entityManager'
2026-05-18 15:13:48 INFO  [main] o.a.catalina.core.StandardService - Stopping service [Tomcat]
2026-05-18 15:13:48 WARN  [main] o.a.c.loader.WebappClassLoaderBase - The web application [ROOT] appears to have started a thread named [HikariPool-1 housekeeper] but has failed to stop it. This is very likely to create a memory leak. Stack trace of thread:
 java.base/jdk.internal.misc.Unsafe.park(Native Method)
 java.base/java.util.concurrent.locks.LockSupport.parkNanos(LockSupport.java:269)
 java.base/java.util.concurrent.locks.AbstractQueuedSynchronizer$ConditionObject.awaitNanos(AbstractQueuedSynchronizer.java:1797)
 java.base/java.util.concurrent.ScheduledThreadPoolExecutor$DelayedWorkQueue.take(ScheduledThreadPoolExecutor.java:1182)
 java.base/java.util.concurrent.ScheduledThreadPoolExecutor$DelayedWorkQueue.take(ScheduledThreadPoolExecutor.java:899)
 java.base/java.util.concurrent.ThreadPoolExecutor.getTask(ThreadPoolExecutor.java:1070)
 java.base/java.util.concurrent.ThreadPoolExecutor.runWorker(ThreadPoolExecutor.java:1130)
 java.base/java.util.concurrent.ThreadPoolExecutor$Worker.run(ThreadPoolExecutor.java:642)
 java.base/java.lang.Thread.run(Thread.java:1583)
2026-05-18 15:13:48 WARN  [main] o.a.c.loader.WebappClassLoaderBase - The web application [ROOT] appears to have started a thread named [HikariPool-1 connection adder] but has failed to stop it. This is very likely to create a memory leak. Stack trace of thread:
 java.base/sun.nio.ch.Net.poll(Native Method)
 java.base/sun.nio.ch.NioSocketImpl.park(NioSocketImpl.java:191)
 java.base/sun.nio.ch.NioSocketImpl.timedRead(NioSocketImpl.java:280)
 java.base/sun.nio.ch.NioSocketImpl.implRead(NioSocketImpl.java:304)
 java.base/sun.nio.ch.NioSocketImpl.read(NioSocketImpl.java:346)
 java.base/sun.nio.ch.NioSocketImpl$1.read(NioSocketImpl.java:796)
 java.base/java.net.Socket$SocketInputStream.read(Socket.java:1099)
 org.postgresql.core.VisibleBufferedInputStream.readMore(VisibleBufferedInputStream.java:161)
 org.postgresql.core.VisibleBufferedInputStream.ensureBytes(VisibleBufferedInputStream.java:128)
 org.postgresql.core.VisibleBufferedInputStream.ensureBytes(VisibleBufferedInputStream.java:113)
 org.postgresql.core.VisibleBufferedInputStream.read(VisibleBufferedInputStream.java:73)
 org.postgresql.core.PGStream.receiveChar(PGStream.java:465)
 org.postgresql.core.v3.ConnectionFactoryImpl.enableSSL(ConnectionFactoryImpl.java:589)
 org.postgresql.core.v3.ConnectionFactoryImpl.tryConnect(ConnectionFactoryImpl.java:191)
 org.postgresql.core.v3.ConnectionFactoryImpl.openConnectionImpl(ConnectionFactoryImpl.java:258)
 org.postgresql.core.ConnectionFactory.openConnection(ConnectionFactory.java:54)
 org.postgresql.jdbc.PgConnection.<init>(PgConnection.java:263)
 org.postgresql.Driver.makeConnection(Driver.java:443)
 org.postgresql.Driver.connect(Driver.java:297)
 com.zaxxer.hikari.util.DriverDataSource.getConnection(DriverDataSource.java:138)
 com.zaxxer.hikari.pool.PoolBase.newConnection(PoolBase.java:359)
 com.zaxxer.hikari.pool.PoolBase.newPoolEntry(PoolBase.java:201)
 com.zaxxer.hikari.pool.HikariPool.createPoolEntry(HikariPool.java:470)
 com.zaxxer.hikari.pool.HikariPool$PoolEntryCreator.call(HikariPool.java:733)
 com.zaxxer.hikari.pool.HikariPool$PoolEntryCreator.call(HikariPool.java:712)
 java.base/java.util.concurrent.FutureTask.run(FutureTask.java:317)
 java.base/java.util.concurrent.ThreadPoolExecutor.runWorker(ThreadPoolExecutor.java:1144)
 java.base/java.util.concurrent.ThreadPoolExecutor$Worker.run(ThreadPoolExecutor.java:642)
 java.base/java.lang.Thread.run(Thread.java:1583)
2026-05-18 15:13:48 WARN  [main] o.s.b.w.s.c.AnnotationConfigServletWebServerApplicationContext - Exception encountered during context initialization - cancelling refresh attempt: org.springframework.context.ApplicationContextException: Unable to start web server
2026-05-18 15:13:48 INFO  [main] com.zaxxer.hikari.HikariDataSource - HikariPool-1 - Shutdown initiated...
2026-05-18 15:13:48 INFO  [main] com.zaxxer.hikari.HikariDataSource - HikariPool-1 - Shutdown completed.
2026-05-18 15:13:48 INFO  [main] o.s.b.a.l.ConditionEvaluationReportLogger - 

Error starting ApplicationContext. To display the condition evaluation report re-run your application with 'debug' enabled.
2026-05-18 15:13:48 ERROR [main] o.s.boot.SpringApplication - Application run failed
org.springframework.context.ApplicationContextException: Unable to start web server
	at org.springframework.boot.web.servlet.context.ServletWebServerApplicationContext.onRefresh(ServletWebServerApplicationContext.java:165)
	at org.springframework.context.support.AbstractApplicationContext.refresh(AbstractApplicationContext.java:610)
	at org.springframework.boot.web.servlet.context.ServletWebServerApplicationContext.refresh(ServletWebServerApplicationContext.java:146)
	at org.springframework.boot.SpringApplication.refresh(SpringApplication.java:753)
	at org.springframework.boot.SpringApplication.refreshContext(SpringApplication.java:455)
	at org.springframework.boot.SpringApplication.run(SpringApplication.java:323)
	at org.springframework.boot.SpringApplication.run(SpringApplication.java:1342)
	at org.springframework.boot.SpringApplication.run(SpringApplication.java:1331)
	at com.plants.api.ApiApplication.main(ApiApplication.java:10)
Caused by: org.springframework.boot.web.server.WebServerException: Unable to start embedded Tomcat
	at org.springframework.boot.web.embedded.tomcat.TomcatWebServer.initialize(TomcatWebServer.java:142)
	at org.springframework.boot.web.embedded.tomcat.TomcatWebServer.<init>(TomcatWebServer.java:104)
	at org.springframework.boot.web.embedded.tomcat.TomcatServletWebServerFactory.getTomcatWebServer(TomcatServletWebServerFactory.java:501)
	at org.springframework.boot.web.embedded.tomcat.TomcatServletWebServerFactory.getWebServer(TomcatServletWebServerFactory.java:218)
	at org.springframework.boot.web.servlet.context.ServletWebServerApplicationContext.createWebServer(ServletWebServerApplicationContext.java:188)
	at org.springframework.boot.web.servlet.context.ServletWebServerApplicationContext.onRefresh(ServletWebServerApplicationContext.java:162)
	... 8 common frames omitted
Caused by: org.springframework.beans.factory.UnsatisfiedDependencyException: Error creating bean with name 'jwtAuthenticationFilter' defined in file [C:\Users\kader\plants-medicinales-SaaS\target\classes\com\plants\api\security\JwtAuthenticationFilter.class]: Unsatisfied dependency expressed through constructor parameter 1: Error creating bean with name 'customUserDetailsService' defined in file [C:\Users\kader\plants-medicinales-SaaS\target\classes\com\plants\api\security\CustomUserDetailsService.class]: Unsatisfied dependency expressed through constructor parameter 0: Error creating bean with name 'userRepository' defined in com.plants.api.repositories.UserRepository defined in @EnableJpaRepositories declared on JpaRepositoriesRegistrar.EnableJpaRepositoriesConfiguration: Cannot resolve reference to bean 'jpaSharedEM_entityManagerFactory' while setting bean property 'entityManager'
	at org.springframework.beans.factory.support.ConstructorResolver.createArgumentArray(ConstructorResolver.java:802)
	at org.springframework.beans.factory.support.ConstructorResolver.autowireConstructor(ConstructorResolver.java:241)
	at org.springframework.beans.factory.support.AbstractAutowireCapableBeanFactory.autowireConstructor(AbstractAutowireCapableBeanFactory.java:1356)
	at org.springframework.beans.factory.support.AbstractAutowireCapableBeanFactory.createBeanInstance(AbstractAutowireCapableBeanFactory.java:1193)
	at org.springframework.beans.factory.support.AbstractAutowireCapableBeanFactory.doCreateBean(AbstractAutowireCapableBeanFactory.java:563)
	at org.springframework.beans.factory.support.AbstractAutowireCapableBeanFactory.createBean(AbstractAutowireCapableBeanFactory.java:523)
	at org.springframework.beans.factory.support.AbstractBeanFactory.lambda$doGetBean$0(AbstractBeanFactory.java:325)
	at org.springframework.beans.factory.support.DefaultSingletonBeanRegistry.getSingleton(DefaultSingletonBeanRegistry.java:234)
	at org.springframework.beans.factory.support.AbstractBeanFactory.doGetBean(AbstractBeanFactory.java:323)
	at org.springframework.beans.factory.support.AbstractBeanFactory.getBean(AbstractBeanFactory.java:204)
	at org.springframework.boot.web.servlet.ServletContextInitializerBeans.getOrderedBeansOfType(ServletContextInitializerBeans.java:210)
	at org.springframework.boot.web.servlet.ServletContextInitializerBeans.addAsRegistrationBean(ServletContextInitializerBeans.java:173)
	at org.springframework.boot.web.servlet.ServletContextInitializerBeans.addAsRegistrationBean(ServletContextInitializerBeans.java:168)
	at org.springframework.boot.web.servlet.ServletContextInitializerBeans.addAdaptableBeans(ServletContextInitializerBeans.java:153)
	at org.springframework.boot.web.servlet.ServletContextInitializerBeans.<init>(ServletContextInitializerBeans.java:86)
	at org.springframework.boot.web.servlet.context.ServletWebServerApplicationContext.getServletContextInitializerBeans(ServletWebServerApplicationContext.java:266)
	at org.springframework.boot.web.servlet.context.ServletWebServerApplicationContext.selfInitialize(ServletWebServerApplicationContext.java:240)
	at org.springframework.boot.web.embedded.tomcat.TomcatStarter.onStartup(TomcatStarter.java:52)
	at org.apache.catalina.core.StandardContext.startInternal(StandardContext.java:4850)
	at org.apache.catalina.util.LifecycleBase.start(LifecycleBase.java:171)
	at org.apache.catalina.core.ContainerBase$StartChild.call(ContainerBase.java:1332)
	at org.apache.catalina.core.ContainerBase$StartChild.call(ContainerBase.java:1322)
	at java.base/java.util.concurrent.FutureTask.run(FutureTask.java:317)
	at org.apache.tomcat.util.threads.InlineExecutorService.execute(InlineExecutorService.java:75)
	at java.base/java.util.concurrent.AbstractExecutorService.submit(AbstractExecutorService.java:145)
	at org.apache.catalina.core.ContainerBase.startInternal(ContainerBase.java:866)
	at org.apache.catalina.core.StandardHost.startInternal(StandardHost.java:845)
	at org.apache.catalina.util.LifecycleBase.start(LifecycleBase.java:171)
	at org.apache.catalina.core.ContainerBase$StartChild.call(ContainerBase.java:1332)
	at org.apache.catalina.core.ContainerBase$StartChild.call(ContainerBase.java:1322)
	at java.base/java.util.concurrent.FutureTask.run(FutureTask.java:317)
	at org.apache.tomcat.util.threads.InlineExecutorService.execute(InlineExecutorService.java:75)
	at java.base/java.util.concurrent.AbstractExecutorService.submit(AbstractExecutorService.java:145)
	at org.apache.catalina.core.ContainerBase.startInternal(ContainerBase.java:866)
	at org.apache.catalina.core.StandardEngine.startInternal(StandardEngine.java:240)
	at org.apache.catalina.util.LifecycleBase.start(LifecycleBase.java:171)
	at org.apache.catalina.core.StandardService.startInternal(StandardService.java:433)
	at org.apache.catalina.util.LifecycleBase.start(LifecycleBase.java:171)
	at org.apache.catalina.core.StandardServer.startInternal(StandardServer.java:917)
	at org.apache.catalina.util.LifecycleBase.start(LifecycleBase.java:171)
	at org.apache.catalina.startup.Tomcat.start(Tomcat.java:488)
	at org.springframework.boot.web.embedded.tomcat.TomcatWebServer.initialize(TomcatWebServer.java:123)
	... 13 common frames omitted
Caused by: org.springframework.beans.factory.UnsatisfiedDependencyException: Error creating bean with name 'customUserDetailsService' defined in file [C:\Users\kader\plants-medicinales-SaaS\target\classes\com\plants\api\security\CustomUserDetailsService.class]: Unsatisfied dependency expressed through constructor parameter 0: Error creating bean with name 'userRepository' defined in com.plants.api.repositories.UserRepository defined in @EnableJpaRepositories declared on JpaRepositoriesRegistrar.EnableJpaRepositoriesConfiguration: Cannot resolve reference to bean 'jpaSharedEM_entityManagerFactory' while setting bean property 'entityManager'
	at org.springframework.beans.factory.support.ConstructorResolver.createArgumentArray(ConstructorResolver.java:802)
	at org.springframework.beans.factory.support.ConstructorResolver.autowireConstructor(ConstructorResolver.java:241)
	at org.springframework.beans.factory.support.AbstractAutowireCapableBeanFactory.autowireConstructor(AbstractAutowireCapableBeanFactory.java:1356)
	at org.springframework.beans.factory.support.AbstractAutowireCapableBeanFactory.createBeanInstance(AbstractAutowireCapableBeanFactory.java:1193)
	at org.springframework.beans.factory.support.AbstractAutowireCapableBeanFactory.doCreateBean(AbstractAutowireCapableBeanFactory.java:563)
	at org.springframework.beans.factory.support.AbstractAutowireCapableBeanFactory.createBean(AbstractAutowireCapableBeanFactory.java:523)
	at org.springframework.beans.factory.support.AbstractBeanFactory.lambda$doGetBean$0(AbstractBeanFactory.java:325)
	at org.springframework.beans.factory.support.DefaultSingletonBeanRegistry.getSingleton(DefaultSingletonBeanRegistry.java:234)
	at org.springframework.beans.factory.support.AbstractBeanFactory.doGetBean(AbstractBeanFactory.java:323)
	at org.springframework.beans.factory.support.AbstractBeanFactory.getBean(AbstractBeanFactory.java:199)
	at org.springframework.beans.factory.config.DependencyDescriptor.resolveCandidate(DependencyDescriptor.java:254)
	at org.springframework.beans.factory.support.DefaultListableBeanFactory.doResolveDependency(DefaultListableBeanFactory.java:1441)
	at org.springframework.beans.factory.support.DefaultListableBeanFactory.resolveDependency(DefaultListableBeanFactory.java:1348)
	at org.springframework.beans.factory.support.ConstructorResolver.resolveAutowiredArgument(ConstructorResolver.java:911)
	at org.springframework.beans.factory.support.ConstructorResolver.createArgumentArray(ConstructorResolver.java:789)
	... 54 common frames omitted
Caused by: org.springframework.beans.factory.BeanCreationException: Error creating bean with name 'userRepository' defined in com.plants.api.repositories.UserRepository defined in @EnableJpaRepositories declared on JpaRepositoriesRegistrar.EnableJpaRepositoriesConfiguration: Cannot resolve reference to bean 'jpaSharedEM_entityManagerFactory' while setting bean property 'entityManager'
	at org.springframework.beans.factory.support.BeanDefinitionValueResolver.resolveReference(BeanDefinitionValueResolver.java:377)
	at org.springframework.beans.factory.support.BeanDefinitionValueResolver.resolveValueIfNecessary(BeanDefinitionValueResolver.java:135)
	at org.springframework.beans.factory.support.AbstractAutowireCapableBeanFactory.applyPropertyValues(AbstractAutowireCapableBeanFactory.java:1686)
	at org.springframework.beans.factory.support.AbstractAutowireCapableBeanFactory.populateBean(AbstractAutowireCapableBeanFactory.java:1435)
	at org.springframework.beans.factory.support.AbstractAutowireCapableBeanFactory.doCreateBean(AbstractAutowireCapableBeanFactory.java:600)
	at org.springframework.beans.factory.support.AbstractAutowireCapableBeanFactory.createBean(AbstractAutowireCapableBeanFactory.java:523)
	at org.springframework.beans.factory.support.AbstractBeanFactory.lambda$doGetBean$0(AbstractBeanFactory.java:325)
	at org.springframework.beans.factory.support.DefaultSingletonBeanRegistry.getSingleton(DefaultSingletonBeanRegistry.java:234)
	at org.springframework.beans.factory.support.AbstractBeanFactory.doGetBean(AbstractBeanFactory.java:323)
	at org.springframework.beans.factory.support.AbstractBeanFactory.getBean(AbstractBeanFactory.java:199)
	at org.springframework.beans.factory.config.DependencyDescriptor.resolveCandidate(DependencyDescriptor.java:254)
	at org.springframework.beans.factory.support.DefaultListableBeanFactory.doResolveDependency(DefaultListableBeanFactory.java:1441)
	at org.springframework.beans.factory.support.DefaultListableBeanFactory.resolveDependency(DefaultListableBeanFactory.java:1348)
	at org.springframework.beans.factory.support.ConstructorResolver.resolveAutowiredArgument(ConstructorResolver.java:911)
	at org.springframework.beans.factory.support.ConstructorResolver.createArgumentArray(ConstructorResolver.java:789)
	... 68 common frames omitted
Caused by: org.springframework.beans.factory.BeanCreationException: Error creating bean with name 'jpaSharedEM_entityManagerFactory': Cannot resolve reference to bean 'entityManagerFactory' while setting constructor argument
	at org.springframework.beans.factory.support.BeanDefinitionValueResolver.resolveReference(BeanDefinitionValueResolver.java:377)
	at org.springframework.beans.factory.support.BeanDefinitionValueResolver.resolveValueIfNecessary(BeanDefinitionValueResolver.java:135)
	at org.springframework.beans.factory.support.ConstructorResolver.resolveConstructorArguments(ConstructorResolver.java:689)
	at org.springframework.beans.factory.support.ConstructorResolver.instantiateUsingFactoryMethod(ConstructorResolver.java:513)
	at org.springframework.beans.factory.support.AbstractAutowireCapableBeanFactory.instantiateUsingFactoryMethod(AbstractAutowireCapableBeanFactory.java:1336)
	at org.springframework.beans.factory.support.AbstractAutowireCapableBeanFactory.createBeanInstance(AbstractAutowireCapableBeanFactory.java:1166)
	at org.springframework.beans.factory.support.AbstractAutowireCapableBeanFactory.doCreateBean(AbstractAutowireCapableBeanFactory.java:563)
	at org.springframework.beans.factory.support.AbstractAutowireCapableBeanFactory.createBean(AbstractAutowireCapableBeanFactory.java:523)
	at org.springframework.beans.factory.support.AbstractBeanFactory.lambda$doGetBean$0(AbstractBeanFactory.java:325)
	at org.springframework.beans.factory.support.DefaultSingletonBeanRegistry.getSingleton(DefaultSingletonBeanRegistry.java:234)
	at org.springframework.beans.factory.support.AbstractBeanFactory.doGetBean(AbstractBeanFactory.java:323)
	at org.springframework.beans.factory.support.AbstractBeanFactory.getBean(AbstractBeanFactory.java:199)
	at org.springframework.beans.factory.support.BeanDefinitionValueResolver.resolveReference(BeanDefinitionValueResolver.java:365)
	... 82 common frames omitted
Caused by: org.springframework.beans.factory.BeanCreationException: Error creating bean with name 'dataSourceScriptDatabaseInitializer' defined in class path resource [org/springframework/boot/autoconfigure/sql/init/DataSourceInitializationConfiguration.class]: Failed to execute SQL script statement #1 of class path resource [data.sql]: INSERT INTO plants (id, name, description, origin, season_found, image_url, affiliate_link) VALUES (1, 'Lavande', 'Plante médicinale reconnue pour ses propriétés calmantes et antiseptiques.', 'Méditerranée', 'Été', 'https://example.com/lavande.jpg', 'https://amazon.fr/lavande'), (2, 'Menthe poivrée', 'Plante aromatique utilisée pour la digestion et la respiration.', 'Europe', 'Été', 'https://example.com/menthe.jpg', 'https://amazon.fr/menthe'), (3, 'Camomille', 'Plante douce utilisée pour apaiser le stress et favoriser le sommeil.', 'Europe', 'Printemps', 'https://example.com/camomille.jpg', 'https://amazon.fr/camomille'), (4, 'Thym', 'Plante antiseptique puissante utilisée pour les infections respiratoires.', 'Méditerranée', 'Printemps', 'https://example.com/thym.jpg', 'https://amazon.fr/thym'), (5, 'Romarin', 'Plante tonique et stimulante, excellente pour la mémoire et la digestion.', 'Méditerranée', 'Printemps', 'https://example.com/romarin.jpg', 'https://amazon.fr/romarin'), (6, 'Aloe Vera', 'Plante succulente utilisée pour hydrater et réparer la peau.', 'Afrique', 'Toute l''année', 'https://example.com/aloe.jpg', 'https://amazon.fr/aloe'), (7, 'Gingembre', 'Racine stimulante utilisée pour la digestion et l''immunité.', 'Asie', 'Hiver', 'https://example.com/gingembre.jpg', 'https://amazon.fr/gingembre'), (8, 'Curcuma', 'Plante anti-inflammatoire puissante grâce à la curcumine.', 'Inde', 'Hiver', 'https://example.com/curcuma.jpg', 'https://amazon.fr/curcuma'), (9, 'Eucalyptus', 'Plante respiratoire par excellence, utilisée en inhalation.', 'Australie', 'Été', 'https://example.com/eucalyptus.jpg', 'https://amazon.fr/eucalyptus'), (10, 'Ortie', 'Plante reminéralisante riche en fer et en vitamines.', 'Europe', 'Printemps', 'https://example.com/ortie.jpg', 'https://amazon.fr/ortie'), (11, 'Sauge', 'Plante purifiante et digestive, utilisée depuis l''Antiquité.', 'Europe', 'Été', 'https://example.com/sauge.jpg', 'https://amazon.fr/sauge'), (12, 'Basilic sacré', 'Plante ayurvédique sacrée, adaptogène et anti-stress.', 'Inde', 'Été', 'https://example.com/basilic.jpg', 'https://amazon.fr/basilic'), (13, 'Mélisse', 'Plante calmante et digestive, idéale contre l''anxiété.', 'Europe', 'Été', 'https://example.com/melisse.jpg', 'https://amazon.fr/melisse'), (14, 'Valériane', 'Plante sédative naturelle utilisée pour le sommeil.', 'Europe', 'Automne', 'https://example.com/valeriane.jpg', 'https://amazon.fr/valeriane'), (15, 'Ginseng', 'Racine tonique et énergisante, utilisée en médecine chinoise.', 'Corée', 'Hiver', 'https://example.com/ginseng.jpg', 'https://amazon.fr/ginseng'), (16, 'Passiflore', 'Plante calmante utilisée contre le stress et l''insomnie.', 'Amérique du Sud', 'Été', 'https://example.com/passiflore.jpg', 'https://amazon.fr/passiflore'), (17, 'Fenouil', 'Plante digestive et antispasmodique.', 'Méditerranée', 'Printemps', 'https://example.com/fenouil.jpg', 'https://amazon.fr/fenouil'), (18, 'Calendula', 'Plante cicatrisante et anti-inflammatoire.', 'Europe', 'Été', 'https://example.com/calendula.jpg', 'https://amazon.fr/calendula'), (19, 'Arnica', 'Plante anti-hématome et anti-inflammatoire.', 'Europe', 'Été', 'https://example.com/arnica.jpg', 'https://amazon.fr/arnica'), (20, 'Réglisse', 'Plante adoucissante et anti-inflammatoire.', 'Asie', 'Printemps', 'https://example.com/reglisse.jpg', 'https://amazon.fr/reglisse')
	at org.springframework.beans.factory.support.AbstractAutowireCapableBeanFactory.initializeBean(AbstractAutowireCapableBeanFactory.java:1775)
	at org.springframework.beans.factory.support.AbstractAutowireCapableBeanFactory.doCreateBean(AbstractAutowireCapableBeanFactory.java:601)
	at org.springframework.beans.factory.support.AbstractAutowireCapableBeanFactory.createBean(AbstractAutowireCapableBeanFactory.java:523)
	at org.springframework.beans.factory.support.AbstractBeanFactory.lambda$doGetBean$0(AbstractBeanFactory.java:325)
	at org.springframework.beans.factory.support.DefaultSingletonBeanRegistry.getSingleton(DefaultSingletonBeanRegistry.java:234)
	at org.springframework.beans.factory.support.AbstractBeanFactory.doGetBean(AbstractBeanFactory.java:323)
	at org.springframework.beans.factory.support.AbstractBeanFactory.getBean(AbstractBeanFactory.java:199)
	at org.springframework.beans.factory.support.AbstractBeanFactory.doGetBean(AbstractBeanFactory.java:312)
	at org.springframework.beans.factory.support.AbstractBeanFactory.getBean(AbstractBeanFactory.java:199)
	at org.springframework.beans.factory.support.BeanDefinitionValueResolver.resolveReference(BeanDefinitionValueResolver.java:365)
	... 94 common frames omitted
Caused by: org.springframework.jdbc.datasource.init.ScriptStatementFailedException: Failed to execute SQL script statement #1 of class path resource [data.sql]: INSERT INTO plants (id, name, description, origin, season_found, image_url, affiliate_link) VALUES (1, 'Lavande', 'Plante médicinale reconnue pour ses propriétés calmantes et antiseptiques.', 'Méditerranée', 'Été', 'https://example.com/lavande.jpg', 'https://amazon.fr/lavande'), (2, 'Menthe poivrée', 'Plante aromatique utilisée pour la digestion et la respiration.', 'Europe', 'Été', 'https://example.com/menthe.jpg', 'https://amazon.fr/menthe'), (3, 'Camomille', 'Plante douce utilisée pour apaiser le stress et favoriser le sommeil.', 'Europe', 'Printemps', 'https://example.com/camomille.jpg', 'https://amazon.fr/camomille'), (4, 'Thym', 'Plante antiseptique puissante utilisée pour les infections respiratoires.', 'Méditerranée', 'Printemps', 'https://example.com/thym.jpg', 'https://amazon.fr/thym'), (5, 'Romarin', 'Plante tonique et stimulante, excellente pour la mémoire et la digestion.', 'Méditerranée', 'Printemps', 'https://example.com/romarin.jpg', 'https://amazon.fr/romarin'), (6, 'Aloe Vera', 'Plante succulente utilisée pour hydrater et réparer la peau.', 'Afrique', 'Toute l''année', 'https://example.com/aloe.jpg', 'https://amazon.fr/aloe'), (7, 'Gingembre', 'Racine stimulante utilisée pour la digestion et l''immunité.', 'Asie', 'Hiver', 'https://example.com/gingembre.jpg', 'https://amazon.fr/gingembre'), (8, 'Curcuma', 'Plante anti-inflammatoire puissante grâce à la curcumine.', 'Inde', 'Hiver', 'https://example.com/curcuma.jpg', 'https://amazon.fr/curcuma'), (9, 'Eucalyptus', 'Plante respiratoire par excellence, utilisée en inhalation.', 'Australie', 'Été', 'https://example.com/eucalyptus.jpg', 'https://amazon.fr/eucalyptus'), (10, 'Ortie', 'Plante reminéralisante riche en fer et en vitamines.', 'Europe', 'Printemps', 'https://example.com/ortie.jpg', 'https://amazon.fr/ortie'), (11, 'Sauge', 'Plante purifiante et digestive, utilisée depuis l''Antiquité.', 'Europe', 'Été', 'https://example.com/sauge.jpg', 'https://amazon.fr/sauge'), (12, 'Basilic sacré', 'Plante ayurvédique sacrée, adaptogène et anti-stress.', 'Inde', 'Été', 'https://example.com/basilic.jpg', 'https://amazon.fr/basilic'), (13, 'Mélisse', 'Plante calmante et digestive, idéale contre l''anxiété.', 'Europe', 'Été', 'https://example.com/melisse.jpg', 'https://amazon.fr/melisse'), (14, 'Valériane', 'Plante sédative naturelle utilisée pour le sommeil.', 'Europe', 'Automne', 'https://example.com/valeriane.jpg', 'https://amazon.fr/valeriane'), (15, 'Ginseng', 'Racine tonique et énergisante, utilisée en médecine chinoise.', 'Corée', 'Hiver', 'https://example.com/ginseng.jpg', 'https://amazon.fr/ginseng'), (16, 'Passiflore', 'Plante calmante utilisée contre le stress et l''insomnie.', 'Amérique du Sud', 'Été', 'https://example.com/passiflore.jpg', 'https://amazon.fr/passiflore'), (17, 'Fenouil', 'Plante digestive et antispasmodique.', 'Méditerranée', 'Printemps', 'https://example.com/fenouil.jpg', 'https://amazon.fr/fenouil'), (18, 'Calendula', 'Plante cicatrisante et anti-inflammatoire.', 'Europe', 'Été', 'https://example.com/calendula.jpg', 'https://amazon.fr/calendula'), (19, 'Arnica', 'Plante anti-hématome et anti-inflammatoire.', 'Europe', 'Été', 'https://example.com/arnica.jpg', 'https://amazon.fr/arnica'), (20, 'Réglisse', 'Plante adoucissante et anti-inflammatoire.', 'Asie', 'Printemps', 'https://example.com/reglisse.jpg', 'https://amazon.fr/reglisse')
	at org.springframework.jdbc.datasource.init.ScriptUtils.executeSqlScript(ScriptUtils.java:282)
	at org.springframework.jdbc.datasource.init.ResourceDatabasePopulator.populate(ResourceDatabasePopulator.java:254)
	at org.springframework.jdbc.datasource.init.DatabasePopulatorUtils.execute(DatabasePopulatorUtils.java:54)
	at org.springframework.boot.jdbc.init.DataSourceScriptDatabaseInitializer.runScripts(DataSourceScriptDatabaseInitializer.java:87)
	at org.springframework.boot.sql.init.AbstractScriptDatabaseInitializer.runScripts(AbstractScriptDatabaseInitializer.java:146)
	at org.springframework.boot.sql.init.AbstractScriptDatabaseInitializer.applyScripts(AbstractScriptDatabaseInitializer.java:108)
	at org.springframework.boot.sql.init.AbstractScriptDatabaseInitializer.applyDataScripts(AbstractScriptDatabaseInitializer.java:102)
	at org.springframework.boot.sql.init.AbstractScriptDatabaseInitializer.initializeDatabase(AbstractScriptDatabaseInitializer.java:77)
	at org.springframework.boot.sql.init.AbstractScriptDatabaseInitializer.afterPropertiesSet(AbstractScriptDatabaseInitializer.java:66)
	at org.springframework.beans.factory.support.AbstractAutowireCapableBeanFactory.invokeInitMethods(AbstractAutowireCapableBeanFactory.java:1822)
	at org.springframework.beans.factory.support.AbstractAutowireCapableBeanFactory.initializeBean(AbstractAutowireCapableBeanFactory.java:1771)
	... 103 common frames omitted
Caused by: org.postgresql.util.PSQLException: ERREUR: la valeur d'une clé dupliquée rompt la contrainte unique « plants_pkey »
  Détail : La clé « (id)=(1) » existe déjà.
	at org.postgresql.core.v3.QueryExecutorImpl.receiveErrorResponse(QueryExecutorImpl.java:2713)
	at org.postgresql.core.v3.QueryExecutorImpl.processResults(QueryExecutorImpl.java:2401)
	at org.postgresql.core.v3.QueryExecutorImpl.execute(QueryExecutorImpl.java:368)
	at org.postgresql.jdbc.PgStatement.executeInternal(PgStatement.java:498)
	at org.postgresql.jdbc.PgStatement.execute(PgStatement.java:415)
	at org.postgresql.jdbc.PgStatement.executeWithFlags(PgStatement.java:335)
	at org.postgresql.jdbc.PgStatement.executeCachedSql(PgStatement.java:321)
	at org.postgresql.jdbc.PgStatement.executeWithFlags(PgStatement.java:297)
	at org.postgresql.jdbc.PgStatement.execute(PgStatement.java:292)
	at com.zaxxer.hikari.pool.ProxyStatement.execute(ProxyStatement.java:94)
	at com.zaxxer.hikari.pool.HikariProxyStatement.execute(HikariProxyStatement.java)
	at org.springframework.jdbc.datasource.init.ScriptUtils.executeSqlScript(ScriptUtils.java:261)
	... 113 common frames omitted
2026-05-18 15:30:47 INFO  [background-preinit] o.h.validator.internal.util.Version - HV000001: Hibernate Validator 8.0.1.Final
2026-05-18 15:30:47 INFO  [main] com.plants.api.ApiApplication - Starting ApiApplication using Java 21.0.11 with PID 37024 (C:\Users\kader\plants-medicinales-SaaS\target\classes started by kader in C:\Users\kader\plants-medicinales-SaaS)
2026-05-18 15:30:47 DEBUG [main] com.plants.api.ApiApplication - Running with Spring Boot v3.2.0, Spring v6.1.1
2026-05-18 15:30:47 INFO  [main] com.plants.api.ApiApplication - The following 1 profile is active: "dev"
2026-05-18 15:30:48 INFO  [main] o.s.d.r.c.RepositoryConfigurationDelegate - Multiple Spring Data modules found, entering strict repository configuration mode
2026-05-18 15:30:48 INFO  [main] o.s.d.r.c.RepositoryConfigurationDelegate - Bootstrapping Spring Data JPA repositories in DEFAULT mode.
2026-05-18 15:30:48 INFO  [main] o.s.d.r.c.RepositoryConfigurationDelegate - Finished Spring Data repository scanning in 153 ms. Found 8 JPA repository interfaces.
2026-05-18 15:30:48 INFO  [main] o.s.d.r.c.RepositoryConfigurationDelegate - Multiple Spring Data modules found, entering strict repository configuration mode
2026-05-18 15:30:48 INFO  [main] o.s.d.r.c.RepositoryConfigurationDelegate - Bootstrapping Spring Data Redis repositories in DEFAULT mode.
2026-05-18 15:30:48 INFO  [main] o.s.d.r.c.RepositoryConfigurationExtensionSupport - Spring Data Redis - Could not safely identify store assignment for repository candidate interface com.plants.api.repositories.AffiliateClickRepository; If you want this repository to be a Redis repository, consider annotating your entities with one of these annotations: org.springframework.data.redis.core.RedisHash (preferred), or consider extending one of the following types with your repository: org.springframework.data.keyvalue.repository.KeyValueRepository
2026-05-18 15:30:48 INFO  [main] o.s.d.r.c.RepositoryConfigurationExtensionSupport - Spring Data Redis - Could not safely identify store assignment for repository candidate interface com.plants.api.repositories.AffiliateProductRepository; If you want this repository to be a Redis repository, consider annotating your entities with one of these annotations: org.springframework.data.redis.core.RedisHash (preferred), or consider extending one of the following types with your repository: org.springframework.data.keyvalue.repository.KeyValueRepository
2026-05-18 15:30:48 INFO  [main] o.s.d.r.c.RepositoryConfigurationExtensionSupport - Spring Data Redis - Could not safely identify store assignment for repository candidate interface com.plants.api.repositories.ArticleRepository; If you want this repository to be a Redis repository, consider annotating your entities with one of these annotations: org.springframework.data.redis.core.RedisHash (preferred), or consider extending one of the following types with your repository: org.springframework.data.keyvalue.repository.KeyValueRepository
2026-05-18 15:30:48 INFO  [main] o.s.d.r.c.RepositoryConfigurationExtensionSupport - Spring Data Redis - Could not safely identify store assignment for repository candidate interface com.plants.api.repositories.CommentRepository; If you want this repository to be a Redis repository, consider annotating your entities with one of these annotations: org.springframework.data.redis.core.RedisHash (preferred), or consider extending one of the following types with your repository: org.springframework.data.keyvalue.repository.KeyValueRepository
2026-05-18 15:30:48 INFO  [main] o.s.d.r.c.RepositoryConfigurationExtensionSupport - Spring Data Redis - Could not safely identify store assignment for repository candidate interface com.plants.api.repositories.FavoriteRepository; If you want this repository to be a Redis repository, consider annotating your entities with one of these annotations: org.springframework.data.redis.core.RedisHash (preferred), or consider extending one of the following types with your repository: org.springframework.data.keyvalue.repository.KeyValueRepository
2026-05-18 15:30:48 INFO  [main] o.s.d.r.c.RepositoryConfigurationExtensionSupport - Spring Data Redis - Could not safely identify store assignment for repository candidate interface com.plants.api.repositories.OilRepository; If you want this repository to be a Redis repository, consider annotating your entities with one of these annotations: org.springframework.data.redis.core.RedisHash (preferred), or consider extending one of the following types with your repository: org.springframework.data.keyvalue.repository.KeyValueRepository
2026-05-18 15:30:48 INFO  [main] o.s.d.r.c.RepositoryConfigurationExtensionSupport - Spring Data Redis - Could not safely identify store assignment for repository candidate interface com.plants.api.repositories.PlantRepository; If you want this repository to be a Redis repository, consider annotating your entities with one of these annotations: org.springframework.data.redis.core.RedisHash (preferred), or consider extending one of the following types with your repository: org.springframework.data.keyvalue.repository.KeyValueRepository
2026-05-18 15:30:48 INFO  [main] o.s.d.r.c.RepositoryConfigurationExtensionSupport - Spring Data Redis - Could not safely identify store assignment for repository candidate interface com.plants.api.repositories.UserRepository; If you want this repository to be a Redis repository, consider annotating your entities with one of these annotations: org.springframework.data.redis.core.RedisHash (preferred), or consider extending one of the following types with your repository: org.springframework.data.keyvalue.repository.KeyValueRepository
2026-05-18 15:30:48 INFO  [main] o.s.d.r.c.RepositoryConfigurationDelegate - Finished Spring Data repository scanning in 6 ms. Found 0 Redis repository interfaces.
2026-05-18 15:30:49 INFO  [main] o.s.b.w.e.tomcat.TomcatWebServer - Tomcat initialized with port 8080 (http)
2026-05-18 15:30:49 INFO  [main] o.a.coyote.http11.Http11NioProtocol - Initializing ProtocolHandler ["http-nio-8080"]
2026-05-18 15:30:49 INFO  [main] o.a.catalina.core.StandardService - Starting service [Tomcat]
2026-05-18 15:30:49 INFO  [main] o.a.catalina.core.StandardEngine - Starting Servlet engine: [Apache Tomcat/10.1.16]
2026-05-18 15:30:49 INFO  [main] o.a.c.c.C.[Tomcat].[localhost].[/] - Initializing Spring embedded WebApplicationContext
2026-05-18 15:30:49 INFO  [main] o.s.b.w.s.c.ServletWebServerApplicationContext - Root WebApplicationContext: initialization completed in 2032 ms
2026-05-18 15:30:49 ERROR [main] o.s.b.w.e.tomcat.TomcatStarter - Error starting Tomcat context. Exception: org.springframework.beans.factory.UnsatisfiedDependencyException. Message: Error creating bean with name 'jwtAuthenticationFilter' defined in file [C:\Users\kader\plants-medicinales-SaaS\target\classes\com\plants\api\security\JwtAuthenticationFilter.class]: Unsatisfied dependency expressed through constructor parameter 1: Error creating bean with name 'customUserDetailsService' defined in file [C:\Users\kader\plants-medicinales-SaaS\target\classes\com\plants\api\security\CustomUserDetailsService.class]: Unsatisfied dependency expressed through constructor parameter 0: Error creating bean with name 'userRepository' defined in com.plants.api.repositories.UserRepository defined in @EnableJpaRepositories declared on JpaRepositoriesRegistrar.EnableJpaRepositoriesConfiguration: Cannot resolve reference to bean 'jpaSharedEM_entityManagerFactory' while setting bean property 'entityManager'
2026-05-18 15:30:49 INFO  [main] o.a.catalina.core.StandardService - Stopping service [Tomcat]
2026-05-18 15:30:49 WARN  [main] o.s.b.w.s.c.AnnotationConfigServletWebServerApplicationContext - Exception encountered during context initialization - cancelling refresh attempt: org.springframework.context.ApplicationContextException: Unable to start web server
2026-05-18 15:30:49 INFO  [main] o.s.b.a.l.ConditionEvaluationReportLogger - 

Error starting ApplicationContext. To display the condition evaluation report re-run your application with 'debug' enabled.
2026-05-18 15:30:49 ERROR [main] o.s.boot.SpringApplication - Application run failed
org.springframework.context.ApplicationContextException: Unable to start web server
	at org.springframework.boot.web.servlet.context.ServletWebServerApplicationContext.onRefresh(ServletWebServerApplicationContext.java:165)
	at org.springframework.context.support.AbstractApplicationContext.refresh(AbstractApplicationContext.java:610)
	at org.springframework.boot.web.servlet.context.ServletWebServerApplicationContext.refresh(ServletWebServerApplicationContext.java:146)
	at org.springframework.boot.SpringApplication.refresh(SpringApplication.java:753)
	at org.springframework.boot.SpringApplication.refreshContext(SpringApplication.java:455)
	at org.springframework.boot.SpringApplication.run(SpringApplication.java:323)
	at org.springframework.boot.SpringApplication.run(SpringApplication.java:1342)
	at org.springframework.boot.SpringApplication.run(SpringApplication.java:1331)
	at com.plants.api.ApiApplication.main(ApiApplication.java:10)
Caused by: org.springframework.boot.web.server.WebServerException: Unable to start embedded Tomcat
	at org.springframework.boot.web.embedded.tomcat.TomcatWebServer.initialize(TomcatWebServer.java:142)
	at org.springframework.boot.web.embedded.tomcat.TomcatWebServer.<init>(TomcatWebServer.java:104)
	at org.springframework.boot.web.embedded.tomcat.TomcatServletWebServerFactory.getTomcatWebServer(TomcatServletWebServerFactory.java:501)
	at org.springframework.boot.web.embedded.tomcat.TomcatServletWebServerFactory.getWebServer(TomcatServletWebServerFactory.java:218)
	at org.springframework.boot.web.servlet.context.ServletWebServerApplicationContext.createWebServer(ServletWebServerApplicationContext.java:188)
	at org.springframework.boot.web.servlet.context.ServletWebServerApplicationContext.onRefresh(ServletWebServerApplicationContext.java:162)
	... 8 common frames omitted
Caused by: org.springframework.beans.factory.UnsatisfiedDependencyException: Error creating bean with name 'jwtAuthenticationFilter' defined in file [C:\Users\kader\plants-medicinales-SaaS\target\classes\com\plants\api\security\JwtAuthenticationFilter.class]: Unsatisfied dependency expressed through constructor parameter 1: Error creating bean with name 'customUserDetailsService' defined in file [C:\Users\kader\plants-medicinales-SaaS\target\classes\com\plants\api\security\CustomUserDetailsService.class]: Unsatisfied dependency expressed through constructor parameter 0: Error creating bean with name 'userRepository' defined in com.plants.api.repositories.UserRepository defined in @EnableJpaRepositories declared on JpaRepositoriesRegistrar.EnableJpaRepositoriesConfiguration: Cannot resolve reference to bean 'jpaSharedEM_entityManagerFactory' while setting bean property 'entityManager'
	at org.springframework.beans.factory.support.ConstructorResolver.createArgumentArray(ConstructorResolver.java:802)
	at org.springframework.beans.factory.support.ConstructorResolver.autowireConstructor(ConstructorResolver.java:241)
	at org.springframework.beans.factory.support.AbstractAutowireCapableBeanFactory.autowireConstructor(AbstractAutowireCapableBeanFactory.java:1356)
	at org.springframework.beans.factory.support.AbstractAutowireCapableBeanFactory.createBeanInstance(AbstractAutowireCapableBeanFactory.java:1193)
	at org.springframework.beans.factory.support.AbstractAutowireCapableBeanFactory.doCreateBean(AbstractAutowireCapableBeanFactory.java:563)
	at org.springframework.beans.factory.support.AbstractAutowireCapableBeanFactory.createBean(AbstractAutowireCapableBeanFactory.java:523)
	at org.springframework.beans.factory.support.AbstractBeanFactory.lambda$doGetBean$0(AbstractBeanFactory.java:325)
	at org.springframework.beans.factory.support.DefaultSingletonBeanRegistry.getSingleton(DefaultSingletonBeanRegistry.java:234)
	at org.springframework.beans.factory.support.AbstractBeanFactory.doGetBean(AbstractBeanFactory.java:323)
	at org.springframework.beans.factory.support.AbstractBeanFactory.getBean(AbstractBeanFactory.java:204)
	at org.springframework.boot.web.servlet.ServletContextInitializerBeans.getOrderedBeansOfType(ServletContextInitializerBeans.java:210)
	at org.springframework.boot.web.servlet.ServletContextInitializerBeans.addAsRegistrationBean(ServletContextInitializerBeans.java:173)
	at org.springframework.boot.web.servlet.ServletContextInitializerBeans.addAsRegistrationBean(ServletContextInitializerBeans.java:168)
	at org.springframework.boot.web.servlet.ServletContextInitializerBeans.addAdaptableBeans(ServletContextInitializerBeans.java:153)
	at org.springframework.boot.web.servlet.ServletContextInitializerBeans.<init>(ServletContextInitializerBeans.java:86)
	at org.springframework.boot.web.servlet.context.ServletWebServerApplicationContext.getServletContextInitializerBeans(ServletWebServerApplicationContext.java:266)
	at org.springframework.boot.web.servlet.context.ServletWebServerApplicationContext.selfInitialize(ServletWebServerApplicationContext.java:240)
	at org.springframework.boot.web.embedded.tomcat.TomcatStarter.onStartup(TomcatStarter.java:52)
	at org.apache.catalina.core.StandardContext.startInternal(StandardContext.java:4850)
	at org.apache.catalina.util.LifecycleBase.start(LifecycleBase.java:171)
	at org.apache.catalina.core.ContainerBase$StartChild.call(ContainerBase.java:1332)
	at org.apache.catalina.core.ContainerBase$StartChild.call(ContainerBase.java:1322)
	at java.base/java.util.concurrent.FutureTask.run(FutureTask.java:317)
	at org.apache.tomcat.util.threads.InlineExecutorService.execute(InlineExecutorService.java:75)
	at java.base/java.util.concurrent.AbstractExecutorService.submit(AbstractExecutorService.java:145)
	at org.apache.catalina.core.ContainerBase.startInternal(ContainerBase.java:866)
	at org.apache.catalina.core.StandardHost.startInternal(StandardHost.java:845)
	at org.apache.catalina.util.LifecycleBase.start(LifecycleBase.java:171)
	at org.apache.catalina.core.ContainerBase$StartChild.call(ContainerBase.java:1332)
	at org.apache.catalina.core.ContainerBase$StartChild.call(ContainerBase.java:1322)
	at java.base/java.util.concurrent.FutureTask.run(FutureTask.java:317)
	at org.apache.tomcat.util.threads.InlineExecutorService.execute(InlineExecutorService.java:75)
	at java.base/java.util.concurrent.AbstractExecutorService.submit(AbstractExecutorService.java:145)
	at org.apache.catalina.core.ContainerBase.startInternal(ContainerBase.java:866)
	at org.apache.catalina.core.StandardEngine.startInternal(StandardEngine.java:240)
	at org.apache.catalina.util.LifecycleBase.start(LifecycleBase.java:171)
	at org.apache.catalina.core.StandardService.startInternal(StandardService.java:433)
	at org.apache.catalina.util.LifecycleBase.start(LifecycleBase.java:171)
	at org.apache.catalina.core.StandardServer.startInternal(StandardServer.java:917)
	at org.apache.catalina.util.LifecycleBase.start(LifecycleBase.java:171)
	at org.apache.catalina.startup.Tomcat.start(Tomcat.java:488)
	at org.springframework.boot.web.embedded.tomcat.TomcatWebServer.initialize(TomcatWebServer.java:123)
	... 13 common frames omitted
Caused by: org.springframework.beans.factory.UnsatisfiedDependencyException: Error creating bean with name 'customUserDetailsService' defined in file [C:\Users\kader\plants-medicinales-SaaS\target\classes\com\plants\api\security\CustomUserDetailsService.class]: Unsatisfied dependency expressed through constructor parameter 0: Error creating bean with name 'userRepository' defined in com.plants.api.repositories.UserRepository defined in @EnableJpaRepositories declared on JpaRepositoriesRegistrar.EnableJpaRepositoriesConfiguration: Cannot resolve reference to bean 'jpaSharedEM_entityManagerFactory' while setting bean property 'entityManager'
	at org.springframework.beans.factory.support.ConstructorResolver.createArgumentArray(ConstructorResolver.java:802)
	at org.springframework.beans.factory.support.ConstructorResolver.autowireConstructor(ConstructorResolver.java:241)
	at org.springframework.beans.factory.support.AbstractAutowireCapableBeanFactory.autowireConstructor(AbstractAutowireCapableBeanFactory.java:1356)
	at org.springframework.beans.factory.support.AbstractAutowireCapableBeanFactory.createBeanInstance(AbstractAutowireCapableBeanFactory.java:1193)
	at org.springframework.beans.factory.support.AbstractAutowireCapableBeanFactory.doCreateBean(AbstractAutowireCapableBeanFactory.java:563)
	at org.springframework.beans.factory.support.AbstractAutowireCapableBeanFactory.createBean(AbstractAutowireCapableBeanFactory.java:523)
	at org.springframework.beans.factory.support.AbstractBeanFactory.lambda$doGetBean$0(AbstractBeanFactory.java:325)
	at org.springframework.beans.factory.support.DefaultSingletonBeanRegistry.getSingleton(DefaultSingletonBeanRegistry.java:234)
	at org.springframework.beans.factory.support.AbstractBeanFactory.doGetBean(AbstractBeanFactory.java:323)
	at org.springframework.beans.factory.support.AbstractBeanFactory.getBean(AbstractBeanFactory.java:199)
	at org.springframework.beans.factory.config.DependencyDescriptor.resolveCandidate(DependencyDescriptor.java:254)
	at org.springframework.beans.factory.support.DefaultListableBeanFactory.doResolveDependency(DefaultListableBeanFactory.java:1441)
	at org.springframework.beans.factory.support.DefaultListableBeanFactory.resolveDependency(DefaultListableBeanFactory.java:1348)
	at org.springframework.beans.factory.support.ConstructorResolver.resolveAutowiredArgument(ConstructorResolver.java:911)
	at org.springframework.beans.factory.support.ConstructorResolver.createArgumentArray(ConstructorResolver.java:789)
	... 54 common frames omitted
Caused by: org.springframework.beans.factory.BeanCreationException: Error creating bean with name 'userRepository' defined in com.plants.api.repositories.UserRepository defined in @EnableJpaRepositories declared on JpaRepositoriesRegistrar.EnableJpaRepositoriesConfiguration: Cannot resolve reference to bean 'jpaSharedEM_entityManagerFactory' while setting bean property 'entityManager'
	at org.springframework.beans.factory.support.BeanDefinitionValueResolver.resolveReference(BeanDefinitionValueResolver.java:377)
	at org.springframework.beans.factory.support.BeanDefinitionValueResolver.resolveValueIfNecessary(BeanDefinitionValueResolver.java:135)
	at org.springframework.beans.factory.support.AbstractAutowireCapableBeanFactory.applyPropertyValues(AbstractAutowireCapableBeanFactory.java:1686)
	at org.springframework.beans.factory.support.AbstractAutowireCapableBeanFactory.populateBean(AbstractAutowireCapableBeanFactory.java:1435)
	at org.springframework.beans.factory.support.AbstractAutowireCapableBeanFactory.doCreateBean(AbstractAutowireCapableBeanFactory.java:600)
	at org.springframework.beans.factory.support.AbstractAutowireCapableBeanFactory.createBean(AbstractAutowireCapableBeanFactory.java:523)
	at org.springframework.beans.factory.support.AbstractBeanFactory.lambda$doGetBean$0(AbstractBeanFactory.java:325)
	at org.springframework.beans.factory.support.DefaultSingletonBeanRegistry.getSingleton(DefaultSingletonBeanRegistry.java:234)
	at org.springframework.beans.factory.support.AbstractBeanFactory.doGetBean(AbstractBeanFactory.java:323)
	at org.springframework.beans.factory.support.AbstractBeanFactory.getBean(AbstractBeanFactory.java:199)
	at org.springframework.beans.factory.config.DependencyDescriptor.resolveCandidate(DependencyDescriptor.java:254)
	at org.springframework.beans.factory.support.DefaultListableBeanFactory.doResolveDependency(DefaultListableBeanFactory.java:1441)
	at org.springframework.beans.factory.support.DefaultListableBeanFactory.resolveDependency(DefaultListableBeanFactory.java:1348)
	at org.springframework.beans.factory.support.ConstructorResolver.resolveAutowiredArgument(ConstructorResolver.java:911)
	at org.springframework.beans.factory.support.ConstructorResolver.createArgumentArray(ConstructorResolver.java:789)
	... 68 common frames omitted
Caused by: org.springframework.beans.factory.BeanCreationException: Error creating bean with name 'jpaSharedEM_entityManagerFactory': Cannot resolve reference to bean 'entityManagerFactory' while setting constructor argument
	at org.springframework.beans.factory.support.BeanDefinitionValueResolver.resolveReference(BeanDefinitionValueResolver.java:377)
	at org.springframework.beans.factory.support.BeanDefinitionValueResolver.resolveValueIfNecessary(BeanDefinitionValueResolver.java:135)
	at org.springframework.beans.factory.support.ConstructorResolver.resolveConstructorArguments(ConstructorResolver.java:689)
	at org.springframework.beans.factory.support.ConstructorResolver.instantiateUsingFactoryMethod(ConstructorResolver.java:513)
	at org.springframework.beans.factory.support.AbstractAutowireCapableBeanFactory.instantiateUsingFactoryMethod(AbstractAutowireCapableBeanFactory.java:1336)
	at org.springframework.beans.factory.support.AbstractAutowireCapableBeanFactory.createBeanInstance(AbstractAutowireCapableBeanFactory.java:1166)
	at org.springframework.beans.factory.support.AbstractAutowireCapableBeanFactory.doCreateBean(AbstractAutowireCapableBeanFactory.java:563)
	at org.springframework.beans.factory.support.AbstractAutowireCapableBeanFactory.createBean(AbstractAutowireCapableBeanFactory.java:523)
	at org.springframework.beans.factory.support.AbstractBeanFactory.lambda$doGetBean$0(AbstractBeanFactory.java:325)
	at org.springframework.beans.factory.support.DefaultSingletonBeanRegistry.getSingleton(DefaultSingletonBeanRegistry.java:234)
	at org.springframework.beans.factory.support.AbstractBeanFactory.doGetBean(AbstractBeanFactory.java:323)
	at org.springframework.beans.factory.support.AbstractBeanFactory.getBean(AbstractBeanFactory.java:199)
	at org.springframework.beans.factory.support.BeanDefinitionValueResolver.resolveReference(BeanDefinitionValueResolver.java:365)
	... 82 common frames omitted
Caused by: org.springframework.beans.factory.BeanCreationException: Error creating bean with name 'flyway' defined in class path resource [org/springframework/boot/autoconfigure/flyway/FlywayAutoConfiguration$FlywayConfiguration.class]: Circular depends-on relationship between 'flyway' and 'entityManagerFactory'
	at org.springframework.beans.factory.support.AbstractBeanFactory.doGetBean(AbstractBeanFactory.java:307)
	at org.springframework.beans.factory.support.AbstractBeanFactory.getBean(AbstractBeanFactory.java:199)
	at org.springframework.beans.factory.support.AbstractBeanFactory.doGetBean(AbstractBeanFactory.java:312)
	at org.springframework.beans.factory.support.AbstractBeanFactory.getBean(AbstractBeanFactory.java:199)
	at org.springframework.beans.factory.support.BeanDefinitionValueResolver.resolveReference(BeanDefinitionValueResolver.java:365)
	... 94 common frames omitted
2026-05-18 19:50:06 INFO  [background-preinit] o.h.validator.internal.util.Version - HV000001: Hibernate Validator 8.0.1.Final
2026-05-18 19:50:06 INFO  [main] com.plants.api.ApiApplication - Starting ApiApplication using Java 21.0.11 with PID 37544 (C:\Users\kader\plants-medicinales-SaaS\target\classes started by kader in C:\Users\kader\plants-medicinales-SaaS)
2026-05-18 19:50:06 DEBUG [main] com.plants.api.ApiApplication - Running with Spring Boot v3.2.0, Spring v6.1.1
2026-05-18 19:50:06 INFO  [main] com.plants.api.ApiApplication - The following 1 profile is active: "dev"
2026-05-18 19:50:08 INFO  [main] o.s.d.r.c.RepositoryConfigurationDelegate - Multiple Spring Data modules found, entering strict repository configuration mode
2026-05-18 19:50:08 INFO  [main] o.s.d.r.c.RepositoryConfigurationDelegate - Bootstrapping Spring Data JPA repositories in DEFAULT mode.
2026-05-18 19:50:09 INFO  [main] o.s.d.r.c.RepositoryConfigurationDelegate - Finished Spring Data repository scanning in 413 ms. Found 8 JPA repository interfaces.
2026-05-18 19:50:09 INFO  [main] o.s.d.r.c.RepositoryConfigurationDelegate - Multiple Spring Data modules found, entering strict repository configuration mode
2026-05-18 19:50:09 INFO  [main] o.s.d.r.c.RepositoryConfigurationDelegate - Bootstrapping Spring Data Redis repositories in DEFAULT mode.
2026-05-18 19:50:09 INFO  [main] o.s.d.r.c.RepositoryConfigurationExtensionSupport - Spring Data Redis - Could not safely identify store assignment for repository candidate interface com.plants.api.repositories.AffiliateClickRepository; If you want this repository to be a Redis repository, consider annotating your entities with one of these annotations: org.springframework.data.redis.core.RedisHash (preferred), or consider extending one of the following types with your repository: org.springframework.data.keyvalue.repository.KeyValueRepository
2026-05-18 19:50:09 INFO  [main] o.s.d.r.c.RepositoryConfigurationExtensionSupport - Spring Data Redis - Could not safely identify store assignment for repository candidate interface com.plants.api.repositories.AffiliateProductRepository; If you want this repository to be a Redis repository, consider annotating your entities with one of these annotations: org.springframework.data.redis.core.RedisHash (preferred), or consider extending one of the following types with your repository: org.springframework.data.keyvalue.repository.KeyValueRepository
2026-05-18 19:50:09 INFO  [main] o.s.d.r.c.RepositoryConfigurationExtensionSupport - Spring Data Redis - Could not safely identify store assignment for repository candidate interface com.plants.api.repositories.ArticleRepository; If you want this repository to be a Redis repository, consider annotating your entities with one of these annotations: org.springframework.data.redis.core.RedisHash (preferred), or consider extending one of the following types with your repository: org.springframework.data.keyvalue.repository.KeyValueRepository
2026-05-18 19:50:09 INFO  [main] o.s.d.r.c.RepositoryConfigurationExtensionSupport - Spring Data Redis - Could not safely identify store assignment for repository candidate interface com.plants.api.repositories.CommentRepository; If you want this repository to be a Redis repository, consider annotating your entities with one of these annotations: org.springframework.data.redis.core.RedisHash (preferred), or consider extending one of the following types with your repository: org.springframework.data.keyvalue.repository.KeyValueRepository
2026-05-18 19:50:09 INFO  [main] o.s.d.r.c.RepositoryConfigurationExtensionSupport - Spring Data Redis - Could not safely identify store assignment for repository candidate interface com.plants.api.repositories.FavoriteRepository; If you want this repository to be a Redis repository, consider annotating your entities with one of these annotations: org.springframework.data.redis.core.RedisHash (preferred), or consider extending one of the following types with your repository: org.springframework.data.keyvalue.repository.KeyValueRepository
2026-05-18 19:50:09 INFO  [main] o.s.d.r.c.RepositoryConfigurationExtensionSupport - Spring Data Redis - Could not safely identify store assignment for repository candidate interface com.plants.api.repositories.OilRepository; If you want this repository to be a Redis repository, consider annotating your entities with one of these annotations: org.springframework.data.redis.core.RedisHash (preferred), or consider extending one of the following types with your repository: org.springframework.data.keyvalue.repository.KeyValueRepository
2026-05-18 19:50:09 INFO  [main] o.s.d.r.c.RepositoryConfigurationExtensionSupport - Spring Data Redis - Could not safely identify store assignment for repository candidate interface com.plants.api.repositories.PlantRepository; If you want this repository to be a Redis repository, consider annotating your entities with one of these annotations: org.springframework.data.redis.core.RedisHash (preferred), or consider extending one of the following types with your repository: org.springframework.data.keyvalue.repository.KeyValueRepository
2026-05-18 19:50:09 INFO  [main] o.s.d.r.c.RepositoryConfigurationExtensionSupport - Spring Data Redis - Could not safely identify store assignment for repository candidate interface com.plants.api.repositories.UserRepository; If you want this repository to be a Redis repository, consider annotating your entities with one of these annotations: org.springframework.data.redis.core.RedisHash (preferred), or consider extending one of the following types with your repository: org.springframework.data.keyvalue.repository.KeyValueRepository
2026-05-18 19:50:09 INFO  [main] o.s.d.r.c.RepositoryConfigurationDelegate - Finished Spring Data repository scanning in 14 ms. Found 0 Redis repository interfaces.
2026-05-18 19:50:11 INFO  [main] o.s.b.w.e.tomcat.TomcatWebServer - Tomcat initialized with port 8080 (http)
2026-05-18 19:50:11 INFO  [main] o.a.coyote.http11.Http11NioProtocol - Initializing ProtocolHandler ["http-nio-8080"]
2026-05-18 19:50:11 INFO  [main] o.a.catalina.core.StandardService - Starting service [Tomcat]
2026-05-18 19:50:11 INFO  [main] o.a.catalina.core.StandardEngine - Starting Servlet engine: [Apache Tomcat/10.1.16]
2026-05-18 19:50:11 INFO  [main] o.a.c.c.C.[Tomcat].[localhost].[/] - Initializing Spring embedded WebApplicationContext
2026-05-18 19:50:11 INFO  [main] o.s.b.w.s.c.ServletWebServerApplicationContext - Root WebApplicationContext: initialization completed in 4465 ms
2026-05-18 19:50:11 ERROR [main] o.s.b.w.e.tomcat.TomcatStarter - Error starting Tomcat context. Exception: org.springframework.beans.factory.UnsatisfiedDependencyException. Message: Error creating bean with name 'jwtAuthenticationFilter' defined in file [C:\Users\kader\plants-medicinales-SaaS\target\classes\com\plants\api\security\JwtAuthenticationFilter.class]: Unsatisfied dependency expressed through constructor parameter 1: Error creating bean with name 'customUserDetailsService' defined in file [C:\Users\kader\plants-medicinales-SaaS\target\classes\com\plants\api\security\CustomUserDetailsService.class]: Unsatisfied dependency expressed through constructor parameter 0: Error creating bean with name 'userRepository' defined in com.plants.api.repositories.UserRepository defined in @EnableJpaRepositories declared on JpaRepositoriesRegistrar.EnableJpaRepositoriesConfiguration: Cannot resolve reference to bean 'jpaSharedEM_entityManagerFactory' while setting bean property 'entityManager'
2026-05-18 19:50:11 INFO  [main] o.a.catalina.core.StandardService - Stopping service [Tomcat]
2026-05-18 19:50:11 WARN  [main] o.s.b.w.s.c.AnnotationConfigServletWebServerApplicationContext - Exception encountered during context initialization - cancelling refresh attempt: org.springframework.context.ApplicationContextException: Unable to start web server
2026-05-18 19:50:11 INFO  [main] o.s.b.a.l.ConditionEvaluationReportLogger - 

Error starting ApplicationContext. To display the condition evaluation report re-run your application with 'debug' enabled.
2026-05-18 19:50:11 ERROR [main] o.s.boot.SpringApplication - Application run failed
org.springframework.context.ApplicationContextException: Unable to start web server
	at org.springframework.boot.web.servlet.context.ServletWebServerApplicationContext.onRefresh(ServletWebServerApplicationContext.java:165)
	at org.springframework.context.support.AbstractApplicationContext.refresh(AbstractApplicationContext.java:610)
	at org.springframework.boot.web.servlet.context.ServletWebServerApplicationContext.refresh(ServletWebServerApplicationContext.java:146)
	at org.springframework.boot.SpringApplication.refresh(SpringApplication.java:753)
	at org.springframework.boot.SpringApplication.refreshContext(SpringApplication.java:455)
	at org.springframework.boot.SpringApplication.run(SpringApplication.java:323)
	at org.springframework.boot.SpringApplication.run(SpringApplication.java:1342)
	at org.springframework.boot.SpringApplication.run(SpringApplication.java:1331)
	at com.plants.api.ApiApplication.main(ApiApplication.java:10)
Caused by: org.springframework.boot.web.server.WebServerException: Unable to start embedded Tomcat
	at org.springframework.boot.web.embedded.tomcat.TomcatWebServer.initialize(TomcatWebServer.java:142)
	at org.springframework.boot.web.embedded.tomcat.TomcatWebServer.<init>(TomcatWebServer.java:104)
	at org.springframework.boot.web.embedded.tomcat.TomcatServletWebServerFactory.getTomcatWebServer(TomcatServletWebServerFactory.java:501)
	at org.springframework.boot.web.embedded.tomcat.TomcatServletWebServerFactory.getWebServer(TomcatServletWebServerFactory.java:218)
	at org.springframework.boot.web.servlet.context.ServletWebServerApplicationContext.createWebServer(ServletWebServerApplicationContext.java:188)
	at org.springframework.boot.web.servlet.context.ServletWebServerApplicationContext.onRefresh(ServletWebServerApplicationContext.java:162)
	... 8 common frames omitted
Caused by: org.springframework.beans.factory.UnsatisfiedDependencyException: Error creating bean with name 'jwtAuthenticationFilter' defined in file [C:\Users\kader\plants-medicinales-SaaS\target\classes\com\plants\api\security\JwtAuthenticationFilter.class]: Unsatisfied dependency expressed through constructor parameter 1: Error creating bean with name 'customUserDetailsService' defined in file [C:\Users\kader\plants-medicinales-SaaS\target\classes\com\plants\api\security\CustomUserDetailsService.class]: Unsatisfied dependency expressed through constructor parameter 0: Error creating bean with name 'userRepository' defined in com.plants.api.repositories.UserRepository defined in @EnableJpaRepositories declared on JpaRepositoriesRegistrar.EnableJpaRepositoriesConfiguration: Cannot resolve reference to bean 'jpaSharedEM_entityManagerFactory' while setting bean property 'entityManager'
	at org.springframework.beans.factory.support.ConstructorResolver.createArgumentArray(ConstructorResolver.java:802)
	at org.springframework.beans.factory.support.ConstructorResolver.autowireConstructor(ConstructorResolver.java:241)
	at org.springframework.beans.factory.support.AbstractAutowireCapableBeanFactory.autowireConstructor(AbstractAutowireCapableBeanFactory.java:1356)
	at org.springframework.beans.factory.support.AbstractAutowireCapableBeanFactory.createBeanInstance(AbstractAutowireCapableBeanFactory.java:1193)
	at org.springframework.beans.factory.support.AbstractAutowireCapableBeanFactory.doCreateBean(AbstractAutowireCapableBeanFactory.java:563)
	at org.springframework.beans.factory.support.AbstractAutowireCapableBeanFactory.createBean(AbstractAutowireCapableBeanFactory.java:523)
	at org.springframework.beans.factory.support.AbstractBeanFactory.lambda$doGetBean$0(AbstractBeanFactory.java:325)
	at org.springframework.beans.factory.support.DefaultSingletonBeanRegistry.getSingleton(DefaultSingletonBeanRegistry.java:234)
	at org.springframework.beans.factory.support.AbstractBeanFactory.doGetBean(AbstractBeanFactory.java:323)
	at org.springframework.beans.factory.support.AbstractBeanFactory.getBean(AbstractBeanFactory.java:204)
	at org.springframework.boot.web.servlet.ServletContextInitializerBeans.getOrderedBeansOfType(ServletContextInitializerBeans.java:210)
	at org.springframework.boot.web.servlet.ServletContextInitializerBeans.addAsRegistrationBean(ServletContextInitializerBeans.java:173)
	at org.springframework.boot.web.servlet.ServletContextInitializerBeans.addAsRegistrationBean(ServletContextInitializerBeans.java:168)
	at org.springframework.boot.web.servlet.ServletContextInitializerBeans.addAdaptableBeans(ServletContextInitializerBeans.java:153)
	at org.springframework.boot.web.servlet.ServletContextInitializerBeans.<init>(ServletContextInitializerBeans.java:86)
	at org.springframework.boot.web.servlet.context.ServletWebServerApplicationContext.getServletContextInitializerBeans(ServletWebServerApplicationContext.java:266)
	at org.springframework.boot.web.servlet.context.ServletWebServerApplicationContext.selfInitialize(ServletWebServerApplicationContext.java:240)
	at org.springframework.boot.web.embedded.tomcat.TomcatStarter.onStartup(TomcatStarter.java:52)
	at org.apache.catalina.core.StandardContext.startInternal(StandardContext.java:4850)
	at org.apache.catalina.util.LifecycleBase.start(LifecycleBase.java:171)
	at org.apache.catalina.core.ContainerBase$StartChild.call(ContainerBase.java:1332)
	at org.apache.catalina.core.ContainerBase$StartChild.call(ContainerBase.java:1322)
	at java.base/java.util.concurrent.FutureTask.run(FutureTask.java:317)
	at org.apache.tomcat.util.threads.InlineExecutorService.execute(InlineExecutorService.java:75)
	at java.base/java.util.concurrent.AbstractExecutorService.submit(AbstractExecutorService.java:145)
	at org.apache.catalina.core.ContainerBase.startInternal(ContainerBase.java:866)
	at org.apache.catalina.core.StandardHost.startInternal(StandardHost.java:845)
	at org.apache.catalina.util.LifecycleBase.start(LifecycleBase.java:171)
	at org.apache.catalina.core.ContainerBase$StartChild.call(ContainerBase.java:1332)
	at org.apache.catalina.core.ContainerBase$StartChild.call(ContainerBase.java:1322)
	at java.base/java.util.concurrent.FutureTask.run(FutureTask.java:317)
	at org.apache.tomcat.util.threads.InlineExecutorService.execute(InlineExecutorService.java:75)
	at java.base/java.util.concurrent.AbstractExecutorService.submit(AbstractExecutorService.java:145)
	at org.apache.catalina.core.ContainerBase.startInternal(ContainerBase.java:866)
	at org.apache.catalina.core.StandardEngine.startInternal(StandardEngine.java:240)
	at org.apache.catalina.util.LifecycleBase.start(LifecycleBase.java:171)
	at org.apache.catalina.core.StandardService.startInternal(StandardService.java:433)
	at org.apache.catalina.util.LifecycleBase.start(LifecycleBase.java:171)
	at org.apache.catalina.core.StandardServer.startInternal(StandardServer.java:917)
	at org.apache.catalina.util.LifecycleBase.start(LifecycleBase.java:171)
	at org.apache.catalina.startup.Tomcat.start(Tomcat.java:488)
	at org.springframework.boot.web.embedded.tomcat.TomcatWebServer.initialize(TomcatWebServer.java:123)
	... 13 common frames omitted
Caused by: org.springframework.beans.factory.UnsatisfiedDependencyException: Error creating bean with name 'customUserDetailsService' defined in file [C:\Users\kader\plants-medicinales-SaaS\target\classes\com\plants\api\security\CustomUserDetailsService.class]: Unsatisfied dependency expressed through constructor parameter 0: Error creating bean with name 'userRepository' defined in com.plants.api.repositories.UserRepository defined in @EnableJpaRepositories declared on JpaRepositoriesRegistrar.EnableJpaRepositoriesConfiguration: Cannot resolve reference to bean 'jpaSharedEM_entityManagerFactory' while setting bean property 'entityManager'
	at org.springframework.beans.factory.support.ConstructorResolver.createArgumentArray(ConstructorResolver.java:802)
	at org.springframework.beans.factory.support.ConstructorResolver.autowireConstructor(ConstructorResolver.java:241)
	at org.springframework.beans.factory.support.AbstractAutowireCapableBeanFactory.autowireConstructor(AbstractAutowireCapableBeanFactory.java:1356)
	at org.springframework.beans.factory.support.AbstractAutowireCapableBeanFactory.createBeanInstance(AbstractAutowireCapableBeanFactory.java:1193)
	at org.springframework.beans.factory.support.AbstractAutowireCapableBeanFactory.doCreateBean(AbstractAutowireCapableBeanFactory.java:563)
	at org.springframework.beans.factory.support.AbstractAutowireCapableBeanFactory.createBean(AbstractAutowireCapableBeanFactory.java:523)
	at org.springframework.beans.factory.support.AbstractBeanFactory.lambda$doGetBean$0(AbstractBeanFactory.java:325)
	at org.springframework.beans.factory.support.DefaultSingletonBeanRegistry.getSingleton(DefaultSingletonBeanRegistry.java:234)
	at org.springframework.beans.factory.support.AbstractBeanFactory.doGetBean(AbstractBeanFactory.java:323)
	at org.springframework.beans.factory.support.AbstractBeanFactory.getBean(AbstractBeanFactory.java:199)
	at org.springframework.beans.factory.config.DependencyDescriptor.resolveCandidate(DependencyDescriptor.java:254)
	at org.springframework.beans.factory.support.DefaultListableBeanFactory.doResolveDependency(DefaultListableBeanFactory.java:1441)
	at org.springframework.beans.factory.support.DefaultListableBeanFactory.resolveDependency(DefaultListableBeanFactory.java:1348)
	at org.springframework.beans.factory.support.ConstructorResolver.resolveAutowiredArgument(ConstructorResolver.java:911)
	at org.springframework.beans.factory.support.ConstructorResolver.createArgumentArray(ConstructorResolver.java:789)
	... 54 common frames omitted
Caused by: org.springframework.beans.factory.BeanCreationException: Error creating bean with name 'userRepository' defined in com.plants.api.repositories.UserRepository defined in @EnableJpaRepositories declared on JpaRepositoriesRegistrar.EnableJpaRepositoriesConfiguration: Cannot resolve reference to bean 'jpaSharedEM_entityManagerFactory' while setting bean property 'entityManager'
	at org.springframework.beans.factory.support.BeanDefinitionValueResolver.resolveReference(BeanDefinitionValueResolver.java:377)
	at org.springframework.beans.factory.support.BeanDefinitionValueResolver.resolveValueIfNecessary(BeanDefinitionValueResolver.java:135)
	at org.springframework.beans.factory.support.AbstractAutowireCapableBeanFactory.applyPropertyValues(AbstractAutowireCapableBeanFactory.java:1686)
	at org.springframework.beans.factory.support.AbstractAutowireCapableBeanFactory.populateBean(AbstractAutowireCapableBeanFactory.java:1435)
	at org.springframework.beans.factory.support.AbstractAutowireCapableBeanFactory.doCreateBean(AbstractAutowireCapableBeanFactory.java:600)
	at org.springframework.beans.factory.support.AbstractAutowireCapableBeanFactory.createBean(AbstractAutowireCapableBeanFactory.java:523)
	at org.springframework.beans.factory.support.AbstractBeanFactory.lambda$doGetBean$0(AbstractBeanFactory.java:325)
	at org.springframework.beans.factory.support.DefaultSingletonBeanRegistry.getSingleton(DefaultSingletonBeanRegistry.java:234)
	at org.springframework.beans.factory.support.AbstractBeanFactory.doGetBean(AbstractBeanFactory.java:323)
	at org.springframework.beans.factory.support.AbstractBeanFactory.getBean(AbstractBeanFactory.java:199)
	at org.springframework.beans.factory.config.DependencyDescriptor.resolveCandidate(DependencyDescriptor.java:254)
	at org.springframework.beans.factory.support.DefaultListableBeanFactory.doResolveDependency(DefaultListableBeanFactory.java:1441)
	at org.springframework.beans.factory.support.DefaultListableBeanFactory.resolveDependency(DefaultListableBeanFactory.java:1348)
	at org.springframework.beans.factory.support.ConstructorResolver.resolveAutowiredArgument(ConstructorResolver.java:911)
	at org.springframework.beans.factory.support.ConstructorResolver.createArgumentArray(ConstructorResolver.java:789)
	... 68 common frames omitted
Caused by: org.springframework.beans.factory.BeanCreationException: Error creating bean with name 'jpaSharedEM_entityManagerFactory': Cannot resolve reference to bean 'entityManagerFactory' while setting constructor argument
	at org.springframework.beans.factory.support.BeanDefinitionValueResolver.resolveReference(BeanDefinitionValueResolver.java:377)
	at org.springframework.beans.factory.support.BeanDefinitionValueResolver.resolveValueIfNecessary(BeanDefinitionValueResolver.java:135)
	at org.springframework.beans.factory.support.ConstructorResolver.resolveConstructorArguments(ConstructorResolver.java:689)
	at org.springframework.beans.factory.support.ConstructorResolver.instantiateUsingFactoryMethod(ConstructorResolver.java:513)
	at org.springframework.beans.factory.support.AbstractAutowireCapableBeanFactory.instantiateUsingFactoryMethod(AbstractAutowireCapableBeanFactory.java:1336)
	at org.springframework.beans.factory.support.AbstractAutowireCapableBeanFactory.createBeanInstance(AbstractAutowireCapableBeanFactory.java:1166)
	at org.springframework.beans.factory.support.AbstractAutowireCapableBeanFactory.doCreateBean(AbstractAutowireCapableBeanFactory.java:563)
	at org.springframework.beans.factory.support.AbstractAutowireCapableBeanFactory.createBean(AbstractAutowireCapableBeanFactory.java:523)
	at org.springframework.beans.factory.support.AbstractBeanFactory.lambda$doGetBean$0(AbstractBeanFactory.java:325)
	at org.springframework.beans.factory.support.DefaultSingletonBeanRegistry.getSingleton(DefaultSingletonBeanRegistry.java:234)
	at org.springframework.beans.factory.support.AbstractBeanFactory.doGetBean(AbstractBeanFactory.java:323)
	at org.springframework.beans.factory.support.AbstractBeanFactory.getBean(AbstractBeanFactory.java:199)
	at org.springframework.beans.factory.support.BeanDefinitionValueResolver.resolveReference(BeanDefinitionValueResolver.java:365)
	... 82 common frames omitted
Caused by: org.springframework.beans.factory.BeanCreationException: Error creating bean with name 'flyway' defined in class path resource [org/springframework/boot/autoconfigure/flyway/FlywayAutoConfiguration$FlywayConfiguration.class]: Circular depends-on relationship between 'flyway' and 'entityManagerFactory'
	at org.springframework.beans.factory.support.AbstractBeanFactory.doGetBean(AbstractBeanFactory.java:307)
	at org.springframework.beans.factory.support.AbstractBeanFactory.getBean(AbstractBeanFactory.java:199)
	at org.springframework.beans.factory.support.AbstractBeanFactory.doGetBean(AbstractBeanFactory.java:312)
	at org.springframework.beans.factory.support.AbstractBeanFactory.getBean(AbstractBeanFactory.java:199)
	at org.springframework.beans.factory.support.BeanDefinitionValueResolver.resolveReference(BeanDefinitionValueResolver.java:365)
	... 94 common frames omitted
2026-05-18 20:12:24 INFO  [background-preinit] o.h.validator.internal.util.Version - HV000001: Hibernate Validator 8.0.1.Final
2026-05-18 20:12:24 INFO  [main] com.plants.api.ApiApplication - Starting ApiApplication using Java 21.0.11 with PID 3476 (C:\Users\kader\plants-medicinales-SaaS\target\classes started by kader in C:\Users\kader\plants-medicinales-SaaS)
2026-05-18 20:12:24 DEBUG [main] com.plants.api.ApiApplication - Running with Spring Boot v3.2.0, Spring v6.1.1
2026-05-18 20:12:24 INFO  [main] com.plants.api.ApiApplication - The following 1 profile is active: "dev"
2026-05-18 20:12:25 INFO  [main] o.s.d.r.c.RepositoryConfigurationDelegate - Multiple Spring Data modules found, entering strict repository configuration mode
2026-05-18 20:12:25 INFO  [main] o.s.d.r.c.RepositoryConfigurationDelegate - Bootstrapping Spring Data JPA repositories in DEFAULT mode.
2026-05-18 20:12:26 INFO  [main] o.s.d.r.c.RepositoryConfigurationDelegate - Finished Spring Data repository scanning in 166 ms. Found 8 JPA repository interfaces.
2026-05-18 20:12:26 INFO  [main] o.s.d.r.c.RepositoryConfigurationDelegate - Multiple Spring Data modules found, entering strict repository configuration mode
2026-05-18 20:12:26 INFO  [main] o.s.d.r.c.RepositoryConfigurationDelegate - Bootstrapping Spring Data Redis repositories in DEFAULT mode.
2026-05-18 20:12:26 INFO  [main] o.s.d.r.c.RepositoryConfigurationExtensionSupport - Spring Data Redis - Could not safely identify store assignment for repository candidate interface com.plants.api.repositories.AffiliateClickRepository; If you want this repository to be a Redis repository, consider annotating your entities with one of these annotations: org.springframework.data.redis.core.RedisHash (preferred), or consider extending one of the following types with your repository: org.springframework.data.keyvalue.repository.KeyValueRepository
2026-05-18 20:12:26 INFO  [main] o.s.d.r.c.RepositoryConfigurationExtensionSupport - Spring Data Redis - Could not safely identify store assignment for repository candidate interface com.plants.api.repositories.AffiliateProductRepository; If you want this repository to be a Redis repository, consider annotating your entities with one of these annotations: org.springframework.data.redis.core.RedisHash (preferred), or consider extending one of the following types with your repository: org.springframework.data.keyvalue.repository.KeyValueRepository
2026-05-18 20:12:26 INFO  [main] o.s.d.r.c.RepositoryConfigurationExtensionSupport - Spring Data Redis - Could not safely identify store assignment for repository candidate interface com.plants.api.repositories.ArticleRepository; If you want this repository to be a Redis repository, consider annotating your entities with one of these annotations: org.springframework.data.redis.core.RedisHash (preferred), or consider extending one of the following types with your repository: org.springframework.data.keyvalue.repository.KeyValueRepository
2026-05-18 20:12:26 INFO  [main] o.s.d.r.c.RepositoryConfigurationExtensionSupport - Spring Data Redis - Could not safely identify store assignment for repository candidate interface com.plants.api.repositories.CommentRepository; If you want this repository to be a Redis repository, consider annotating your entities with one of these annotations: org.springframework.data.redis.core.RedisHash (preferred), or consider extending one of the following types with your repository: org.springframework.data.keyvalue.repository.KeyValueRepository
2026-05-18 20:12:26 INFO  [main] o.s.d.r.c.RepositoryConfigurationExtensionSupport - Spring Data Redis - Could not safely identify store assignment for repository candidate interface com.plants.api.repositories.FavoriteRepository; If you want this repository to be a Redis repository, consider annotating your entities with one of these annotations: org.springframework.data.redis.core.RedisHash (preferred), or consider extending one of the following types with your repository: org.springframework.data.keyvalue.repository.KeyValueRepository
2026-05-18 20:12:26 INFO  [main] o.s.d.r.c.RepositoryConfigurationExtensionSupport - Spring Data Redis - Could not safely identify store assignment for repository candidate interface com.plants.api.repositories.OilRepository; If you want this repository to be a Redis repository, consider annotating your entities with one of these annotations: org.springframework.data.redis.core.RedisHash (preferred), or consider extending one of the following types with your repository: org.springframework.data.keyvalue.repository.KeyValueRepository
2026-05-18 20:12:26 INFO  [main] o.s.d.r.c.RepositoryConfigurationExtensionSupport - Spring Data Redis - Could not safely identify store assignment for repository candidate interface com.plants.api.repositories.PlantRepository; If you want this repository to be a Redis repository, consider annotating your entities with one of these annotations: org.springframework.data.redis.core.RedisHash (preferred), or consider extending one of the following types with your repository: org.springframework.data.keyvalue.repository.KeyValueRepository
2026-05-18 20:12:26 INFO  [main] o.s.d.r.c.RepositoryConfigurationExtensionSupport - Spring Data Redis - Could not safely identify store assignment for repository candidate interface com.plants.api.repositories.UserRepository; If you want this repository to be a Redis repository, consider annotating your entities with one of these annotations: org.springframework.data.redis.core.RedisHash (preferred), or consider extending one of the following types with your repository: org.springframework.data.keyvalue.repository.KeyValueRepository
2026-05-18 20:12:26 INFO  [main] o.s.d.r.c.RepositoryConfigurationDelegate - Finished Spring Data repository scanning in 6 ms. Found 0 Redis repository interfaces.
2026-05-18 20:12:26 INFO  [main] o.s.b.w.e.tomcat.TomcatWebServer - Tomcat initialized with port 8080 (http)
2026-05-18 20:12:26 INFO  [main] o.a.coyote.http11.Http11NioProtocol - Initializing ProtocolHandler ["http-nio-8080"]
2026-05-18 20:12:26 INFO  [main] o.a.catalina.core.StandardService - Starting service [Tomcat]
2026-05-18 20:12:26 INFO  [main] o.a.catalina.core.StandardEngine - Starting Servlet engine: [Apache Tomcat/10.1.16]
2026-05-18 20:12:26 INFO  [main] o.a.c.c.C.[Tomcat].[localhost].[/] - Initializing Spring embedded WebApplicationContext
2026-05-18 20:12:26 INFO  [main] o.s.b.w.s.c.ServletWebServerApplicationContext - Root WebApplicationContext: initialization completed in 2233 ms
2026-05-18 20:12:27 INFO  [main] o.h.jpa.internal.util.LogHelper - HHH000204: Processing PersistenceUnitInfo [name: default]
2026-05-18 20:12:27 INFO  [main] org.hibernate.Version - HHH000412: Hibernate ORM core version 6.3.1.Final
2026-05-18 20:12:27 INFO  [main] o.h.c.i.RegionFactoryInitiator - HHH000026: Second-level cache disabled
2026-05-18 20:12:27 INFO  [main] o.s.o.j.p.SpringPersistenceUnitInfo - No LoadTimeWeaver setup: ignoring JPA class transformer
2026-05-18 20:12:27 INFO  [main] com.zaxxer.hikari.HikariDataSource - HikariPool-1 - Starting...
2026-05-18 20:12:27 INFO  [main] com.zaxxer.hikari.pool.HikariPool - HikariPool-1 - Added connection org.postgresql.jdbc.PgConnection@34d3bfca
2026-05-18 20:12:27 INFO  [main] com.zaxxer.hikari.HikariDataSource - HikariPool-1 - Start completed.
2026-05-18 20:12:27 WARN  [main] org.hibernate.orm.deprecation - HHH90000025: PostgreSQLDialect does not need to be specified explicitly using 'hibernate.dialect' (remove the property setting and it will be selected by default)
2026-05-18 20:12:28 INFO  [main] o.h.e.t.j.p.i.JtaPlatformInitiator - HHH000489: No JTA platform available (set 'hibernate.transaction.jta.platform' to enable JTA platform integration)
2026-05-18 20:12:28 INFO  [main] o.s.o.j.LocalContainerEntityManagerFactoryBean - Initialized JPA EntityManagerFactory for persistence unit 'default'
2026-05-18 20:12:29 DEBUG [main] c.p.a.s.JwtAuthenticationFilter - Filter 'jwtAuthenticationFilter' configured for use
2026-05-18 20:12:29 DEBUG [main] o.s.w.f.ServerHttpObservationFilter - Filter 'webMvcObservationFilter' configured for use
2026-05-18 20:12:29 INFO  [main] o.s.d.j.r.query.QueryEnhancerFactory - Hibernate is in classpath; If applicable, HQL parser will be used.
2026-05-18 20:12:30 WARN  [main] o.s.b.a.o.j.JpaBaseConfiguration$JpaWebConfiguration - spring.jpa.open-in-view is enabled by default. Therefore, database queries may be performed during view rendering. Explicitly configure spring.jpa.open-in-view to disable this warning
2026-05-18 20:12:30 DEBUG [main] o.s.w.s.m.m.a.RequestMappingHandlerMapping - 64 mappings in 'requestMappingHandlerMapping'
2026-05-18 20:12:30 DEBUG [main] o.s.w.s.h.SimpleUrlHandlerMapping - Patterns [/swagger-ui*/*swagger-initializer.js, /swagger-ui*/**] in 'resourceHandlerMapping'
2026-05-18 20:12:30 DEBUG [main] o.s.w.s.m.m.a.RequestMappingHandlerAdapter - ControllerAdvice beans: 0 @ModelAttribute, 0 @InitBinder, 1 RequestBodyAdvice, 1 ResponseBodyAdvice
2026-05-18 20:12:30 DEBUG [main] o.s.w.s.m.m.a.ExceptionHandlerExceptionResolver - ControllerAdvice beans: 2 @ExceptionHandler, 1 ResponseBodyAdvice
2026-05-18 20:12:30 INFO  [main] o.s.b.a.e.web.EndpointLinksResolver - Exposing 1 endpoint(s) beneath base path '/actuator'
2026-05-18 20:12:30 INFO  [main] o.s.s.web.DefaultSecurityFilterChain - Will secure any request with [org.springframework.security.web.session.DisableEncodeUrlFilter@51e1dffa, org.springframework.security.web.context.request.async.WebAsyncManagerIntegrationFilter@6587f977, org.springframework.security.web.context.SecurityContextHolderFilter@599bda7e, org.springframework.security.web.header.HeaderWriterFilter@6549ac6d, org.springframework.web.filter.CorsFilter@76e463d3, org.springframework.security.web.authentication.logout.LogoutFilter@50ed6392, com.plants.api.security.JwtAuthenticationFilter@6c152246, org.springframework.security.web.savedrequest.RequestCacheAwareFilter@437b2db1, org.springframework.security.web.servletapi.SecurityContextHolderAwareRequestFilter@5c447983, org.springframework.security.web.authentication.AnonymousAuthenticationFilter@2b5f49de, org.springframework.security.web.session.SessionManagementFilter@2181e6b6, org.springframework.security.web.access.ExceptionTranslationFilter@151cbba4, org.springframework.security.web.access.intercept.AuthorizationFilter@1d502d6c]
2026-05-18 20:12:31 WARN  [main] o.s.b.w.s.c.AnnotationConfigServletWebServerApplicationContext - Exception encountered during context initialization - cancelling refresh attempt: org.springframework.beans.factory.BeanCreationException: Error creating bean with name 'dataSourceScriptDatabaseInitializer' defined in class path resource [org/springframework/boot/autoconfigure/sql/init/DataSourceInitializationConfiguration.class]: Failed to execute SQL script statement #1 of class path resource [data.sql]: INSERT INTO plants (id, name, description, origin, season_found, image_url, affiliate_link) VALUES (1, 'Lavande', 'Plante médicinale reconnue pour ses propriétés calmantes et antiseptiques.', 'Méditerranée', 'Été', 'https://example.com/lavande.jpg', 'https://amazon.fr/lavande'), (2, 'Menthe poivrée', 'Plante aromatique utilisée pour la digestion et la respiration.', 'Europe', 'Été', 'https://example.com/menthe.jpg', 'https://amazon.fr/menthe'), (3, 'Camomille', 'Plante douce utilisée pour apaiser le stress et favoriser le sommeil.', 'Europe', 'Printemps', 'https://example.com/camomille.jpg', 'https://amazon.fr/camomille'), (4, 'Thym', 'Plante antiseptique puissante utilisée pour les infections respiratoires.', 'Méditerranée', 'Printemps', 'https://example.com/thym.jpg', 'https://amazon.fr/thym'), (5, 'Romarin', 'Plante tonique et stimulante, excellente pour la mémoire et la digestion.', 'Méditerranée', 'Printemps', 'https://example.com/romarin.jpg', 'https://amazon.fr/romarin'), (6, 'Aloe Vera', 'Plante succulente utilisée pour hydrater et réparer la peau.', 'Afrique', 'Toute l''année', 'https://example.com/aloe.jpg', 'https://amazon.fr/aloe'), (7, 'Gingembre', 'Racine stimulante utilisée pour la digestion et l''immunité.', 'Asie', 'Hiver', 'https://example.com/gingembre.jpg', 'https://amazon.fr/gingembre'), (8, 'Curcuma', 'Plante anti-inflammatoire puissante grâce à la curcumine.', 'Inde', 'Hiver', 'https://example.com/curcuma.jpg', 'https://amazon.fr/curcuma'), (9, 'Eucalyptus', 'Plante respiratoire par excellence, utilisée en inhalation.', 'Australie', 'Été', 'https://example.com/eucalyptus.jpg', 'https://amazon.fr/eucalyptus'), (10, 'Ortie', 'Plante reminéralisante riche en fer et en vitamines.', 'Europe', 'Printemps', 'https://example.com/ortie.jpg', 'https://amazon.fr/ortie'), (11, 'Sauge', 'Plante purifiante et digestive, utilisée depuis l''Antiquité.', 'Europe', 'Été', 'https://example.com/sauge.jpg', 'https://amazon.fr/sauge'), (12, 'Basilic sacré', 'Plante ayurvédique sacrée, adaptogène et anti-stress.', 'Inde', 'Été', 'https://example.com/basilic.jpg', 'https://amazon.fr/basilic'), (13, 'Mélisse', 'Plante calmante et digestive, idéale contre l''anxiété.', 'Europe', 'Été', 'https://example.com/melisse.jpg', 'https://amazon.fr/melisse'), (14, 'Valériane', 'Plante sédative naturelle utilisée pour le sommeil.', 'Europe', 'Automne', 'https://example.com/valeriane.jpg', 'https://amazon.fr/valeriane'), (15, 'Ginseng', 'Racine tonique et énergisante, utilisée en médecine chinoise.', 'Corée', 'Hiver', 'https://example.com/ginseng.jpg', 'https://amazon.fr/ginseng'), (16, 'Passiflore', 'Plante calmante utilisée contre le stress et l''insomnie.', 'Amérique du Sud', 'Été', 'https://example.com/passiflore.jpg', 'https://amazon.fr/passiflore'), (17, 'Fenouil', 'Plante digestive et antispasmodique.', 'Méditerranée', 'Printemps', 'https://example.com/fenouil.jpg', 'https://amazon.fr/fenouil'), (18, 'Calendula', 'Plante cicatrisante et anti-inflammatoire.', 'Europe', 'Été', 'https://example.com/calendula.jpg', 'https://amazon.fr/calendula'), (19, 'Arnica', 'Plante anti-hématome et anti-inflammatoire.', 'Europe', 'Été', 'https://example.com/arnica.jpg', 'https://amazon.fr/arnica'), (20, 'Réglisse', 'Plante adoucissante et anti-inflammatoire.', 'Asie', 'Printemps', 'https://example.com/reglisse.jpg', 'https://amazon.fr/reglisse')
2026-05-18 20:12:31 INFO  [main] o.s.o.j.LocalContainerEntityManagerFactoryBean - Closing JPA EntityManagerFactory for persistence unit 'default'
2026-05-18 20:12:31 INFO  [main] com.zaxxer.hikari.HikariDataSource - HikariPool-1 - Shutdown initiated...
2026-05-18 20:12:31 INFO  [main] com.zaxxer.hikari.HikariDataSource - HikariPool-1 - Shutdown completed.
2026-05-18 20:12:31 INFO  [main] o.a.catalina.core.StandardService - Stopping service [Tomcat]
2026-05-18 20:12:31 INFO  [main] o.s.b.a.l.ConditionEvaluationReportLogger - 

Error starting ApplicationContext. To display the condition evaluation report re-run your application with 'debug' enabled.
2026-05-18 20:12:31 ERROR [main] o.s.boot.SpringApplication - Application run failed
org.springframework.beans.factory.BeanCreationException: Error creating bean with name 'dataSourceScriptDatabaseInitializer' defined in class path resource [org/springframework/boot/autoconfigure/sql/init/DataSourceInitializationConfiguration.class]: Failed to execute SQL script statement #1 of class path resource [data.sql]: INSERT INTO plants (id, name, description, origin, season_found, image_url, affiliate_link) VALUES (1, 'Lavande', 'Plante médicinale reconnue pour ses propriétés calmantes et antiseptiques.', 'Méditerranée', 'Été', 'https://example.com/lavande.jpg', 'https://amazon.fr/lavande'), (2, 'Menthe poivrée', 'Plante aromatique utilisée pour la digestion et la respiration.', 'Europe', 'Été', 'https://example.com/menthe.jpg', 'https://amazon.fr/menthe'), (3, 'Camomille', 'Plante douce utilisée pour apaiser le stress et favoriser le sommeil.', 'Europe', 'Printemps', 'https://example.com/camomille.jpg', 'https://amazon.fr/camomille'), (4, 'Thym', 'Plante antiseptique puissante utilisée pour les infections respiratoires.', 'Méditerranée', 'Printemps', 'https://example.com/thym.jpg', 'https://amazon.fr/thym'), (5, 'Romarin', 'Plante tonique et stimulante, excellente pour la mémoire et la digestion.', 'Méditerranée', 'Printemps', 'https://example.com/romarin.jpg', 'https://amazon.fr/romarin'), (6, 'Aloe Vera', 'Plante succulente utilisée pour hydrater et réparer la peau.', 'Afrique', 'Toute l''année', 'https://example.com/aloe.jpg', 'https://amazon.fr/aloe'), (7, 'Gingembre', 'Racine stimulante utilisée pour la digestion et l''immunité.', 'Asie', 'Hiver', 'https://example.com/gingembre.jpg', 'https://amazon.fr/gingembre'), (8, 'Curcuma', 'Plante anti-inflammatoire puissante grâce à la curcumine.', 'Inde', 'Hiver', 'https://example.com/curcuma.jpg', 'https://amazon.fr/curcuma'), (9, 'Eucalyptus', 'Plante respiratoire par excellence, utilisée en inhalation.', 'Australie', 'Été', 'https://example.com/eucalyptus.jpg', 'https://amazon.fr/eucalyptus'), (10, 'Ortie', 'Plante reminéralisante riche en fer et en vitamines.', 'Europe', 'Printemps', 'https://example.com/ortie.jpg', 'https://amazon.fr/ortie'), (11, 'Sauge', 'Plante purifiante et digestive, utilisée depuis l''Antiquité.', 'Europe', 'Été', 'https://example.com/sauge.jpg', 'https://amazon.fr/sauge'), (12, 'Basilic sacré', 'Plante ayurvédique sacrée, adaptogène et anti-stress.', 'Inde', 'Été', 'https://example.com/basilic.jpg', 'https://amazon.fr/basilic'), (13, 'Mélisse', 'Plante calmante et digestive, idéale contre l''anxiété.', 'Europe', 'Été', 'https://example.com/melisse.jpg', 'https://amazon.fr/melisse'), (14, 'Valériane', 'Plante sédative naturelle utilisée pour le sommeil.', 'Europe', 'Automne', 'https://example.com/valeriane.jpg', 'https://amazon.fr/valeriane'), (15, 'Ginseng', 'Racine tonique et énergisante, utilisée en médecine chinoise.', 'Corée', 'Hiver', 'https://example.com/ginseng.jpg', 'https://amazon.fr/ginseng'), (16, 'Passiflore', 'Plante calmante utilisée contre le stress et l''insomnie.', 'Amérique du Sud', 'Été', 'https://example.com/passiflore.jpg', 'https://amazon.fr/passiflore'), (17, 'Fenouil', 'Plante digestive et antispasmodique.', 'Méditerranée', 'Printemps', 'https://example.com/fenouil.jpg', 'https://amazon.fr/fenouil'), (18, 'Calendula', 'Plante cicatrisante et anti-inflammatoire.', 'Europe', 'Été', 'https://example.com/calendula.jpg', 'https://amazon.fr/calendula'), (19, 'Arnica', 'Plante anti-hématome et anti-inflammatoire.', 'Europe', 'Été', 'https://example.com/arnica.jpg', 'https://amazon.fr/arnica'), (20, 'Réglisse', 'Plante adoucissante et anti-inflammatoire.', 'Asie', 'Printemps', 'https://example.com/reglisse.jpg', 'https://amazon.fr/reglisse')
	at org.springframework.beans.factory.support.AbstractAutowireCapableBeanFactory.initializeBean(AbstractAutowireCapableBeanFactory.java:1775)
	at org.springframework.beans.factory.support.AbstractAutowireCapableBeanFactory.doCreateBean(AbstractAutowireCapableBeanFactory.java:601)
	at org.springframework.beans.factory.support.AbstractAutowireCapableBeanFactory.createBean(AbstractAutowireCapableBeanFactory.java:523)
	at org.springframework.beans.factory.support.AbstractBeanFactory.lambda$doGetBean$0(AbstractBeanFactory.java:325)
	at org.springframework.beans.factory.support.DefaultSingletonBeanRegistry.getSingleton(DefaultSingletonBeanRegistry.java:234)
	at org.springframework.beans.factory.support.AbstractBeanFactory.doGetBean(AbstractBeanFactory.java:323)
	at org.springframework.beans.factory.support.AbstractBeanFactory.getBean(AbstractBeanFactory.java:199)
	at org.springframework.beans.factory.support.AbstractBeanFactory.doGetBean(AbstractBeanFactory.java:312)
	at org.springframework.beans.factory.support.AbstractBeanFactory.getBean(AbstractBeanFactory.java:199)
	at org.springframework.beans.factory.support.DefaultListableBeanFactory.preInstantiateSingletons(DefaultListableBeanFactory.java:973)
	at org.springframework.context.support.AbstractApplicationContext.finishBeanFactoryInitialization(AbstractApplicationContext.java:946)
	at org.springframework.context.support.AbstractApplicationContext.refresh(AbstractApplicationContext.java:616)
	at org.springframework.boot.web.servlet.context.ServletWebServerApplicationContext.refresh(ServletWebServerApplicationContext.java:146)
	at org.springframework.boot.SpringApplication.refresh(SpringApplication.java:753)
	at org.springframework.boot.SpringApplication.refreshContext(SpringApplication.java:455)
	at org.springframework.boot.SpringApplication.run(SpringApplication.java:323)
	at org.springframework.boot.SpringApplication.run(SpringApplication.java:1342)
	at org.springframework.boot.SpringApplication.run(SpringApplication.java:1331)
	at com.plants.api.ApiApplication.main(ApiApplication.java:10)
Caused by: org.springframework.jdbc.datasource.init.ScriptStatementFailedException: Failed to execute SQL script statement #1 of class path resource [data.sql]: INSERT INTO plants (id, name, description, origin, season_found, image_url, affiliate_link) VALUES (1, 'Lavande', 'Plante médicinale reconnue pour ses propriétés calmantes et antiseptiques.', 'Méditerranée', 'Été', 'https://example.com/lavande.jpg', 'https://amazon.fr/lavande'), (2, 'Menthe poivrée', 'Plante aromatique utilisée pour la digestion et la respiration.', 'Europe', 'Été', 'https://example.com/menthe.jpg', 'https://amazon.fr/menthe'), (3, 'Camomille', 'Plante douce utilisée pour apaiser le stress et favoriser le sommeil.', 'Europe', 'Printemps', 'https://example.com/camomille.jpg', 'https://amazon.fr/camomille'), (4, 'Thym', 'Plante antiseptique puissante utilisée pour les infections respiratoires.', 'Méditerranée', 'Printemps', 'https://example.com/thym.jpg', 'https://amazon.fr/thym'), (5, 'Romarin', 'Plante tonique et stimulante, excellente pour la mémoire et la digestion.', 'Méditerranée', 'Printemps', 'https://example.com/romarin.jpg', 'https://amazon.fr/romarin'), (6, 'Aloe Vera', 'Plante succulente utilisée pour hydrater et réparer la peau.', 'Afrique', 'Toute l''année', 'https://example.com/aloe.jpg', 'https://amazon.fr/aloe'), (7, 'Gingembre', 'Racine stimulante utilisée pour la digestion et l''immunité.', 'Asie', 'Hiver', 'https://example.com/gingembre.jpg', 'https://amazon.fr/gingembre'), (8, 'Curcuma', 'Plante anti-inflammatoire puissante grâce à la curcumine.', 'Inde', 'Hiver', 'https://example.com/curcuma.jpg', 'https://amazon.fr/curcuma'), (9, 'Eucalyptus', 'Plante respiratoire par excellence, utilisée en inhalation.', 'Australie', 'Été', 'https://example.com/eucalyptus.jpg', 'https://amazon.fr/eucalyptus'), (10, 'Ortie', 'Plante reminéralisante riche en fer et en vitamines.', 'Europe', 'Printemps', 'https://example.com/ortie.jpg', 'https://amazon.fr/ortie'), (11, 'Sauge', 'Plante purifiante et digestive, utilisée depuis l''Antiquité.', 'Europe', 'Été', 'https://example.com/sauge.jpg', 'https://amazon.fr/sauge'), (12, 'Basilic sacré', 'Plante ayurvédique sacrée, adaptogène et anti-stress.', 'Inde', 'Été', 'https://example.com/basilic.jpg', 'https://amazon.fr/basilic'), (13, 'Mélisse', 'Plante calmante et digestive, idéale contre l''anxiété.', 'Europe', 'Été', 'https://example.com/melisse.jpg', 'https://amazon.fr/melisse'), (14, 'Valériane', 'Plante sédative naturelle utilisée pour le sommeil.', 'Europe', 'Automne', 'https://example.com/valeriane.jpg', 'https://amazon.fr/valeriane'), (15, 'Ginseng', 'Racine tonique et énergisante, utilisée en médecine chinoise.', 'Corée', 'Hiver', 'https://example.com/ginseng.jpg', 'https://amazon.fr/ginseng'), (16, 'Passiflore', 'Plante calmante utilisée contre le stress et l''insomnie.', 'Amérique du Sud', 'Été', 'https://example.com/passiflore.jpg', 'https://amazon.fr/passiflore'), (17, 'Fenouil', 'Plante digestive et antispasmodique.', 'Méditerranée', 'Printemps', 'https://example.com/fenouil.jpg', 'https://amazon.fr/fenouil'), (18, 'Calendula', 'Plante cicatrisante et anti-inflammatoire.', 'Europe', 'Été', 'https://example.com/calendula.jpg', 'https://amazon.fr/calendula'), (19, 'Arnica', 'Plante anti-hématome et anti-inflammatoire.', 'Europe', 'Été', 'https://example.com/arnica.jpg', 'https://amazon.fr/arnica'), (20, 'Réglisse', 'Plante adoucissante et anti-inflammatoire.', 'Asie', 'Printemps', 'https://example.com/reglisse.jpg', 'https://amazon.fr/reglisse')
	at org.springframework.jdbc.datasource.init.ScriptUtils.executeSqlScript(ScriptUtils.java:282)
	at org.springframework.jdbc.datasource.init.ResourceDatabasePopulator.populate(ResourceDatabasePopulator.java:254)
	at org.springframework.jdbc.datasource.init.DatabasePopulatorUtils.execute(DatabasePopulatorUtils.java:54)
	at org.springframework.boot.jdbc.init.DataSourceScriptDatabaseInitializer.runScripts(DataSourceScriptDatabaseInitializer.java:87)
	at org.springframework.boot.sql.init.AbstractScriptDatabaseInitializer.runScripts(AbstractScriptDatabaseInitializer.java:146)
	at org.springframework.boot.sql.init.AbstractScriptDatabaseInitializer.applyScripts(AbstractScriptDatabaseInitializer.java:108)
	at org.springframework.boot.sql.init.AbstractScriptDatabaseInitializer.applyDataScripts(AbstractScriptDatabaseInitializer.java:102)
	at org.springframework.boot.sql.init.AbstractScriptDatabaseInitializer.initializeDatabase(AbstractScriptDatabaseInitializer.java:77)
	at org.springframework.boot.sql.init.AbstractScriptDatabaseInitializer.afterPropertiesSet(AbstractScriptDatabaseInitializer.java:66)
	at org.springframework.beans.factory.support.AbstractAutowireCapableBeanFactory.invokeInitMethods(AbstractAutowireCapableBeanFactory.java:1822)
	at org.springframework.beans.factory.support.AbstractAutowireCapableBeanFactory.initializeBean(AbstractAutowireCapableBeanFactory.java:1771)
	... 18 common frames omitted
Caused by: org.postgresql.util.PSQLException: ERROR: duplicate key value violates unique constraint "plants_pkey"
  Détail : Key (id)=(1) already exists.
	at org.postgresql.core.v3.QueryExecutorImpl.receiveErrorResponse(QueryExecutorImpl.java:2713)
	at org.postgresql.core.v3.QueryExecutorImpl.processResults(QueryExecutorImpl.java:2401)
	at org.postgresql.core.v3.QueryExecutorImpl.execute(QueryExecutorImpl.java:368)
	at org.postgresql.jdbc.PgStatement.executeInternal(PgStatement.java:498)
	at org.postgresql.jdbc.PgStatement.execute(PgStatement.java:415)
	at org.postgresql.jdbc.PgStatement.executeWithFlags(PgStatement.java:335)
	at org.postgresql.jdbc.PgStatement.executeCachedSql(PgStatement.java:321)
	at org.postgresql.jdbc.PgStatement.executeWithFlags(PgStatement.java:297)
	at org.postgresql.jdbc.PgStatement.execute(PgStatement.java:292)
	at com.zaxxer.hikari.pool.ProxyStatement.execute(ProxyStatement.java:94)
	at com.zaxxer.hikari.pool.HikariProxyStatement.execute(HikariProxyStatement.java)
	at org.springframework.jdbc.datasource.init.ScriptUtils.executeSqlScript(ScriptUtils.java:261)
	... 28 common frames omitted
2026-05-18 20:47:41 INFO  [background-preinit] o.h.validator.internal.util.Version - HV000001: Hibernate Validator 8.0.1.Final
2026-05-18 20:47:41 INFO  [main] com.plants.api.ApiApplication - Starting ApiApplication using Java 21.0.11 with PID 11104 (C:\Users\kader\plants-medicinales-SaaS\target\classes started by kader in C:\Users\kader\plants-medicinales-SaaS)
2026-05-18 20:47:41 DEBUG [main] com.plants.api.ApiApplication - Running with Spring Boot v3.2.0, Spring v6.1.1
2026-05-18 20:47:41 INFO  [main] com.plants.api.ApiApplication - The following 1 profile is active: "dev"
2026-05-18 20:47:43 INFO  [main] o.s.d.r.c.RepositoryConfigurationDelegate - Multiple Spring Data modules found, entering strict repository configuration mode
2026-05-18 20:47:43 INFO  [main] o.s.d.r.c.RepositoryConfigurationDelegate - Bootstrapping Spring Data JPA repositories in DEFAULT mode.
2026-05-18 20:47:43 INFO  [main] o.s.d.r.c.RepositoryConfigurationDelegate - Finished Spring Data repository scanning in 184 ms. Found 8 JPA repository interfaces.
2026-05-18 20:47:43 INFO  [main] o.s.d.r.c.RepositoryConfigurationDelegate - Multiple Spring Data modules found, entering strict repository configuration mode
2026-05-18 20:47:43 INFO  [main] o.s.d.r.c.RepositoryConfigurationDelegate - Bootstrapping Spring Data Redis repositories in DEFAULT mode.
2026-05-18 20:47:43 INFO  [main] o.s.d.r.c.RepositoryConfigurationExtensionSupport - Spring Data Redis - Could not safely identify store assignment for repository candidate interface com.plants.api.repositories.AffiliateClickRepository; If you want this repository to be a Redis repository, consider annotating your entities with one of these annotations: org.springframework.data.redis.core.RedisHash (preferred), or consider extending one of the following types with your repository: org.springframework.data.keyvalue.repository.KeyValueRepository
2026-05-18 20:47:43 INFO  [main] o.s.d.r.c.RepositoryConfigurationExtensionSupport - Spring Data Redis - Could not safely identify store assignment for repository candidate interface com.plants.api.repositories.AffiliateProductRepository; If you want this repository to be a Redis repository, consider annotating your entities with one of these annotations: org.springframework.data.redis.core.RedisHash (preferred), or consider extending one of the following types with your repository: org.springframework.data.keyvalue.repository.KeyValueRepository
2026-05-18 20:47:43 INFO  [main] o.s.d.r.c.RepositoryConfigurationExtensionSupport - Spring Data Redis - Could not safely identify store assignment for repository candidate interface com.plants.api.repositories.ArticleRepository; If you want this repository to be a Redis repository, consider annotating your entities with one of these annotations: org.springframework.data.redis.core.RedisHash (preferred), or consider extending one of the following types with your repository: org.springframework.data.keyvalue.repository.KeyValueRepository
2026-05-18 20:47:43 INFO  [main] o.s.d.r.c.RepositoryConfigurationExtensionSupport - Spring Data Redis - Could not safely identify store assignment for repository candidate interface com.plants.api.repositories.CommentRepository; If you want this repository to be a Redis repository, consider annotating your entities with one of these annotations: org.springframework.data.redis.core.RedisHash (preferred), or consider extending one of the following types with your repository: org.springframework.data.keyvalue.repository.KeyValueRepository
2026-05-18 20:47:43 INFO  [main] o.s.d.r.c.RepositoryConfigurationExtensionSupport - Spring Data Redis - Could not safely identify store assignment for repository candidate interface com.plants.api.repositories.FavoriteRepository; If you want this repository to be a Redis repository, consider annotating your entities with one of these annotations: org.springframework.data.redis.core.RedisHash (preferred), or consider extending one of the following types with your repository: org.springframework.data.keyvalue.repository.KeyValueRepository
2026-05-18 20:47:43 INFO  [main] o.s.d.r.c.RepositoryConfigurationExtensionSupport - Spring Data Redis - Could not safely identify store assignment for repository candidate interface com.plants.api.repositories.OilRepository; If you want this repository to be a Redis repository, consider annotating your entities with one of these annotations: org.springframework.data.redis.core.RedisHash (preferred), or consider extending one of the following types with your repository: org.springframework.data.keyvalue.repository.KeyValueRepository
2026-05-18 20:47:43 INFO  [main] o.s.d.r.c.RepositoryConfigurationExtensionSupport - Spring Data Redis - Could not safely identify store assignment for repository candidate interface com.plants.api.repositories.PlantRepository; If you want this repository to be a Redis repository, consider annotating your entities with one of these annotations: org.springframework.data.redis.core.RedisHash (preferred), or consider extending one of the following types with your repository: org.springframework.data.keyvalue.repository.KeyValueRepository
2026-05-18 20:47:43 INFO  [main] o.s.d.r.c.RepositoryConfigurationExtensionSupport - Spring Data Redis - Could not safely identify store assignment for repository candidate interface com.plants.api.repositories.UserRepository; If you want this repository to be a Redis repository, consider annotating your entities with one of these annotations: org.springframework.data.redis.core.RedisHash (preferred), or consider extending one of the following types with your repository: org.springframework.data.keyvalue.repository.KeyValueRepository
2026-05-18 20:47:43 INFO  [main] o.s.d.r.c.RepositoryConfigurationDelegate - Finished Spring Data repository scanning in 15 ms. Found 0 Redis repository interfaces.
2026-05-18 20:47:44 INFO  [main] o.s.b.w.e.tomcat.TomcatWebServer - Tomcat initialized with port 8080 (http)
2026-05-18 20:47:44 INFO  [main] o.a.coyote.http11.Http11NioProtocol - Initializing ProtocolHandler ["http-nio-8080"]
2026-05-18 20:47:44 INFO  [main] o.a.catalina.core.StandardService - Starting service [Tomcat]
2026-05-18 20:47:44 INFO  [main] o.a.catalina.core.StandardEngine - Starting Servlet engine: [Apache Tomcat/10.1.16]
2026-05-18 20:47:44 INFO  [main] o.a.c.c.C.[Tomcat].[localhost].[/] - Initializing Spring embedded WebApplicationContext
2026-05-18 20:47:44 INFO  [main] o.s.b.w.s.c.ServletWebServerApplicationContext - Root WebApplicationContext: initialization completed in 2819 ms
2026-05-18 20:47:45 INFO  [main] o.h.jpa.internal.util.LogHelper - HHH000204: Processing PersistenceUnitInfo [name: default]
2026-05-18 20:47:45 INFO  [main] org.hibernate.Version - HHH000412: Hibernate ORM core version 6.3.1.Final
2026-05-18 20:47:45 INFO  [main] o.h.c.i.RegionFactoryInitiator - HHH000026: Second-level cache disabled
2026-05-18 20:47:45 INFO  [main] o.s.o.j.p.SpringPersistenceUnitInfo - No LoadTimeWeaver setup: ignoring JPA class transformer
2026-05-18 20:47:45 INFO  [main] com.zaxxer.hikari.HikariDataSource - HikariPool-1 - Starting...
2026-05-18 20:47:45 INFO  [main] com.zaxxer.hikari.pool.HikariPool - HikariPool-1 - Added connection org.postgresql.jdbc.PgConnection@548f4f60
2026-05-18 20:47:45 INFO  [main] com.zaxxer.hikari.HikariDataSource - HikariPool-1 - Start completed.
2026-05-18 20:47:45 WARN  [main] org.hibernate.orm.deprecation - HHH90000025: PostgreSQLDialect does not need to be specified explicitly using 'hibernate.dialect' (remove the property setting and it will be selected by default)
2026-05-18 20:47:46 INFO  [main] o.h.e.t.j.p.i.JtaPlatformInitiator - HHH000489: No JTA platform available (set 'hibernate.transaction.jta.platform' to enable JTA platform integration)
2026-05-18 20:47:46 DEBUG [main] org.hibernate.SQL - 
    create table affiliate_clicks (
        id bigserial not null,
        page varchar(255) not null,
        product_id bigint not null,
        product_name varchar(255) not null,
        timestamp timestamp(6),
        user_id bigint,
        vendor varchar(255) not null,
        primary key (id)
    )
2026-05-18 20:47:46 DEBUG [main] org.hibernate.SQL - 
    create table affiliate_products (
        id bigserial not null,
        associated_plant_id bigint,
        category varchar(255) not null,
        image_url varchar(255),
        name varchar(255) not null,
        price float(53),
        url varchar(255) not null,
        vendor varchar(255) not null,
        primary key (id)
    )
2026-05-18 20:47:46 DEBUG [main] org.hibernate.SQL - 
    create table articles (
        id bigserial not null,
        category varchar(255) not null,
        content TEXT not null,
        created_at timestamp(6),
        image_url varchar(255),
        read_time integer,
        slug varchar(255) not null,
        title varchar(255) not null,
        primary key (id)
    )
2026-05-18 20:47:46 DEBUG [main] org.hibernate.SQL - 
    create table comments (
        id bigserial not null,
        content TEXT not null,
        created_at timestamp(6),
        target_id bigint not null,
        type varchar(255) not null check (type in ('PLANT','OIL','ARTICLE')),
        visible boolean not null,
        user_id bigint not null,
        primary key (id)
    )
2026-05-18 20:47:46 DEBUG [main] org.hibernate.SQL - 
    create table favorites (
        id bigserial not null,
        created_at timestamp(6),
        pinned boolean,
        target_id bigint not null,
        type varchar(255) not null check (type in ('PLANT','OIL')),
        user_id bigint not null,
        primary key (id)
    )
2026-05-18 20:47:46 DEBUG [main] org.hibernate.SQL - 
    create table oil_benefits (
        oil_id bigint not null,
        benefit varchar(255)
    )
2026-05-18 20:47:46 DEBUG [main] org.hibernate.SQL - 
    create table oil_precautions (
        oil_id bigint not null,
        precaution varchar(255)
    )
2026-05-18 20:47:46 DEBUG [main] org.hibernate.SQL - 
    create table oils (
        id bigserial not null,
        affiliate_link varchar(255),
        description TEXT,
        image_url varchar(255),
        name varchar(255) not null,
        plant_id bigint not null,
        primary key (id)
    )
2026-05-18 20:47:46 DEBUG [main] org.hibernate.SQL - 
    create table plant_properties (
        plant_id bigint not null,
        property varchar(255)
    )
2026-05-18 20:47:46 DEBUG [main] org.hibernate.SQL - 
    create table plant_uses (
        plant_id bigint not null,
        use varchar(255)
    )
2026-05-18 20:47:46 DEBUG [main] org.hibernate.SQL - 
    create table plants (
        id bigserial not null,
        affiliate_link varchar(255),
        description TEXT,
        image_url varchar(255),
        name varchar(255) not null,
        origin varchar(255) not null,
        season_found varchar(255),
        primary key (id)
    )
2026-05-18 20:47:46 DEBUG [main] org.hibernate.SQL - 
    create table user_favorite_oils (
        user_id bigint not null,
        oil_id bigint not null,
        primary key (user_id, oil_id)
    )
2026-05-18 20:47:46 DEBUG [main] org.hibernate.SQL - 
    create table user_favorite_plants (
        user_id bigint not null,
        plant_id bigint not null,
        primary key (user_id, plant_id)
    )
2026-05-18 20:47:46 DEBUG [main] org.hibernate.SQL - 
    create table users (
        id bigserial not null,
        created_at timestamp(6),
        email varchar(255) not null,
        password varchar(255) not null,
        role varchar(255) not null check (role in ('USER','ADMIN')),
        primary key (id)
    )
2026-05-18 20:47:46 DEBUG [main] org.hibernate.SQL - 
    alter table if exists articles 
       drop constraint if exists UK_sn7al9fwhgtf98rvn8nxhjt4f
2026-05-18 20:47:46 WARN  [main] o.h.e.jdbc.spi.SqlExceptionHelper - SQL Warning Code: 0, SQLState: 00000
2026-05-18 20:47:46 WARN  [main] o.h.e.jdbc.spi.SqlExceptionHelper - la contrainte « uk_sn7al9fwhgtf98rvn8nxhjt4f » de la relation « articles » n'existe pas, ignore
2026-05-18 20:47:46 DEBUG [main] org.hibernate.SQL - 
    alter table if exists articles 
       add constraint UK_sn7al9fwhgtf98rvn8nxhjt4f unique (slug)
2026-05-18 20:47:46 DEBUG [main] org.hibernate.SQL - 
    alter table if exists users 
       drop constraint if exists UK_6dotkott2kjsp8vw4d0m25fb7
2026-05-18 20:47:46 WARN  [main] o.h.e.jdbc.spi.SqlExceptionHelper - SQL Warning Code: 0, SQLState: 00000
2026-05-18 20:47:46 WARN  [main] o.h.e.jdbc.spi.SqlExceptionHelper - la contrainte « uk_6dotkott2kjsp8vw4d0m25fb7 » de la relation « users » n'existe pas, ignore
2026-05-18 20:47:46 DEBUG [main] org.hibernate.SQL - 
    alter table if exists users 
       add constraint UK_6dotkott2kjsp8vw4d0m25fb7 unique (email)
2026-05-18 20:47:46 DEBUG [main] org.hibernate.SQL - 
    alter table if exists comments 
       add constraint FK8omq0tc18jd43bu5tjh6jvraq 
       foreign key (user_id) 
       references users
2026-05-18 20:47:46 DEBUG [main] org.hibernate.SQL - 
    alter table if exists favorites 
       add constraint FKk7du8b8ewipawnnpg76d55fus 
       foreign key (user_id) 
       references users
2026-05-18 20:47:46 DEBUG [main] org.hibernate.SQL - 
    alter table if exists oil_benefits 
       add constraint FKnlscwfy7ik9h2ru4woh11yh4f 
       foreign key (oil_id) 
       references oils
2026-05-18 20:47:46 DEBUG [main] org.hibernate.SQL - 
    alter table if exists oil_precautions 
       add constraint FKd6r21x1k1vuxaw78e50p40r0 
       foreign key (oil_id) 
       references oils
2026-05-18 20:47:46 DEBUG [main] org.hibernate.SQL - 
    alter table if exists oils 
       add constraint FKhdel4y6jge1xwk5c9vlnk4nsp 
       foreign key (plant_id) 
       references plants
2026-05-18 20:47:46 DEBUG [main] org.hibernate.SQL - 
    alter table if exists plant_properties 
       add constraint FKh5igmf2yrkvw8m9plojserp8j 
       foreign key (plant_id) 
       references plants
2026-05-18 20:47:46 DEBUG [main] org.hibernate.SQL - 
    alter table if exists plant_uses 
       add constraint FKdsaryac8rlaoujt32l9pnnux5 
       foreign key (plant_id) 
       references plants
2026-05-18 20:47:46 DEBUG [main] org.hibernate.SQL - 
    alter table if exists user_favorite_oils 
       add constraint FKf5jpthutbef16uaad1g3qj6ff 
       foreign key (oil_id) 
       references oils
2026-05-18 20:47:46 DEBUG [main] org.hibernate.SQL - 
    alter table if exists user_favorite_oils 
       add constraint FK18q2fqk0vwmo1di8uksjlhxpy 
       foreign key (user_id) 
       references users
2026-05-18 20:47:46 DEBUG [main] org.hibernate.SQL - 
    alter table if exists user_favorite_plants 
       add constraint FKjjhg12jsjn3dkq2w3mxfnuy5t 
       foreign key (plant_id) 
       references plants
2026-05-18 20:47:46 DEBUG [main] org.hibernate.SQL - 
    alter table if exists user_favorite_plants 
       add constraint FK71gcbdpkqswwi2lfntxgn1x5d 
       foreign key (user_id) 
       references users
2026-05-18 20:47:46 INFO  [main] o.s.o.j.LocalContainerEntityManagerFactoryBean - Initialized JPA EntityManagerFactory for persistence unit 'default'
2026-05-18 20:47:47 DEBUG [main] c.p.a.s.JwtAuthenticationFilter - Filter 'jwtAuthenticationFilter' configured for use
2026-05-18 20:47:47 DEBUG [main] o.s.w.f.ServerHttpObservationFilter - Filter 'webMvcObservationFilter' configured for use
2026-05-18 20:47:47 INFO  [main] o.s.d.j.r.query.QueryEnhancerFactory - Hibernate is in classpath; If applicable, HQL parser will be used.
2026-05-18 20:47:48 WARN  [main] o.s.b.a.o.j.JpaBaseConfiguration$JpaWebConfiguration - spring.jpa.open-in-view is enabled by default. Therefore, database queries may be performed during view rendering. Explicitly configure spring.jpa.open-in-view to disable this warning
2026-05-18 20:47:49 DEBUG [main] o.s.w.s.m.m.a.RequestMappingHandlerMapping - 64 mappings in 'requestMappingHandlerMapping'
2026-05-18 20:47:49 DEBUG [main] o.s.w.s.h.SimpleUrlHandlerMapping - Patterns [/swagger-ui*/*swagger-initializer.js, /swagger-ui*/**] in 'resourceHandlerMapping'
2026-05-18 20:47:49 DEBUG [main] o.s.w.s.m.m.a.RequestMappingHandlerAdapter - ControllerAdvice beans: 0 @ModelAttribute, 0 @InitBinder, 1 RequestBodyAdvice, 1 ResponseBodyAdvice
2026-05-18 20:47:49 DEBUG [main] o.s.w.s.m.m.a.ExceptionHandlerExceptionResolver - ControllerAdvice beans: 2 @ExceptionHandler, 1 ResponseBodyAdvice
2026-05-18 20:47:49 INFO  [main] o.s.b.a.e.web.EndpointLinksResolver - Exposing 1 endpoint(s) beneath base path '/actuator'
2026-05-18 20:47:49 INFO  [main] o.s.s.web.DefaultSecurityFilterChain - Will secure any request with [org.springframework.security.web.session.DisableEncodeUrlFilter@591ad4b3, org.springframework.security.web.context.request.async.WebAsyncManagerIntegrationFilter@70bfc7d5, org.springframework.security.web.context.SecurityContextHolderFilter@3729cdaf, org.springframework.security.web.header.HeaderWriterFilter@2c3f9229, org.springframework.web.filter.CorsFilter@2ea6687b, org.springframework.security.web.authentication.logout.LogoutFilter@5c447983, com.plants.api.security.JwtAuthenticationFilter@6c152246, org.springframework.security.web.savedrequest.RequestCacheAwareFilter@3453a820, org.springframework.security.web.servletapi.SecurityContextHolderAwareRequestFilter@bb0ca30, org.springframework.security.web.authentication.AnonymousAuthenticationFilter@5fdd9b96, org.springframework.security.web.session.SessionManagementFilter@1050fcff, org.springframework.security.web.access.ExceptionTranslationFilter@564c0e38, org.springframework.security.web.access.intercept.AuthorizationFilter@723fadfe]
2026-05-18 20:47:50 WARN  [main] o.s.b.w.s.c.AnnotationConfigServletWebServerApplicationContext - Exception encountered during context initialization - cancelling refresh attempt: org.springframework.beans.factory.BeanCreationException: Error creating bean with name 'dataSourceScriptDatabaseInitializer' defined in class path resource [org/springframework/boot/autoconfigure/sql/init/DataSourceInitializationConfiguration.class]: Failed to execute SQL script statement #2 of class path resource [data.sql]: DO $$ BEGIN IF NOT EXISTS (SELECT FROM pg_database WHERE datname = 'api_dev') THEN PERFORM dblink_exec('dbname=postgres', 'CREATE DATABASE api_dev')
2026-05-18 20:47:50 INFO  [main] o.s.o.j.LocalContainerEntityManagerFactoryBean - Closing JPA EntityManagerFactory for persistence unit 'default'
2026-05-18 20:47:50 INFO  [main] com.zaxxer.hikari.HikariDataSource - HikariPool-1 - Shutdown initiated...
2026-05-18 20:47:50 INFO  [main] com.zaxxer.hikari.HikariDataSource - HikariPool-1 - Shutdown completed.
2026-05-18 20:47:50 INFO  [main] o.a.catalina.core.StandardService - Stopping service [Tomcat]
2026-05-18 20:47:50 INFO  [main] o.s.b.a.l.ConditionEvaluationReportLogger - 

Error starting ApplicationContext. To display the condition evaluation report re-run your application with 'debug' enabled.
2026-05-18 20:47:50 ERROR [main] o.s.boot.SpringApplication - Application run failed
org.springframework.beans.factory.BeanCreationException: Error creating bean with name 'dataSourceScriptDatabaseInitializer' defined in class path resource [org/springframework/boot/autoconfigure/sql/init/DataSourceInitializationConfiguration.class]: Failed to execute SQL script statement #2 of class path resource [data.sql]: DO $$ BEGIN IF NOT EXISTS (SELECT FROM pg_database WHERE datname = 'api_dev') THEN PERFORM dblink_exec('dbname=postgres', 'CREATE DATABASE api_dev')
	at org.springframework.beans.factory.support.AbstractAutowireCapableBeanFactory.initializeBean(AbstractAutowireCapableBeanFactory.java:1775)
	at org.springframework.beans.factory.support.AbstractAutowireCapableBeanFactory.doCreateBean(AbstractAutowireCapableBeanFactory.java:601)
	at org.springframework.beans.factory.support.AbstractAutowireCapableBeanFactory.createBean(AbstractAutowireCapableBeanFactory.java:523)
	at org.springframework.beans.factory.support.AbstractBeanFactory.lambda$doGetBean$0(AbstractBeanFactory.java:325)
	at org.springframework.beans.factory.support.DefaultSingletonBeanRegistry.getSingleton(DefaultSingletonBeanRegistry.java:234)
	at org.springframework.beans.factory.support.AbstractBeanFactory.doGetBean(AbstractBeanFactory.java:323)
	at org.springframework.beans.factory.support.AbstractBeanFactory.getBean(AbstractBeanFactory.java:199)
	at org.springframework.beans.factory.support.AbstractBeanFactory.doGetBean(AbstractBeanFactory.java:312)
	at org.springframework.beans.factory.support.AbstractBeanFactory.getBean(AbstractBeanFactory.java:199)
	at org.springframework.beans.factory.support.DefaultListableBeanFactory.preInstantiateSingletons(DefaultListableBeanFactory.java:973)
	at org.springframework.context.support.AbstractApplicationContext.finishBeanFactoryInitialization(AbstractApplicationContext.java:946)
	at org.springframework.context.support.AbstractApplicationContext.refresh(AbstractApplicationContext.java:616)
	at org.springframework.boot.web.servlet.context.ServletWebServerApplicationContext.refresh(ServletWebServerApplicationContext.java:146)
	at org.springframework.boot.SpringApplication.refresh(SpringApplication.java:753)
	at org.springframework.boot.SpringApplication.refreshContext(SpringApplication.java:455)
	at org.springframework.boot.SpringApplication.run(SpringApplication.java:323)
	at org.springframework.boot.SpringApplication.run(SpringApplication.java:1342)
	at org.springframework.boot.SpringApplication.run(SpringApplication.java:1331)
	at com.plants.api.ApiApplication.main(ApiApplication.java:10)
Caused by: org.springframework.jdbc.datasource.init.ScriptStatementFailedException: Failed to execute SQL script statement #2 of class path resource [data.sql]: DO $$ BEGIN IF NOT EXISTS (SELECT FROM pg_database WHERE datname = 'api_dev') THEN PERFORM dblink_exec('dbname=postgres', 'CREATE DATABASE api_dev')
	at org.springframework.jdbc.datasource.init.ScriptUtils.executeSqlScript(ScriptUtils.java:282)
	at org.springframework.jdbc.datasource.init.ResourceDatabasePopulator.populate(ResourceDatabasePopulator.java:254)
	at org.springframework.jdbc.datasource.init.DatabasePopulatorUtils.execute(DatabasePopulatorUtils.java:54)
	at org.springframework.boot.jdbc.init.DataSourceScriptDatabaseInitializer.runScripts(DataSourceScriptDatabaseInitializer.java:87)
	at org.springframework.boot.sql.init.AbstractScriptDatabaseInitializer.runScripts(AbstractScriptDatabaseInitializer.java:146)
	at org.springframework.boot.sql.init.AbstractScriptDatabaseInitializer.applyScripts(AbstractScriptDatabaseInitializer.java:108)
	at org.springframework.boot.sql.init.AbstractScriptDatabaseInitializer.applyDataScripts(AbstractScriptDatabaseInitializer.java:102)
	at org.springframework.boot.sql.init.AbstractScriptDatabaseInitializer.initializeDatabase(AbstractScriptDatabaseInitializer.java:77)
	at org.springframework.boot.sql.init.AbstractScriptDatabaseInitializer.afterPropertiesSet(AbstractScriptDatabaseInitializer.java:66)
	at org.springframework.beans.factory.support.AbstractAutowireCapableBeanFactory.invokeInitMethods(AbstractAutowireCapableBeanFactory.java:1822)
	at org.springframework.beans.factory.support.AbstractAutowireCapableBeanFactory.initializeBean(AbstractAutowireCapableBeanFactory.java:1771)
	... 18 common frames omitted
Caused by: org.postgresql.util.PSQLException: Unterminated dollar quote started at position 3 in SQL DO $$ BEGIN IF NOT EXISTS (SELECT FROM pg_database WHERE datname = 'api_dev') THEN PERFORM dblink_exec('dbname=postgres', 'CREATE DATABASE api_dev'). Expected terminating $$
	at org.postgresql.core.Parser.checkParsePosition(Parser.java:1443)
	at org.postgresql.core.Parser.parseSql(Parser.java:1342)
	at org.postgresql.core.Parser.replaceProcessing(Parser.java:1294)
	at org.postgresql.core.CachedQueryCreateAction.create(CachedQueryCreateAction.java:43)
	at org.postgresql.core.QueryExecutorBase.createQueryByKey(QueryExecutorBase.java:369)
	at org.postgresql.jdbc.PgStatement.executeCachedSql(PgStatement.java:313)
	at org.postgresql.jdbc.PgStatement.executeWithFlags(PgStatement.java:297)
	at org.postgresql.jdbc.PgStatement.execute(PgStatement.java:292)
	at com.zaxxer.hikari.pool.ProxyStatement.execute(ProxyStatement.java:94)
	at com.zaxxer.hikari.pool.HikariProxyStatement.execute(HikariProxyStatement.java)
	at org.springframework.jdbc.datasource.init.ScriptUtils.executeSqlScript(ScriptUtils.java:261)
	... 28 common frames omitted
2026-05-18 20:57:16 INFO  [background-preinit] o.h.validator.internal.util.Version - HV000001: Hibernate Validator 8.0.1.Final
2026-05-18 20:57:16 INFO  [main] com.plants.api.ApiApplication - Starting ApiApplication using Java 21.0.11 with PID 9996 (C:\Users\kader\plants-medicinales-SaaS\target\classes started by kader in C:\Users\kader\plants-medicinales-SaaS)
2026-05-18 20:57:16 DEBUG [main] com.plants.api.ApiApplication - Running with Spring Boot v3.2.0, Spring v6.1.1
2026-05-18 20:57:16 INFO  [main] com.plants.api.ApiApplication - The following 1 profile is active: "dev"
2026-05-18 20:57:18 INFO  [main] o.s.d.r.c.RepositoryConfigurationDelegate - Multiple Spring Data modules found, entering strict repository configuration mode
2026-05-18 20:57:18 INFO  [main] o.s.d.r.c.RepositoryConfigurationDelegate - Bootstrapping Spring Data JPA repositories in DEFAULT mode.
2026-05-18 20:57:18 INFO  [main] o.s.d.r.c.RepositoryConfigurationDelegate - Finished Spring Data repository scanning in 209 ms. Found 8 JPA repository interfaces.
2026-05-18 20:57:18 INFO  [main] o.s.d.r.c.RepositoryConfigurationDelegate - Multiple Spring Data modules found, entering strict repository configuration mode
2026-05-18 20:57:18 INFO  [main] o.s.d.r.c.RepositoryConfigurationDelegate - Bootstrapping Spring Data Redis repositories in DEFAULT mode.
2026-05-18 20:57:18 INFO  [main] o.s.d.r.c.RepositoryConfigurationExtensionSupport - Spring Data Redis - Could not safely identify store assignment for repository candidate interface com.plants.api.repositories.AffiliateClickRepository; If you want this repository to be a Redis repository, consider annotating your entities with one of these annotations: org.springframework.data.redis.core.RedisHash (preferred), or consider extending one of the following types with your repository: org.springframework.data.keyvalue.repository.KeyValueRepository
2026-05-18 20:57:18 INFO  [main] o.s.d.r.c.RepositoryConfigurationExtensionSupport - Spring Data Redis - Could not safely identify store assignment for repository candidate interface com.plants.api.repositories.AffiliateProductRepository; If you want this repository to be a Redis repository, consider annotating your entities with one of these annotations: org.springframework.data.redis.core.RedisHash (preferred), or consider extending one of the following types with your repository: org.springframework.data.keyvalue.repository.KeyValueRepository
2026-05-18 20:57:18 INFO  [main] o.s.d.r.c.RepositoryConfigurationExtensionSupport - Spring Data Redis - Could not safely identify store assignment for repository candidate interface com.plants.api.repositories.ArticleRepository; If you want this repository to be a Redis repository, consider annotating your entities with one of these annotations: org.springframework.data.redis.core.RedisHash (preferred), or consider extending one of the following types with your repository: org.springframework.data.keyvalue.repository.KeyValueRepository
2026-05-18 20:57:18 INFO  [main] o.s.d.r.c.RepositoryConfigurationExtensionSupport - Spring Data Redis - Could not safely identify store assignment for repository candidate interface com.plants.api.repositories.CommentRepository; If you want this repository to be a Redis repository, consider annotating your entities with one of these annotations: org.springframework.data.redis.core.RedisHash (preferred), or consider extending one of the following types with your repository: org.springframework.data.keyvalue.repository.KeyValueRepository
2026-05-18 20:57:18 INFO  [main] o.s.d.r.c.RepositoryConfigurationExtensionSupport - Spring Data Redis - Could not safely identify store assignment for repository candidate interface com.plants.api.repositories.FavoriteRepository; If you want this repository to be a Redis repository, consider annotating your entities with one of these annotations: org.springframework.data.redis.core.RedisHash (preferred), or consider extending one of the following types with your repository: org.springframework.data.keyvalue.repository.KeyValueRepository
2026-05-18 20:57:18 INFO  [main] o.s.d.r.c.RepositoryConfigurationExtensionSupport - Spring Data Redis - Could not safely identify store assignment for repository candidate interface com.plants.api.repositories.OilRepository; If you want this repository to be a Redis repository, consider annotating your entities with one of these annotations: org.springframework.data.redis.core.RedisHash (preferred), or consider extending one of the following types with your repository: org.springframework.data.keyvalue.repository.KeyValueRepository
2026-05-18 20:57:18 INFO  [main] o.s.d.r.c.RepositoryConfigurationExtensionSupport - Spring Data Redis - Could not safely identify store assignment for repository candidate interface com.plants.api.repositories.PlantRepository; If you want this repository to be a Redis repository, consider annotating your entities with one of these annotations: org.springframework.data.redis.core.RedisHash (preferred), or consider extending one of the following types with your repository: org.springframework.data.keyvalue.repository.KeyValueRepository
2026-05-18 20:57:18 INFO  [main] o.s.d.r.c.RepositoryConfigurationExtensionSupport - Spring Data Redis - Could not safely identify store assignment for repository candidate interface com.plants.api.repositories.UserRepository; If you want this repository to be a Redis repository, consider annotating your entities with one of these annotations: org.springframework.data.redis.core.RedisHash (preferred), or consider extending one of the following types with your repository: org.springframework.data.keyvalue.repository.KeyValueRepository
2026-05-18 20:57:18 INFO  [main] o.s.d.r.c.RepositoryConfigurationDelegate - Finished Spring Data repository scanning in 7 ms. Found 0 Redis repository interfaces.
2026-05-18 20:57:19 INFO  [main] o.s.b.w.e.tomcat.TomcatWebServer - Tomcat initialized with port 8080 (http)
2026-05-18 20:57:19 INFO  [main] o.a.coyote.http11.Http11NioProtocol - Initializing ProtocolHandler ["http-nio-8080"]
2026-05-18 20:57:19 INFO  [main] o.a.catalina.core.StandardService - Starting service [Tomcat]
2026-05-18 20:57:19 INFO  [main] o.a.catalina.core.StandardEngine - Starting Servlet engine: [Apache Tomcat/10.1.16]
2026-05-18 20:57:19 INFO  [main] o.a.c.c.C.[Tomcat].[localhost].[/] - Initializing Spring embedded WebApplicationContext
2026-05-18 20:57:19 INFO  [main] o.s.b.w.s.c.ServletWebServerApplicationContext - Root WebApplicationContext: initialization completed in 3043 ms
2026-05-18 20:57:19 INFO  [main] o.h.jpa.internal.util.LogHelper - HHH000204: Processing PersistenceUnitInfo [name: default]
2026-05-18 20:57:19 INFO  [main] org.hibernate.Version - HHH000412: Hibernate ORM core version 6.3.1.Final
2026-05-18 20:57:20 INFO  [main] o.h.c.i.RegionFactoryInitiator - HHH000026: Second-level cache disabled
2026-05-18 20:57:20 INFO  [main] o.s.o.j.p.SpringPersistenceUnitInfo - No LoadTimeWeaver setup: ignoring JPA class transformer
2026-05-18 20:57:20 INFO  [main] com.zaxxer.hikari.HikariDataSource - HikariPool-1 - Starting...
2026-05-18 20:57:20 INFO  [main] com.zaxxer.hikari.pool.HikariPool - HikariPool-1 - Added connection org.postgresql.jdbc.PgConnection@5e66733b
2026-05-18 20:57:20 INFO  [main] com.zaxxer.hikari.HikariDataSource - HikariPool-1 - Start completed.
2026-05-18 20:57:20 WARN  [main] org.hibernate.orm.deprecation - HHH90000025: PostgreSQLDialect does not need to be specified explicitly using 'hibernate.dialect' (remove the property setting and it will be selected by default)
2026-05-18 20:57:21 INFO  [main] o.h.e.t.j.p.i.JtaPlatformInitiator - HHH000489: No JTA platform available (set 'hibernate.transaction.jta.platform' to enable JTA platform integration)
2026-05-18 20:57:21 INFO  [main] o.s.o.j.LocalContainerEntityManagerFactoryBean - Initialized JPA EntityManagerFactory for persistence unit 'default'
2026-05-18 20:57:22 DEBUG [main] c.p.a.s.JwtAuthenticationFilter - Filter 'jwtAuthenticationFilter' configured for use
2026-05-18 20:57:22 DEBUG [main] o.s.w.f.ServerHttpObservationFilter - Filter 'webMvcObservationFilter' configured for use
2026-05-18 20:57:22 INFO  [main] o.s.d.j.r.query.QueryEnhancerFactory - Hibernate is in classpath; If applicable, HQL parser will be used.
2026-05-18 20:57:23 WARN  [main] o.s.b.a.o.j.JpaBaseConfiguration$JpaWebConfiguration - spring.jpa.open-in-view is enabled by default. Therefore, database queries may be performed during view rendering. Explicitly configure spring.jpa.open-in-view to disable this warning
2026-05-18 20:57:24 DEBUG [main] o.s.w.s.m.m.a.RequestMappingHandlerMapping - 64 mappings in 'requestMappingHandlerMapping'
2026-05-18 20:57:24 DEBUG [main] o.s.w.s.h.SimpleUrlHandlerMapping - Patterns [/swagger-ui*/*swagger-initializer.js, /swagger-ui*/**] in 'resourceHandlerMapping'
2026-05-18 20:57:24 DEBUG [main] o.s.w.s.m.m.a.RequestMappingHandlerAdapter - ControllerAdvice beans: 0 @ModelAttribute, 0 @InitBinder, 1 RequestBodyAdvice, 1 ResponseBodyAdvice
2026-05-18 20:57:24 DEBUG [main] o.s.w.s.m.m.a.ExceptionHandlerExceptionResolver - ControllerAdvice beans: 2 @ExceptionHandler, 1 ResponseBodyAdvice
2026-05-18 20:57:24 INFO  [main] o.s.b.a.e.web.EndpointLinksResolver - Exposing 1 endpoint(s) beneath base path '/actuator'
2026-05-18 20:57:24 INFO  [main] o.s.s.web.DefaultSecurityFilterChain - Will secure any request with [org.springframework.security.web.session.DisableEncodeUrlFilter@2b5f49de, org.springframework.security.web.context.request.async.WebAsyncManagerIntegrationFilter@749e4d40, org.springframework.security.web.context.SecurityContextHolderFilter@1dbecb0a, org.springframework.security.web.header.HeaderWriterFilter@5ab30bb4, org.springframework.web.filter.CorsFilter@2e884ee5, org.springframework.security.web.authentication.logout.LogoutFilter@70a8ebfc, com.plants.api.security.JwtAuthenticationFilter@68330024, org.springframework.security.web.savedrequest.RequestCacheAwareFilter@5c664da9, org.springframework.security.web.servletapi.SecurityContextHolderAwareRequestFilter@24f90b34, org.springframework.security.web.authentication.AnonymousAuthenticationFilter@7b274a1c, org.springframework.security.web.session.SessionManagementFilter@19b019a6, org.springframework.security.web.access.ExceptionTranslationFilter@35bd146b, org.springframework.security.web.access.intercept.AuthorizationFilter@3460165f]
2026-05-18 20:57:25 INFO  [main] o.a.coyote.http11.Http11NioProtocol - Starting ProtocolHandler ["http-nio-8080"]
2026-05-18 20:57:25 INFO  [main] o.s.b.w.e.tomcat.TomcatWebServer - Tomcat started on port 8080 (http) with context path ''
2026-05-18 20:57:25 INFO  [main] com.plants.api.ApiApplication - Started ApiApplication in 9.766 seconds (process running for 10.511)
2026-05-18 20:57:25 INFO  [RMI TCP Connection(3)-192.168.1.118] o.a.c.c.C.[Tomcat].[localhost].[/] - Initializing Spring DispatcherServlet 'dispatcherServlet'
2026-05-18 20:57:25 INFO  [RMI TCP Connection(3)-192.168.1.118] o.s.web.servlet.DispatcherServlet - Initializing Servlet 'dispatcherServlet'
2026-05-18 20:57:25 DEBUG [RMI TCP Connection(3)-192.168.1.118] o.s.web.servlet.DispatcherServlet - Detected StandardServletMultipartResolver
2026-05-18 20:57:25 DEBUG [RMI TCP Connection(3)-192.168.1.118] o.s.web.servlet.DispatcherServlet - Detected AcceptHeaderLocaleResolver
2026-05-18 20:57:25 DEBUG [RMI TCP Connection(3)-192.168.1.118] o.s.web.servlet.DispatcherServlet - Detected FixedThemeResolver
2026-05-18 20:57:25 DEBUG [RMI TCP Connection(3)-192.168.1.118] o.s.web.servlet.DispatcherServlet - Detected org.springframework.web.servlet.view.DefaultRequestToViewNameTranslator@7ec01520
2026-05-18 20:57:25 DEBUG [RMI TCP Connection(3)-192.168.1.118] o.s.web.servlet.DispatcherServlet - Detected org.springframework.web.servlet.support.SessionFlashMapManager@1931d9f3
2026-05-18 20:57:25 DEBUG [RMI TCP Connection(3)-192.168.1.118] o.s.web.servlet.DispatcherServlet - enableLoggingRequestDetails='false': request parameters and headers will be masked to prevent unsafe logging of potentially sensitive data
2026-05-18 20:57:25 INFO  [RMI TCP Connection(3)-192.168.1.118] o.s.web.servlet.DispatcherServlet - Completed initialization in 3 ms
2026-05-18 21:03:05 WARN  [http-nio-8080-exec-1] o.s.w.s.h.HandlerMappingIntrospector - Cache miss for REQUEST dispatch to '/v3/api-docs/Huiles' (previous null). Performing MatchableHandlerMapping lookup. This is logged once only at WARN level, and every time at TRACE.
2026-05-18 21:03:05 DEBUG [http-nio-8080-exec-1] o.s.web.servlet.DispatcherServlet - GET "/v3/api-docs/Huiles", parameters={}
2026-05-18 21:03:05 DEBUG [http-nio-8080-exec-1] o.s.w.s.m.m.a.RequestMappingHandlerMapping - Mapped to org.springdoc.webmvc.api.MultipleOpenApiWebMvcResource#openapiJson(HttpServletRequest, String, String, Locale)
2026-05-18 21:03:06 INFO  [http-nio-8080-exec-1] o.s.api.AbstractOpenApiResource - Init duration for springdoc-openapi is: 710 ms
2026-05-18 21:03:06 DEBUG [http-nio-8080-exec-1] o.s.w.s.m.m.a.RequestResponseBodyMethodProcessor - Using 'application/json', given [application/json, */*] and supported [application/json]
2026-05-18 21:03:06 DEBUG [http-nio-8080-exec-1] o.s.w.s.m.m.a.RequestResponseBodyMethodProcessor - Writing [{123, 34, 111, 112, 101, 110, 97, 112, 105, 34, 58, 34, 51, 46, 48, 46, 49, 34, 44, 34, 105, 110, 10 (truncated)...]
2026-05-18 21:03:06 DEBUG [http-nio-8080-exec-1] o.s.web.servlet.DispatcherServlet - Completed 200 OK
2026-05-18 21:03:16 DEBUG [http-nio-8080-exec-5] o.s.web.servlet.DispatcherServlet - GET "/api/oils?page=0&size=10&sort=name%2CASC", parameters={masked}
2026-05-18 21:03:16 DEBUG [http-nio-8080-exec-5] o.s.w.s.m.m.a.RequestMappingHandlerMapping - Mapped to com.plants.api.controllers.OilController#getAllOils(Pageable)
2026-05-18 21:03:16 DEBUG [http-nio-8080-exec-5] org.hibernate.SQL - 
    select
        o1_0.id,
        o1_0.affiliate_link,
        o1_0.description,
        o1_0.image_url,
        o1_0.name,
        o1_0.plant_id 
    from
        oils o1_0 
    order by
        o1_0.name 
    offset
        ? rows 
    fetch
        first ? rows only
2026-05-18 21:03:16 DEBUG [http-nio-8080-exec-5] org.hibernate.SQL - 
    select
        count(o1_0.id) 
    from
        oils o1_0
2026-05-18 21:03:16 DEBUG [http-nio-8080-exec-5] org.hibernate.SQL - 
    select
        p1_0.id,
        p1_0.affiliate_link,
        p1_0.description,
        p1_0.image_url,
        p1_0.name,
        p1_0.origin,
        p1_0.season_found 
    from
        plants p1_0 
    where
        p1_0.id=?
2026-05-18 21:03:16 DEBUG [http-nio-8080-exec-5] org.hibernate.SQL - 
    select
        b1_0.oil_id,
        b1_0.benefit 
    from
        oil_benefits b1_0 
    where
        b1_0.oil_id=?
2026-05-18 21:03:16 DEBUG [http-nio-8080-exec-5] org.hibernate.SQL - 
    select
        p1_0.oil_id,
        p1_0.precaution 
    from
        oil_precautions p1_0 
    where
        p1_0.oil_id=?
2026-05-18 21:03:16 DEBUG [http-nio-8080-exec-5] org.hibernate.SQL - 
    select
        p1_0.id,
        p1_0.affiliate_link,
        p1_0.description,
        p1_0.image_url,
        p1_0.name,
        p1_0.origin,
        p1_0.season_found 
    from
        plants p1_0 
    where
        p1_0.id=?
2026-05-18 21:03:16 DEBUG [http-nio-8080-exec-5] org.hibernate.SQL - 
    select
        b1_0.oil_id,
        b1_0.benefit 
    from
        oil_benefits b1_0 
    where
        b1_0.oil_id=?
2026-05-18 21:03:16 DEBUG [http-nio-8080-exec-5] org.hibernate.SQL - 
    select
        p1_0.oil_id,
        p1_0.precaution 
    from
        oil_precautions p1_0 
    where
        p1_0.oil_id=?
2026-05-18 21:03:16 DEBUG [http-nio-8080-exec-5] org.hibernate.SQL - 
    select
        p1_0.id,
        p1_0.affiliate_link,
        p1_0.description,
        p1_0.image_url,
        p1_0.name,
        p1_0.origin,
        p1_0.season_found 
    from
        plants p1_0 
    where
        p1_0.id=?
2026-05-18 21:03:16 DEBUG [http-nio-8080-exec-5] org.hibernate.SQL - 
    select
        b1_0.oil_id,
        b1_0.benefit 
    from
        oil_benefits b1_0 
    where
        b1_0.oil_id=?
2026-05-18 21:03:16 DEBUG [http-nio-8080-exec-5] org.hibernate.SQL - 
    select
        p1_0.oil_id,
        p1_0.precaution 
    from
        oil_precautions p1_0 
    where
        p1_0.oil_id=?
2026-05-18 21:03:16 DEBUG [http-nio-8080-exec-5] org.hibernate.SQL - 
    select
        p1_0.id,
        p1_0.affiliate_link,
        p1_0.description,
        p1_0.image_url,
        p1_0.name,
        p1_0.origin,
        p1_0.season_found 
    from
        plants p1_0 
    where
        p1_0.id=?
2026-05-18 21:03:16 DEBUG [http-nio-8080-exec-5] org.hibernate.SQL - 
    select
        b1_0.oil_id,
        b1_0.benefit 
    from
        oil_benefits b1_0 
    where
        b1_0.oil_id=?
2026-05-18 21:03:16 DEBUG [http-nio-8080-exec-5] org.hibernate.SQL - 
    select
        p1_0.oil_id,
        p1_0.precaution 
    from
        oil_precautions p1_0 
    where
        p1_0.oil_id=?
2026-05-18 21:03:16 DEBUG [http-nio-8080-exec-5] org.hibernate.SQL - 
    select
        p1_0.id,
        p1_0.affiliate_link,
        p1_0.description,
        p1_0.image_url,
        p1_0.name,
        p1_0.origin,
        p1_0.season_found 
    from
        plants p1_0 
    where
        p1_0.id=?
2026-05-18 21:03:16 DEBUG [http-nio-8080-exec-5] org.hibernate.SQL - 
    select
        b1_0.oil_id,
        b1_0.benefit 
    from
        oil_benefits b1_0 
    where
        b1_0.oil_id=?
2026-05-18 21:03:16 DEBUG [http-nio-8080-exec-5] org.hibernate.SQL - 
    select
        p1_0.oil_id,
        p1_0.precaution 
    from
        oil_precautions p1_0 
    where
        p1_0.oil_id=?
2026-05-18 21:03:16 DEBUG [http-nio-8080-exec-5] org.hibernate.SQL - 
    select
        p1_0.id,
        p1_0.affiliate_link,
        p1_0.description,
        p1_0.image_url,
        p1_0.name,
        p1_0.origin,
        p1_0.season_found 
    from
        plants p1_0 
    where
        p1_0.id=?
2026-05-18 21:03:16 DEBUG [http-nio-8080-exec-5] org.hibernate.SQL - 
    select
        b1_0.oil_id,
        b1_0.benefit 
    from
        oil_benefits b1_0 
    where
        b1_0.oil_id=?
2026-05-18 21:03:16 DEBUG [http-nio-8080-exec-5] org.hibernate.SQL - 
    select
        p1_0.oil_id,
        p1_0.precaution 
    from
        oil_precautions p1_0 
    where
        p1_0.oil_id=?
2026-05-18 21:03:16 DEBUG [http-nio-8080-exec-5] org.hibernate.SQL - 
    select
        p1_0.id,
        p1_0.affiliate_link,
        p1_0.description,
        p1_0.image_url,
        p1_0.name,
        p1_0.origin,
        p1_0.season_found 
    from
        plants p1_0 
    where
        p1_0.id=?
2026-05-18 21:03:16 DEBUG [http-nio-8080-exec-5] org.hibernate.SQL - 
    select
        b1_0.oil_id,
        b1_0.benefit 
    from
        oil_benefits b1_0 
    where
        b1_0.oil_id=?
2026-05-18 21:03:16 DEBUG [http-nio-8080-exec-5] org.hibernate.SQL - 
    select
        p1_0.oil_id,
        p1_0.precaution 
    from
        oil_precautions p1_0 
    where
        p1_0.oil_id=?
2026-05-18 21:03:16 DEBUG [http-nio-8080-exec-5] org.hibernate.SQL - 
    select
        p1_0.id,
        p1_0.affiliate_link,
        p1_0.description,
        p1_0.image_url,
        p1_0.name,
        p1_0.origin,
        p1_0.season_found 
    from
        plants p1_0 
    where
        p1_0.id=?
2026-05-18 21:03:16 DEBUG [http-nio-8080-exec-5] org.hibernate.SQL - 
    select
        b1_0.oil_id,
        b1_0.benefit 
    from
        oil_benefits b1_0 
    where
        b1_0.oil_id=?
2026-05-18 21:03:16 DEBUG [http-nio-8080-exec-5] org.hibernate.SQL - 
    select
        p1_0.oil_id,
        p1_0.precaution 
    from
        oil_precautions p1_0 
    where
        p1_0.oil_id=?
2026-05-18 21:03:16 DEBUG [http-nio-8080-exec-5] org.hibernate.SQL - 
    select
        p1_0.id,
        p1_0.affiliate_link,
        p1_0.description,
        p1_0.image_url,
        p1_0.name,
        p1_0.origin,
        p1_0.season_found 
    from
        plants p1_0 
    where
        p1_0.id=?
2026-05-18 21:03:16 DEBUG [http-nio-8080-exec-5] org.hibernate.SQL - 
    select
        b1_0.oil_id,
        b1_0.benefit 
    from
        oil_benefits b1_0 
    where
        b1_0.oil_id=?
2026-05-18 21:03:16 DEBUG [http-nio-8080-exec-5] org.hibernate.SQL - 
    select
        p1_0.oil_id,
        p1_0.precaution 
    from
        oil_precautions p1_0 
    where
        p1_0.oil_id=?
2026-05-18 21:03:16 DEBUG [http-nio-8080-exec-5] org.hibernate.SQL - 
    select
        p1_0.id,
        p1_0.affiliate_link,
        p1_0.description,
        p1_0.image_url,
        p1_0.name,
        p1_0.origin,
        p1_0.season_found 
    from
        plants p1_0 
    where
        p1_0.id=?
2026-05-18 21:03:16 DEBUG [http-nio-8080-exec-5] org.hibernate.SQL - 
    select
        b1_0.oil_id,
        b1_0.benefit 
    from
        oil_benefits b1_0 
    where
        b1_0.oil_id=?
2026-05-18 21:03:16 DEBUG [http-nio-8080-exec-5] org.hibernate.SQL - 
    select
        p1_0.oil_id,
        p1_0.precaution 
    from
        oil_precautions p1_0 
    where
        p1_0.oil_id=?
2026-05-18 21:03:16 DEBUG [http-nio-8080-exec-5] o.s.w.s.m.m.a.HttpEntityMethodProcessor - Using 'application/json', given [*/*] and supported [application/json, application/*+json]
2026-05-18 21:03:16 DEBUG [http-nio-8080-exec-5] o.s.w.s.m.m.a.HttpEntityMethodProcessor - Writing [Page 1 of 2 containing com.plants.api.dto.responses.OilResponse instances]
2026-05-18 21:03:16 DEBUG [http-nio-8080-exec-5] o.s.web.servlet.DispatcherServlet - Completed 200 OK
